term,category
acetic,acid
achiote,aromatic
acid,acid
agave,sweet
aji,pepper
aleppo,pepper
allspice,aromatic
anaheim,pepper
ancho,pepper
anchovy,umami
and,other
annatto,aromatic
apple,acid
apricot,produce
arbol,pepper
arrowroot,thickener
ascorbic,preservative
avocado,oil
balsamic,acid
basil,aromatic
bay,aromatic
beet,produce
bell,produce
benzoate,preservative
bhut,pepper
bird,pepper
bisulfite,preservative
bonito,umami
bonnet,pepper
brine,other
brown,sweet
butter,dairy_egg
calabrian,pepper
calcium,preservative
cane,sweet
canola,oil
capsaicin,other
capsicum,other
caramel,other
cardamom,aromatic
carolina,pepper
carrageenan,thickener
carrot,produce
carrots,produce
cascabel,pepper
cayenne,pepper
celery,aromatic
cellulose,thickener
cheese,dairy_egg
chile,pepper
chiles,pepper
chili,pepper
chilli,pepper
chipotle,pepper
chloride,preservative
cider,acid
cilantro,aromatic
cinnamon,aromatic
citrate,preservative
citric,acid
clove,aromatic
coconut,oil
color,other
colors,other
concentrate,other
contains,other
coriander,aromatic
corn,produce
cornstarch,thickener
cream,dairy_egg
cucumber,produce
culture,other
cultured,other
cumin,aromatic
date,produce
datil,pepper
dehydrated,other
dextrose,sweet
dill,aromatic
distilled,acid
dried,other
edta,preservative
egg,dairy_egg
erythorbate,preservative
erythritol,sweet
extract,umami
fatalii,pepper
fennel,aromatic
fermented,other
fig,produce
filtered,other
fish,umami
flavor,other
flavoring,other
flavors,other
fresno,pepper
fructose,sweet
garlic,pepper
ghost,pepper
ginger,aromatic
glucose,sweet
glutamate,umami
grapeseed,oil
guajillo,pepper
guar,thickener
gum,thickener
habanero,pepper
hatch,pepper
honey,sweet
jalapeno,pepper
jalapeño,pepper
jolokia,pepper
juice,acid
kelp,umami
kosher,other
lactic,acid
lemon,acid
less,other
lime,acid
malic,acid
mango,produce
maple,sweet
mash,other
may,other
milk,dairy_egg
miso,umami
modified,thickener
molasses,sweet
monosodium,umami
msg,umami
mulato,pepper
mushroom,umami
mustard,aromatic
naga,pepper
natural,other
nutmeg,aromatic
of,other
oil,oil
oleoresin,other
olive,oil
onion,pepper
or,other
orange,produce
oregano,aromatic
organic,other
papaya,produce
paprika,aromatic
parsley,aromatic
pasilla,pepper
passion,produce
peach,produce
pectin,thickener
pepper,pepper
peppers,pepper
pequin,pepper
pineapple,produce
piquin,pepper
poblano,pepper
potassium,preservative
powder,other
pumpkin,produce
puree,other
raisin,produce
reaper,pepper
rice,acid
roasted,other
rocoto,pepper
rosemary,aromatic
safflower,oil
salt,pepper
sauce,umami
scorpion,pepper
scotch,pepper
sea,other
serrano,pepper
sesame,oil
sherry,acid
shishito,pepper
smoked,aromatic
sodium,preservative
sorbate,preservative
soy,umami
soybean,oil
spice,other
spices,other
squash,produce
starch,thickener
stevia,sweet
sucralose,sweet
sugar,pepper
sunflower,oil
syrup,sweet
tabasco,pepper
tamarind,acid
tapioca,thickener
thai,pepper
than,other
thyme,aromatic
tomatillo,produce
tomato,pepper
trinidad,pepper
turmeric,aromatic
vegetable,oil
vinegar,pepper
vinegars,acid
water,pepper
whey,dairy_egg
white,acid
wine,acid
with,other
worcestershire,umami
xanthan,thickener
yeast,umami
yolk,dairy_egg
aan,off_corpus
aardappel,off_corpus
aardappelen,off_corpus
aardappelzetmeel,off_corpus
aardbei,off_corpus
aardbeien,off_corpus
abattus,off_corpus
abcde,off_corpus
abeja,off_corpus
abf,off_corpus
abierto,off_corpus
ability,off_corpus
about,off_corpus
above,off_corpus
abricot,off_corpus
abricots,off_corpus
abrir,off_corpus
acacia,off_corpus
acai,off_corpus
according,off_corpus
acd,off_corpus
ace,off_corpus
aceite,off_corpus
aceites,off_corpus
aceituna,off_corpus
aceitunas,off_corpus
acentuador,off_corpus
acerola,off_corpus
acessulfame,off_corpus
acesulfaam-k,off_corpus
acesulfam,off_corpus
acesulfam-k,off_corpus
acesulfame,off_corpus
acesulfame-k,off_corpus
acesulfame-potassium,off_corpus
acesulfamo,off_corpus
acetate,off_corpus
acetates,off_corpus
acetato,off_corpus
aceto,off_corpus
acetylated,off_corpus
ach,off_corpus
achicoria,off_corpus
aci,off_corpus
acide,off_corpus
acides,off_corpus
acidez,off_corpus
acidi,off_corpus
acidifiant,off_corpus
acidifiants,off_corpus
acidificante,off_corpus
acidificanti,off_corpus
acidifier,off_corpus
acidifiers,off_corpus
acidifying,off_corpus
acidit,off_corpus
aciditate,off_corpus
acidity,off_corpus
acido,off_corpus
acidophilus,off_corpus
acidos,off_corpus
acids,off_corpus
acidul,off_corpus
acidulant,off_corpus
acidulante,off_corpus
acidulantes,off_corpus
acidulants,off_corpus
acizi,off_corpus
acizilor,off_corpus
ackerbohnenprotein,off_corpus
acqua,off_corpus
acrylates,off_corpus
act,off_corpus
actiregularis,off_corpus
active,off_corpus
activity,off_corpus
actual,off_corpus
ada,off_corpus
add,off_corpus
added,off_corpus
addensante,off_corpus
addensanti,off_corpus
additif,off_corpus
additifs,off_corpus
addition,off_corpus
additional,off_corpus
additive,off_corpus
additives,off_corpus
adds,off_corpus
ade,off_corpus
adidos,off_corpus
adipic,off_corpus
aditivos,off_corpus
adniki,off_corpus
ado,off_corpus
adobo,off_corpus
adult,off_corpus
adulto,off_corpus
adults,off_corpus
adverse,off_corpus
advice,off_corpus
aestivum,off_corpus
affermissant,off_corpus
affin,off_corpus
affumicatura,off_corpus
afin,off_corpus
afkomstig,off_corpus
africa,off_corpus
afrique,off_corpus
after,off_corpus
agar,off_corpus
agar-agar,off_corpus
agaricus,off_corpus
agavendicksaft,off_corpus
age,off_corpus
aged,off_corpus
agen,off_corpus
agent,off_corpus
agente,off_corpus
agentes,off_corpus
agenti,off_corpus
agents,off_corpus
agiter,off_corpus
aglio,off_corpus
agricole,off_corpus
agricoles,off_corpus
agricoltura,off_corpus
agricultura,off_corpus
agriculture,off_corpus
agrobacterium,off_corpus
agrumes,off_corpus
agrumi,off_corpus
agua,off_corpus
ahumado,off_corpus
aid,off_corpus
aids,off_corpus
aigre,off_corpus
aigua,off_corpus
aiguillettes,off_corpus
ail,off_corpus
aine,off_corpus
aineet,off_corpus
ainesosat,off_corpus
air,off_corpus
ais,off_corpus
aise,off_corpus
aislada,off_corpus
aislado,off_corpus
ait,off_corpus
ajo,off_corpus
ajonjol,off_corpus
ajout,off_corpus
ajouter,off_corpus
ala,off_corpus
alanine,off_corpus
alaska,off_corpus
alb,off_corpus
alba,off_corpus
albacares,off_corpus
albacore,off_corpus
albahaca,off_corpus
albicocca,off_corpus
albicocche,off_corpus
albume,off_corpus
albumen,off_corpus
albumine,off_corpus
alc,off_corpus
alcohol,off_corpus
alcoholic,off_corpus
alcol,off_corpus
alcool,off_corpus
aldi,off_corpus
ale,off_corpus
alerg,off_corpus
alergicos,off_corpus
ales,off_corpus
alfalfa,off_corpus
alfarroba,off_corpus
alga,off_corpus
algae,off_corpus
algal,off_corpus
algarrobo,off_corpus
alginate,off_corpus
alginato,off_corpus
algod,off_corpus
algue,off_corpus
algues,off_corpus
alho,off_corpus
ali,off_corpus
aliejus,off_corpus
aliment,off_corpus
alimentaire,off_corpus
alimentaires,off_corpus
alimentar,off_corpus
alimentare,off_corpus
alimentaria,off_corpus
alimentation,off_corpus
alimento,off_corpus
alimentos,off_corpus
aliments,off_corpus
alkali,off_corpus
alkalized,off_corpus
alkohol,off_corpus
alkuper,off_corpus
alkyl,off_corpus
all,off_corpus
alla,off_corpus
alle,off_corpus
allemagne,off_corpus
allerg,off_corpus
allergen,off_corpus
allergene,off_corpus
allergenen,off_corpus
allergenes,off_corpus
allergeni,off_corpus
allergens,off_corpus
allergic,off_corpus
allergie,off_corpus
allergie-informatie,off_corpus
allergies,off_corpus
allergiker,off_corpus
allergiques,off_corpus
allergy,off_corpus
allevamento,off_corpus
allevate,off_corpus
alliance,off_corpus
alliance-zertifiziert,off_corpus
allow,off_corpus
allulose,off_corpus
allura,off_corpus
almendra,off_corpus
almendras,off_corpus
almid,off_corpus
almidon,off_corpus
almond,off_corpus
almondmilk,off_corpus
almonds,off_corpus
aloe,off_corpus
alpes,off_corpus
alpha,off_corpus
alpha-amylase,off_corpus
alpha-tocoph,off_corpus
alpha-tocopherol,off_corpus
alpha-tocopheryl,off_corpus
alpin,off_corpus
alpina,off_corpus
als,off_corpus
also,off_corpus
alt,off_corpus
alta,off_corpus
alte,off_corpus
alternative,off_corpus
although,off_corpus
alto,off_corpus
altra,off_corpus
altri,off_corpus
alu,off_corpus
alum,off_corpus
aluminio,off_corpus
aluminium,off_corpus
aluminosilicate,off_corpus
aluminum,off_corpus
alune,off_corpus
always,off_corpus
amande,off_corpus
amandel,off_corpus
amandelen,off_corpus
amandes,off_corpus
amaranth,off_corpus
amaranto,off_corpus
amarilla,off_corpus
amarillo,off_corpus
ambalaj,off_corpus
ambiante,off_corpus
ambiente,off_corpus
amelyb,off_corpus
amendoim,off_corpus
amendoins,off_corpus
america,off_corpus
american,off_corpus
amestec,off_corpus
amid,off_corpus
amido,off_corpus
amidon,off_corpus
amidons,off_corpus
amin,off_corpus
amino,off_corpus
aminos,off_corpus
amla,off_corpus
ammonia,off_corpus
ammoniacal,off_corpus
ammonio,off_corpus
ammonium,off_corpus
ammoniumcarbonate,off_corpus
ammoniumcarbonaten,off_corpus
ammoniumhydrogencarbonat,off_corpus
ammonsulfit-zuckerkul,off_corpus
amonio,off_corpus
amoniu,off_corpus
amonu,off_corpus
amount,off_corpus
amounts,off_corpus
amylase,off_corpus
amylases,off_corpus
ana,off_corpus
anacardi,off_corpus
anacardos,off_corpus
analyse,off_corpus
anan,off_corpus
ananas,off_corpus
ananassaft,off_corpus
ananassaftkonzentrat,off_corpus
anbau,off_corpus
anchoa,off_corpus
anchois,off_corpus
anchovies,off_corpus
ancient,off_corpus
andere,off_corpus
anderen,off_corpus
andre,off_corpus
aneth,off_corpus
angus,off_corpus
anhidra,off_corpus
anhydre,off_corpus
anhydride,off_corpus
anhydrous,off_corpus
anidride,off_corpus
anidro,off_corpus
animal,off_corpus
animale,off_corpus
anis,off_corpus
anise,off_corpus
aniseed,off_corpus
annato,off_corpus
annuus,off_corpus
ano,off_corpus
ans,off_corpus
ant,off_corpus
ante,off_corpus
antes,off_corpus
anthocyane,off_corpus
anthocyanes,off_corpus
anthocyanin,off_corpus
anthocyanins,off_corpus
anti,off_corpus
anti-agglom,off_corpus
anti-caking,off_corpus
anti-foaming,off_corpus
anti-oxidant,off_corpus
anti-oxydant,off_corpus
antiagglom,off_corpus
antiaglomerante,off_corpus
antiaglutinante,off_corpus
antibiotics,off_corpus
antibiotique,off_corpus
anticake,off_corpus
anticaking,off_corpus
antiklontermiddel,off_corpus
antioksidan,off_corpus
antioksidans,off_corpus
antioksidant,off_corpus
antiossidante,off_corpus
antiossidanti,off_corpus
antioxid,off_corpus
antioxidant,off_corpus
antioxidante,off_corpus
antioxidanten,off_corpus
antioxidantes,off_corpus
antioxidants,off_corpus
antioxidations,off_corpus
antioxidationsmedel,off_corpus
antioxidationsmittel,off_corpus
antioxydant,off_corpus
antioxydants,off_corpus
antioxyg,off_corpus
antocianinas,off_corpus
ants,off_corpus
any,off_corpus
anyag,off_corpus
anyagok,off_corpus
aoc,off_corpus
aop,off_corpus
apa,off_corpus
aperto,off_corpus
apfel,off_corpus
apfelessig,off_corpus
apfelmark,off_corpus
apfelp,off_corpus
apfels,off_corpus
apfelsaft,off_corpus
apfelsaftkonzentrat,off_corpus
apfelst,off_corpus
apio,off_corpus
apo-carotenal,off_corpus
apocarotenal,off_corpus
appel,off_corpus
appellation,off_corpus
appelsap,off_corpus
appelzuur,off_corpus
apples,off_corpus
applewood,off_corpus
appliances,off_corpus
apport,off_corpus
approved,off_corpus
approx,off_corpus
apr,off_corpus
apricots,off_corpus
aprikosen,off_corpus
aprikosenkerne,off_corpus
aprox,off_corpus
aqua,off_corpus
ara,off_corpus
arabic,off_corpus
arabica,off_corpus
arabicum,off_corpus
arabique,off_corpus
arabische,off_corpus
arachide,off_corpus
arachides,off_corpus
arachidi,off_corpus
arachidowe,off_corpus
arahide,off_corpus
arancia,off_corpus
arate,off_corpus
arborio,off_corpus
arc-en-ciel,off_corpus
ardei,off_corpus
are,off_corpus
area,off_corpus
argentina,off_corpus
argentine,off_corpus
argopecten,off_corpus
arine,off_corpus
armagnac,off_corpus
aro,off_corpus
arom,off_corpus
aroma,off_corpus
aroma's,off_corpus
aromaer,off_corpus
aromas,off_corpus
aromat,off_corpus
aromata,off_corpus
aromate,off_corpus
aromates,off_corpus
aromatic,off_corpus
aromatiche,off_corpus
aromatique,off_corpus
aromatiques,off_corpus
aromatis,off_corpus
aromatisante,off_corpus
aromatisantes,off_corpus
aromatiz,off_corpus
aromatizante,off_corpus
aromatizantes,off_corpus
aromaty,off_corpus
arome,off_corpus
aromen,off_corpus
aromer,off_corpus
aromes,off_corpus
aromi,off_corpus
aromit,off_corpus
aronia,off_corpus
aroyl-,off_corpus
arroz,off_corpus
art,off_corpus
artichauts,off_corpus
artichoke,off_corpus
artichokes,off_corpus
artifical,off_corpus
artificiais,off_corpus
artificial,off_corpus
artificiales,off_corpus
artificially,off_corpus
artificiel,off_corpus
artificiels,off_corpus
arugula,off_corpus
asadero,off_corpus
asafoetida,off_corpus
asc,off_corpus
asciutto,off_corpus
ascorbat,off_corpus
ascorbate,off_corpus
ascorbato,off_corpus
ascorbico,off_corpus
ascorbilo,off_corpus
ascorbinezuur,off_corpus
ascorbins,off_corpus
ascorbique,off_corpus
ascorbyl,off_corpus
asda,off_corpus
ase,off_corpus
ashwagandha,off_corpus
asiago,off_corpus
asit,off_corpus
asitlik,off_corpus
ask,off_corpus
askorbinowy,off_corpus
askorbinska,off_corpus
askorbinsyra,off_corpus
askorbinsyre,off_corpus
asparagus,off_corpus
aspartaam,off_corpus
aspartam,off_corpus
aspartame,off_corpus
aspartamo,off_corpus
asperges,off_corpus
aspergillus,off_corpus
assaisonn,off_corpus
assaisonnement,off_corpus
assorted,off_corpus
assortiment,off_corpus
astragalus,off_corpus
ata,off_corpus
ate,off_corpus
atelier,off_corpus
aten,off_corpus
atenci,off_corpus
atki,off_corpus
atlantic,off_corpus
atlantique,off_corpus
atm,off_corpus
atmosf,off_corpus
atmosfeer,off_corpus
atmosfera,off_corpus
atmosph,off_corpus
atmosphere,off_corpus
atov,off_corpus
attention,off_corpus
atum,off_corpus
aubergine,off_corpus
auberginen,off_corpus
aubergines,off_corpus
auch,off_corpus
auckland,off_corpus
auf,off_corpus
aufbewahren,off_corpus
aufbrauchen,off_corpus
aufdruck,off_corpus
aufguss,off_corpus
aurantium,off_corpus
auringonkukka,off_corpus
aus,off_corpus
ausgewogene,off_corpus
aussi,off_corpus
australia,off_corpus
australian,off_corpus
austria,off_corpus
autolyzed,off_corpus
autoris,off_corpus
autre,off_corpus
autres,off_corpus
aux,off_corpus
ava,off_corpus
avant,off_corpus
avati,off_corpus
ave,off_corpus
avec,off_corpus
aveia,off_corpus
avel,off_corpus
avellana,off_corpus
avellanas,off_corpus
avena,off_corpus
avenue,off_corpus
average,off_corpus
avg,off_corpus
avocados,off_corpus
avocat,off_corpus
avoid,off_corpus
avoine,off_corpus
avoir,off_corpus
away,off_corpus
azeite,off_corpus
azijn,off_corpus
azijnzuur,off_corpus
azodicarbonamide,off_corpus
azotyn,off_corpus
azucar,off_corpus
azucares,off_corpus
azul,off_corpus
azyme,off_corpus
babeurre,off_corpus
baby,off_corpus
bac,off_corpus
bacche,off_corpus
bacillus,off_corpus
back,off_corpus
backen,off_corpus
backhefe,off_corpus
backofen,off_corpus
backpulver,off_corpus
backtriebmittel,off_corpus
bacon,off_corpus
bact,off_corpus
bacteria,off_corpus
bacterial,off_corpus
badiane,off_corpus
bag,off_corpus
bagel,off_corpus
bags,off_corpus
baguette,off_corpus
baie,off_corpus
baies,off_corpus
bajo,off_corpus
bak,off_corpus
bake,off_corpus
baked,off_corpus
baker's,off_corpus
bakers,off_corpus
bakery,off_corpus
baking,off_corpus
bakkersgist,off_corpus
bakkerszout,off_corpus
bakpulver,off_corpus
bakterii,off_corpus
balance,off_corpus
balanced,off_corpus
ballaststoffe,off_corpus
balls,off_corpus
balm,off_corpus
balsamico,off_corpus
balsamique,off_corpus
bamb,off_corpus
bamboo,off_corpus
bambou,off_corpus
ban,off_corpus
banaan,off_corpus
banan,off_corpus
banana,off_corpus
bananas,off_corpus
banane,off_corpus
bananen,off_corpus
bananenmark,off_corpus
bananenp,off_corpus
bananes,off_corpus
bano,off_corpus
baobab,off_corpus
bar,off_corpus
baratte,off_corpus
barbabietola,off_corpus
barbadensis,off_corpus
barbecue,off_corpus
barbeque,off_corpus
barde,off_corpus
bark,off_corpus
barley,off_corpus
barn,off_corpus
barre,off_corpus
barvivo,off_corpus
barwnik,off_corpus
barwniki,off_corpus
bas,off_corpus
base,off_corpus
based,off_corpus
basilic,off_corpus
basilico,off_corpus
basilicum,off_corpus
basilika,off_corpus
basilikum,off_corpus
basis,off_corpus
basmati,off_corpus
batata,off_corpus
batavia,off_corpus
batch,off_corpus
batter,off_corpus
battered,off_corpus
baunilha,off_corpus
bb-,off_corpus
bbq,off_corpus
bcaa,off_corpus
bean,off_corpus
beans,off_corpus
beaucoup,off_corpus
bebida,off_corpus
because,off_corpus
bedst,off_corpus
bee,off_corpus
beef,off_corpus
been,off_corpus
beer,off_corpus
beeren,off_corpus
bees,off_corpus
beeswax,off_corpus
beete,off_corpus
beetroot,off_corpus
beets,off_corpus
before,off_corpus
bei,off_corpus
bel,off_corpus
belgian,off_corpus
belgique,off_corpus
belgium,off_corpus
beljakovine,off_corpus
belly,off_corpus
below,off_corpus
ben,off_corpus
bengal,off_corpus
bensirup,off_corpus
benzoat,off_corpus
benzoato,off_corpus
benzoic,off_corpus
benzucker,off_corpus
benzyl,off_corpus
ber,off_corpus
bereid,off_corpus
bereiding,off_corpus
bergamot,off_corpus
bergamote,off_corpus
berm,off_corpus
berries,off_corpus
berry,off_corpus
berzug,off_corpus
berzugsmittel,off_corpus
bes,off_corpus
beschermen,off_corpus
beschermende,off_corpus
besin,off_corpus
beskyttende,off_corpus
best,off_corpus
bestr,off_corpus
beta,off_corpus
beta-apo-,off_corpus
beta-carotene,off_corpus
beta-caroteno,off_corpus
beta-carotin,off_corpus
betacaroteno,off_corpus
betaine,off_corpus
betakaroten,off_corpus
bete,off_corpus
betenrot,off_corpus
beter,off_corpus
better,off_corpus
betterave,off_corpus
betteraves,off_corpus
between,off_corpus
beure,off_corpus
beurre,off_corpus
beutel,off_corpus
bevanda,off_corpus
bevat,off_corpus
bevatten,off_corpus
beverage,off_corpus
beverages,off_corpus
bevochtigingsmiddel,off_corpus
bewaaradvies,off_corpus
bewaren,off_corpus
bez,off_corpus
bezogen,off_corpus
bha,off_corpus
bht,off_corpus
bia,off_corpus
bianco,off_corpus
bica,off_corpus
bicarbonat,off_corpus
bicarbonate,off_corpus
bicarbonates,off_corpus
bicarbonato,off_corpus
bielkoviny,off_corpus
bien,off_corpus
bienenwachs,off_corpus
bier,off_corpus
bieslook,off_corpus
biet,off_corpus
bietenrood,off_corpus
bifidobacterium,off_corpus
bifidum,off_corpus
bifidus,off_corpus
biga,off_corpus
bigarreaux,off_corpus
bih,off_corpus
bij,off_corpus
bijenwas,off_corpus
bilan,off_corpus
bilberry,off_corpus
biljna,off_corpus
bilkoviny,off_corpus
billes,off_corpus
billettes,off_corpus
billion,off_corpus
bimbo,off_corpus
binnen,off_corpus
bio,off_corpus
bioengineered,off_corpus
biol,off_corpus
biologica,off_corpus
biologico,off_corpus
biologique,off_corpus
biologiques,off_corpus
biologisch,off_corpus
biologische,off_corpus
biologischem,off_corpus
biologischer,off_corpus
biotin,off_corpus
biotina,off_corpus
biotine,off_corpus
bir,off_corpus
birnen,off_corpus
birra,off_corpus
bis,off_corpus
biscotti,off_corpus
biscuit,off_corpus
biscuits,off_corpus
bisglycinate,off_corpus
bisporus,off_corpus
bitartrate,off_corpus
bites,off_corpus
bitkisel,off_corpus
bits,off_corpus
bitte,off_corpus
bitter,off_corpus
bittersweet,off_corpus
bixin,off_corpus
bjelan,off_corpus
black,off_corpus
blackberries,off_corpus
blackberry,off_corpus
blackcurrant,off_corpus
blackcurrants,off_corpus
blackstrap,off_corpus
blanc,off_corpus
blanca,off_corpus
blanche,off_corpus
blanched,off_corpus
blanches,off_corpus
blanchiert,off_corpus
blanchies,off_corpus
blanco,off_corpus
blancs,off_corpus
blat,off_corpus
ble,off_corpus
bleached,off_corpus
blend,off_corpus
blended,off_corpus
blette,off_corpus
bleu,off_corpus
bleuet,off_corpus
bloc,off_corpus
bloem,off_corpus
blond,off_corpus
blood,off_corpus
blossom,off_corpus
blue,off_corpus
blueberries,off_corpus
blueberry,off_corpus
blumenkohl,off_corpus
boby,off_corpus
bockshornklee,off_corpus
boden,off_corpus
bodenhaltung,off_corpus
body,off_corpus
boeuf,off_corpus
bohnen,off_corpus
bohnenkraut,off_corpus
boil,off_corpus
boiled,off_corpus
boiling,off_corpus
bois,off_corpus
boisson,off_corpus
boite,off_corpus
boja,off_corpus
bojilo,off_corpus
bok,off_corpus
bold,off_corpus
bolets,off_corpus
boletus,off_corpus
bon,off_corpus
bonbons,off_corpus
bone,off_corpus
boneless,off_corpus
bonen,off_corpus
bones,off_corpus
bor,off_corpus
borlotti,off_corpus
bosco,off_corpus
boter,off_corpus
both,off_corpus
bottle,off_corpus
bottled,off_corpus
bottom,off_corpus
bouch,off_corpus
bouillon,off_corpus
bouillons,off_corpus
boulang,off_corpus
boulanger,off_corpus
boulangerie,off_corpus
boulettes,off_corpus
boulgour,off_corpus
bourbon,off_corpus
bourbon-vanille,off_corpus
bourbon-vanilleextrakt,off_corpus
bourgogne,off_corpus
bouteille,off_corpus
bovin,off_corpus
bovina,off_corpus
bovine,off_corpus
bovino,off_corpus
bowl,off_corpus
box,off_corpus
boyau,off_corpus
boyaux,off_corpus
bpf,off_corpus
bra,off_corpus
bramborov,off_corpus
bramley,off_corpus
bran,off_corpus
branco,off_corpus
brand,off_corpus
brands,off_corpus
brandy,off_corpus
branntweinessig,off_corpus
brass,off_corpus
brauner,off_corpus
brauwasser,off_corpus
brazil,off_corpus
bread,off_corpus
breadcrumb,off_corpus
breadcrumbs,off_corpus
breaded,off_corpus
breading,off_corpus
breakfast,off_corpus
breast,off_corpus
breasts,off_corpus
brebis,off_corpus
brennwert,off_corpus
bretagne,off_corpus
brew,off_corpus
brewed,off_corpus
brewer's,off_corpus
brie,off_corpus
brillant,off_corpus
brillantblau,off_corpus
brillante,off_corpus
brilliant,off_corpus
bring,off_corpus
bringeb,off_corpus
brioche,off_corpus
bris,off_corpus
brisure,off_corpus
brisures,off_corpus
british,off_corpus
broad,off_corpus
broccoli,off_corpus
brocoli,off_corpus
brocolis,off_corpus
brodo,off_corpus
broken,off_corpus
brokkoli,off_corpus
bromate,off_corpus
brombeerbl,off_corpus
brombeeren,off_corpus
bromelain,off_corpus
brominated,off_corpus
bron,off_corpus
brot,off_corpus
broth,off_corpus
browned,off_corpus
brownie,off_corpus
broy,off_corpus
bruine,off_corpus
brun,off_corpus
brune,off_corpus
brussels,off_corpus
brut,off_corpus
bubuk,off_corpus
buchenholzrauch,off_corpus
buchweizen,off_corpus
buckwheat,off_corpus
buffalo,off_corpus
bufflonne,off_corpus
bulgaricus,off_corpus
bulgur,off_corpus
bulking,off_corpus
bun,off_corpus
burger,off_corpus
burgundy,off_corpus
burnt,off_corpus
burro,off_corpus
but,off_corpus
butterfat,off_corpus
butterfett,off_corpus
buttermilch,off_corpus
buttermilchpulver,off_corpus
buttermilk,off_corpus
butternut,off_corpus
butteroil,off_corpus
butterreinfett,off_corpus
button,off_corpus
butyrique,off_corpus
butyrospermum,off_corpus
bygg,off_corpus
c'est,off_corpus
cabbage,off_corpus
cabernet,off_corpus
cabillaud,off_corpus
cabra,off_corpus
cac,off_corpus
caca,off_corpus
cacahu,off_corpus
cacahuate,off_corpus
cacahuete,off_corpus
cacahuetes,off_corpus
cacao,off_corpus
cacao',off_corpus
cacaobestanddelen,off_corpus
cacaoboter,off_corpus
cacaomassa,off_corpus
cacaopoeder,off_corpus
cacau,off_corpus
cada,off_corpus
cadbury,off_corpus
caducidad,off_corpus
caesar,off_corpus
caf,off_corpus
cafe,off_corpus
cafeina,off_corpus
caff,off_corpus
caffeine,off_corpus
cage,off_corpus
cage-free,off_corpus
caglio,off_corpus
caill,off_corpus
cajou,off_corpus
caju,off_corpus
cajun,off_corpus
cake,off_corpus
cakes,off_corpus
caking,off_corpus
cal,off_corpus
calabac,off_corpus
calabaza,off_corpus
calcareum,off_corpus
calcif,off_corpus
calcio,off_corpus
calciu,off_corpus
calcium-d-pantothenat,off_corpus
calciumcarbonaat,off_corpus
calciumcarbonat,off_corpus
calciumchlorid,off_corpus
calciumcitrate,off_corpus
calciumlactat,off_corpus
calciumphosphate,off_corpus
calciumpropionat,off_corpus
calciumsulfat,off_corpus
caldo,off_corpus
calendula,off_corpus
calibre,off_corpus
california,off_corpus
call,off_corpus
calor,off_corpus
calore,off_corpus
calorias,off_corpus
calorie,off_corpus
calories,off_corpus
calvados,off_corpus
camargue,off_corpus
camauba,off_corpus
came,off_corpus
camellia,off_corpus
camembert,off_corpus
camera,off_corpus
camomille,off_corpus
camu,off_corpus
can,off_corpus
cana,off_corpus
canada,off_corpus
canadian,off_corpus
canard,off_corpus
candelilla,off_corpus
candi,off_corpus
candied,off_corpus
candies,off_corpus
candy,off_corpus
canela,off_corpus
canina,off_corpus
caniquement,off_corpus
caniques,off_corpus
canna,off_corpus
canne,off_corpus
canneberge,off_corpus
canneberges,off_corpus
cannella,off_corpus
cannelle,off_corpus
cannellini,off_corpus
cantidad,off_corpus
cantitate,off_corpus
cap,off_corpus
capers,off_corpus
capric,off_corpus
caprylic,off_corpus
caprylyl,off_corpus
capsule,off_corpus
capsules,off_corpus
car,off_corpus
cara,off_corpus
caract,off_corpus
carageenan,off_corpus
caram,off_corpus
caramelised,off_corpus
caramelizado,off_corpus
caramelized,off_corpus
caramellato,off_corpus
caramello,off_corpus
caramelo,off_corpus
caraway,off_corpus
carb,off_corpus
carbo,off_corpus
carbohidratos,off_corpus
carbohydrate,off_corpus
carbohydrates,off_corpus
carboidrati,off_corpus
carbomer,off_corpus
carbon,off_corpus
carbonat,off_corpus
carbonatada,off_corpus
carbonate,off_corpus
carbonated,off_corpus
carbonates,off_corpus
carbonati,off_corpus
carbonato,off_corpus
carbonatos,off_corpus
carbone,off_corpus
carbonica,off_corpus
carbonique,off_corpus
carbono,off_corpus
carboximetilcelulosa,off_corpus
carboxy,off_corpus
carboxym,off_corpus
carboxymethyl,off_corpus
carboxymethylcellulose,off_corpus
cardamome,off_corpus
care,off_corpus
carefully,off_corpus
careline,off_corpus
cares,off_corpus
carica,off_corpus
carm,off_corpus
carmin,off_corpus
carmine,off_corpus
carmines,off_corpus
carmins,off_corpus
carnaroli,off_corpus
carnauba,off_corpus
carnaubawachs,off_corpus
carnaubawas,off_corpus
carne,off_corpus
carob,off_corpus
carot,off_corpus
carota,off_corpus
carote,off_corpus
caroteen,off_corpus
carotenal,off_corpus
carotene,off_corpus
carotenen,off_corpus
carotenes,off_corpus
caroteni,off_corpus
caroteno,off_corpus
carotenos,off_corpus
carotin,off_corpus
carotine,off_corpus
carotte,off_corpus
carottes,off_corpus
caroube,off_corpus
carr,off_corpus
carrageen,off_corpus
carragenano,off_corpus
carragenanos,off_corpus
carragenina,off_corpus
carragh,off_corpus
carraghenanes,off_corpus
carrube,off_corpus
carta,off_corpus
cartamo,off_corpus
carthame,off_corpus
cartofi,off_corpus
carton,off_corpus
carvi,off_corpus
cas,off_corpus
casca,off_corpus
cascara,off_corpus
case,off_corpus
casei,off_corpus
casein,off_corpus
caseinate,off_corpus
caseinato,off_corpus
cashew,off_corpus
cashewkerne,off_corpus
cashewn,off_corpus
cashewnoot,off_corpus
cashewnoten,off_corpus
cashews,off_corpus
casing,off_corpus
casings,off_corpus
cass,off_corpus
cassava,off_corpus
casserole,off_corpus
cassia,off_corpus
cassis,off_corpus
cassonade,off_corpus
caster,off_corpus
castor,off_corpus
cat,off_corpus
categoria,off_corpus
caught,off_corpus
cauliflower,off_corpus
cause,off_corpus
caution,off_corpus
cayena,off_corpus
cayennepeper,off_corpus
cayennepeppar,off_corpus
cayennepepper,off_corpus
cayennepfeffer,off_corpus
ceap,off_corpus
cebada,off_corpus
cebola,off_corpus
cebolla,off_corpus
cebula,off_corpus
ceci,off_corpus
cedex,off_corpus
cel,off_corpus
celer,off_corpus
celeri,off_corpus
celeriac,off_corpus
cells,off_corpus
cellulase,off_corpus
cellulosegom,off_corpus
cellulosegummi,off_corpus
cellulosique,off_corpus
celozrnn,off_corpus
celtic,off_corpus
celulosa,off_corpus
cenoura,off_corpus
centeio,off_corpus
centeno,off_corpus
center,off_corpus
centre,off_corpus
ceos,off_corpus
cera,off_corpus
cerdo,off_corpus
cereais,off_corpus
cereal,off_corpus
cereale,off_corpus
cereales,off_corpus
cereali,off_corpus
cereals,off_corpus
cerevisiae,off_corpus
cereza,off_corpus
cerfeuil,off_corpus
cerise,off_corpus
cerises,off_corpus
cerneaux,off_corpus
certains,off_corpus
certifi,off_corpus
certificado,off_corpus
certification,off_corpus
certificato,off_corpus
certifie,off_corpus
certified,off_corpus
cerveza,off_corpus
ces,off_corpus
cessaire,off_corpus
cet,off_corpus
cetearyl,off_corpus
cette,off_corpus
cetyl,off_corpus
ceuf,off_corpus
ceufs,off_corpus
cevada,off_corpus
ceylon,off_corpus
cfu,off_corpus
ch-,off_corpus
cha,off_corpus
chaga,off_corpus
chain,off_corpus
chair,off_corpus
chairs,off_corpus
chalcogramma,off_corpus
chaleur,off_corpus
chalote,off_corpus
chalotes,off_corpus
chalut,off_corpus
chaluts,off_corpus
chamel,off_corpus
chamomile,off_corpus
chamomilla,off_corpus
champagne,off_corpus
champi,off_corpus
champignon,off_corpus
champignons,off_corpus
chanvre,off_corpus
chapelure,off_corpus
chaque,off_corpus
charbon,off_corpus
chard,off_corpus
chardonnay,off_corpus
charge,off_corpus
chaud,off_corpus
chauffer,off_corpus
che,off_corpus
check,off_corpus
cheddar,off_corpus
cheesecake,off_corpus
cheeses,off_corpus
chelate,off_corpus
chen,off_corpus
cherries,off_corpus
cherry,off_corpus
ches,off_corpus
chestnut,off_corpus
chestnuts,off_corpus
chewing,off_corpus
chez,off_corpus
chi,off_corpus
chia,off_corpus
chiasamen,off_corpus
chicago,off_corpus
chiche,off_corpus
chiches,off_corpus
chick,off_corpus
chicken,off_corpus
chickpea,off_corpus
chickpeas,off_corpus
chicor,off_corpus
chicory,off_corpus
children,off_corpus
chilies,off_corpus
chilipeper,off_corpus
chilipepper,off_corpus
chilipoeder,off_corpus
chilipulver,off_corpus
chilis,off_corpus
chilischoten,off_corpus
chill,off_corpus
chilled,off_corpus
chillies,off_corpus
chimique,off_corpus
china,off_corpus
chine,off_corpus
chinensis,off_corpus
chinese,off_corpus
chip,off_corpus
chips,off_corpus
chive,off_corpus
chives,off_corpus
chlamys,off_corpus
chleba,off_corpus
chlorek,off_corpus
chlorella,off_corpus
chlorhydrate,off_corpus
chlorid,off_corpus
chlorophyll,off_corpus
chlorophylle,off_corpus
chlorophyllin,off_corpus
chlorophylline,off_corpus
chlorophyllines,off_corpus
chlorophyllins,off_corpus
chlorure,off_corpus
chlorures,off_corpus
cho,off_corpus
choc,off_corpus
choco,off_corpus
chocolade,off_corpus
chocolat,off_corpus
chocolate,off_corpus
chocolates,off_corpus
chocolatey,off_corpus
chocolats,off_corpus
chocolaty,off_corpus
choice,off_corpus
choix,off_corpus
choke,off_corpus
choking,off_corpus
chol,off_corpus
cholecalciferol,off_corpus
cholest,off_corpus
cholesterol,off_corpus
choline,off_corpus
chopped,off_corpus
chorizo,off_corpus
chou,off_corpus
chou-fleur,off_corpus
choucroute,off_corpus
choux,off_corpus
choux-fleurs,off_corpus
choy,off_corpus
chr,off_corpus
chra,off_corpus
chrome,off_corpus
chromium,off_corpus
chte,off_corpus
chten,off_corpus
chu,off_corpus
chunks,off_corpus
chut,off_corpus
chutney,off_corpus
cia,off_corpus
cial,off_corpus
cialit,off_corpus
cianocobalamina,off_corpus
ciboule,off_corpus
ciboulette,off_corpus
cibule,off_corpus
ciclamato,off_corpus
cicoria,off_corpus
cid,off_corpus
cido,off_corpus
cidos,off_corpus
cidre,off_corpus
cie,off_corpus
cinnamal,off_corpus
cioccolato,off_corpus
ciocolat,off_corpus
cipolla,off_corpus
cipolle,off_corpus
circa,off_corpus
cire,off_corpus
cireux,off_corpus
cithine,off_corpus
cithines,off_corpus
citr,off_corpus
citra,off_corpus
citral,off_corpus
citrat,off_corpus
citrates,off_corpus
citrati,off_corpus
citrato,off_corpus
citratos,off_corpus
citrico,off_corpus
citrique,off_corpus
citriques,off_corpus
citroen,off_corpus
citroenaroma,off_corpus
citroengras,off_corpus
citroensap,off_corpus
citroensapconcentraat,off_corpus
citroenzuur,off_corpus
citromsav,off_corpus
citron,off_corpus
citronellol,off_corpus
citronens,off_corpus
citronnelle,off_corpus
citronov,off_corpus
citrons,off_corpus
citronska,off_corpus
citronsyra,off_corpus
citronsyre,off_corpus
citrouille,off_corpus
citrus,off_corpus
citrusaroma,off_corpus
citrusfaser,off_corpus
citrusvezel,off_corpus
city,off_corpus
ckchen,off_corpus
cke,off_corpus
ckel,off_corpus
cken,off_corpus
clam,off_corpus
clams,off_corpus
clara,off_corpus
claration,off_corpus
clarified,off_corpus
clase,off_corpus
class,off_corpus
classic,off_corpus
clats,off_corpus
clavo,off_corpus
cle,off_corpus
clean,off_corpus
clear,off_corpus
cloreto,off_corpus
clorhidrato,off_corpus
cloridrato,off_corpus
cloruro,off_corpus
closed,off_corpus
clou,off_corpus
clous,off_corpus
clover,off_corpus
cloves,off_corpus
club,off_corpus
clupea,off_corpus
cmc,off_corpus
coagulans,off_corpus
coagulant,off_corpus
coagulante,off_corpus
coagulantes,off_corpus
coaj,off_corpus
coalho,off_corpus
coarse,off_corpus
coated,off_corpus
coating,off_corpus
cobertura,off_corpus
coc,off_corpus
coca,off_corpus
coca-cola,off_corpus
cocamidopropyl,off_corpus
cocco,off_corpus
cochenille,off_corpus
cochineal,off_corpus
cochinilla,off_corpus
cocido,off_corpus
cocktail,off_corpus
coco,off_corpus
cocoa,off_corpus
coconuts,off_corpus
cocoo,off_corpus
cocos,off_corpus
cod,off_corpus
code,off_corpus
coeur,off_corpus
coffee,off_corpus
cognac,off_corpus
col,off_corpus
cola,off_corpus
colby,off_corpus
cold,off_corpus
cold-pressed,off_corpus
colecalciferol,off_corpus
colesterol,off_corpus
colin,off_corpus
collag,off_corpus
collagen,off_corpus
colombia,off_corpus
colorant,off_corpus
colorante,off_corpus
colorantes,off_corpus
coloranti,off_corpus
colorants,off_corpus
colored,off_corpus
coloring,off_corpus
colour,off_corpus
colourant,off_corpus
colourants,off_corpus
colouring,off_corpus
colours,off_corpus
colza,off_corpus
com,off_corpus
combava,off_corpus
come,off_corpus
comestible,off_corpus
comflour,off_corpus
comino,off_corpus
comme,off_corpus
comments,off_corpus
commerce,off_corpus
common,off_corpus
como,off_corpus
company,off_corpus
compl,off_corpus
complet,off_corpus
complete,off_corpus
complets,off_corpus
complex,off_corpus
complexe,off_corpus
complexes,off_corpus
compos,off_corpus
composition,off_corpus
compote,off_corpus
compound,off_corpus
compris,off_corpus
comt,off_corpus
comune,off_corpus
con,off_corpus
conc,off_corpus
concass,off_corpus
concentr,off_corpus
concentraat,off_corpus
concentrada,off_corpus
concentrado,off_corpus
concentrados,off_corpus
concentrat,off_corpus
concentrated,off_corpus
concentraten,off_corpus
concentrates,off_corpus
concentrati,off_corpus
concentrato,off_corpus
concentre,off_corpus
concombre,off_corpus
concombres,off_corpus
concord,off_corpus
condens,off_corpus
condensada,off_corpus
condensed,off_corpus
condiment,off_corpus
condimente,off_corpus
condimento,off_corpus
condimentos,off_corpus
condiments,off_corpus
condition,off_corpus
conditioner,off_corpus
conditioners,off_corpus
conditionn,off_corpus
conditions,off_corpus
cone,off_corpus
confection,off_corpus
confectionary,off_corpus
confectioner's,off_corpus
confectioners,off_corpus
confectioners',off_corpus
confectionery,off_corpus
confezionato,off_corpus
confezione,off_corpus
confiserie,off_corpus
confit,off_corpus
confite,off_corpus
confites,off_corpus
confits,off_corpus
confiture,off_corpus
conform,off_corpus
conformes,off_corpus
cong,off_corpus
congel,off_corpus
congeler,off_corpus
cons,off_corpus
conseil,off_corpus
conseill,off_corpus
conseils,off_corpus
conser,off_corpus
conserva,off_corpus
conservaci,off_corpus
conservador,off_corpus
conservadores,off_corpus
conservant,off_corpus
conservante,off_corpus
conservantes,off_corpus
conservanti,off_corpus
conservar,off_corpus
conservare,off_corpus
conservateur,off_corpus
conservateurs,off_corpus
conservation,off_corpus
conservazione,off_corpus
conserve,off_corpus
conserveermiddel,off_corpus
conserveermiddelen,off_corpus
conserver,off_corpus
consist,off_corpus
consommateurs,off_corpus
consommation,off_corpus
consommer,off_corpus
consult,off_corpus
consum,off_corpus
consuma,off_corpus
consumare,off_corpus
consumarsi,off_corpus
consume,off_corpus
consumed,off_corpus
consumer,off_corpus
consumeren,off_corpus
consumidor,off_corpus
consumir,off_corpus
consumo,off_corpus
consumption,off_corpus
cont,off_corpus
contact,off_corpus
contain,off_corpus
container,off_corpus
containing,off_corpus
conte,off_corpus
contem,off_corpus
contenant,off_corpus
contenenti,off_corpus
contener,off_corpus
contenere,off_corpus
contengono,off_corpus
contenido,off_corpus
contenir,off_corpus
content,off_corpus
contents,off_corpus
contenu,off_corpus
contenuto,off_corpus
conter,off_corpus
contiene,off_corpus
contienen,off_corpus
contiennent,off_corpus
contient,off_corpus
contine,off_corpus
contr,off_corpus
contribue,off_corpus
contributes,off_corpus
control,off_corpus
controls,off_corpus
convient,off_corpus
cook,off_corpus
cooked,off_corpus
cookie,off_corpus
cookies,off_corpus
cooking,off_corpus
cool,off_corpus
coop,off_corpus
copeaux,off_corpus
copertura,off_corpus
copolymer,off_corpus
copos,off_corpus
copper,off_corpus
coprah,off_corpus
coque,off_corpus
coques,off_corpus
cor,off_corpus
corail,off_corpus
corante,off_corpus
corantes,off_corpus
corce,off_corpus
corces,off_corpus
cordyceps,off_corpus
corector,off_corpus
coriandre,off_corpus
cornflakes,off_corpus
cornflour,off_corpus
cornichon,off_corpus
cornichons,off_corpus
cornmeal,off_corpus
coros,off_corpus
corp,off_corpus
corporal,off_corpus
corporation,off_corpus
correcteur,off_corpus
correcteurs,off_corpus
corrector,off_corpus
correctores,off_corpus
correttore,off_corpus
correttori,off_corpus
corse,off_corpus
corteza,off_corpus
cortiqu,off_corpus
coscia,off_corpus
costa,off_corpus
coton,off_corpus
cotta,off_corpus
cottage,off_corpus
cotto,off_corpus
cotton,off_corpus
cottonseed,off_corpus
cottura,off_corpus
couenne,off_corpus
couennes,off_corpus
could,off_corpus
couleur,off_corpus
coulis,off_corpus
coumarin,off_corpus
country,off_corpus
coup,off_corpus
courge,off_corpus
courges,off_corpus
courgette,off_corpus
courgettes,off_corpus
cous,off_corpus
couscous,off_corpus
couvercle,off_corpus
couverture,off_corpus
cover,off_corpus
covered,off_corpus
cow,off_corpus
cow's,off_corpus
cows,off_corpus
cows',off_corpus
crab,off_corpus
crabe,off_corpus
crabmeat,off_corpus
cracked,off_corpus
cracker,off_corpus
crackers,off_corpus
cranberries,off_corpus
cranberry,off_corpus
crc,off_corpus
cre,off_corpus
creamed,off_corpus
creamer,off_corpus
creamy,off_corpus
creatine,off_corpus
crem,off_corpus
crema,off_corpus
creme,off_corpus
cremoris,off_corpus
crevette,off_corpus
crevettes,off_corpus
crisp,off_corpus
crisped,off_corpus
crispies,off_corpus
crisps,off_corpus
crispy,off_corpus
cristal,off_corpus
cristallis,off_corpus
cro,off_corpus
croissant,off_corpus
croscarmellose,off_corpus
crosspolymer,off_corpus
crostacei,off_corpus
croustillant,off_corpus
croustillantes,off_corpus
croutons,off_corpus
cru,off_corpus
cruda,off_corpus
crudo,off_corpus
crue,off_corpus
crues,off_corpus
crumb,off_corpus
crumble,off_corpus
crumbles,off_corpus
crumbs,off_corpus
crunch,off_corpus
crunchy,off_corpus
crusca,off_corpus
crushed,off_corpus
crust,off_corpus
crustac,off_corpus
crustacean,off_corpus
crustaceans,off_corpus
crustaces,off_corpus
crystal,off_corpus
crystalline,off_corpus
crystallized,off_corpus
crystals,off_corpus
csomagol,off_corpus
ctea,off_corpus
cteas,off_corpus
cteo,off_corpus
cteos,off_corpus
ctico,off_corpus
cticos,off_corpus
cuajo,off_corpus
cuales,off_corpus
cube,off_corpus
cubes,off_corpus
cucina,off_corpus
cucumbers,off_corpus
cui,off_corpus
cuill,off_corpus
cuire,off_corpus
cuisin,off_corpus
cuisine,off_corpus
cuisse,off_corpus
cuisses,off_corpus
cuisson,off_corpus
cuit,off_corpus
cuite,off_corpus
cuites,off_corpus
cuits,off_corpus
cuivre,off_corpus
cuivre-chlorophylles,off_corpus
cuivre-chlorophyllines,off_corpus
cukier,off_corpus
cukor,off_corpus
cukr,off_corpus
cukrok,off_corpus
cukru,off_corpus
cukrus,off_corpus
cukry,off_corpus
cukurs,off_corpus
cula,off_corpus
cule,off_corpus
cules,off_corpus
culoos,off_corpus
cultiv,off_corpus
cultivo,off_corpus
cultivos,off_corpus
cultures,off_corpus
culturi,off_corpus
cup,off_corpus
cupric,off_corpus
cups,off_corpus
curcuma,off_corpus
curcumin,off_corpus
curcumina,off_corpus
curcumine,off_corpus
curd,off_corpus
cure,off_corpus
cured,off_corpus
curing,off_corpus
curls,off_corpus
currant,off_corpus
currants,off_corpus
curry,off_corpus
custard,off_corpus
customer,off_corpus
cut,off_corpus
cyanocobalamin,off_corpus
cyanocobalamine,off_corpus
cyclamat,off_corpus
cyclamate,off_corpus
cynorrhodon,off_corpus
cytryniany,off_corpus
cytrynowy,off_corpus
cytryny,off_corpus
czarnej,off_corpus
czarny,off_corpus
czekolada,off_corpus
czerwona,off_corpus
czka,off_corpus
czmienny,off_corpus
cznie,off_corpus
czosnek,off_corpus
d'abeille,off_corpus
d'abricot,off_corpus
d'abricots,off_corpus
d'ac,off_corpus
d'acacia,off_corpus
d'acide,off_corpus
d'acides,off_corpus
d'acidit,off_corpus
d'acidite,off_corpus
d'affinage,off_corpus
d'agave,off_corpus
d'agen,off_corpus
d'agneau,off_corpus
d'agrume,off_corpus
d'agrumes,off_corpus
d'ail,off_corpus
d'alaska,off_corpus
d'alcool,off_corpus
d'algues,off_corpus
d'amande,off_corpus
d'amandes,off_corpus
d'amidon,off_corpus
d'ammonio,off_corpus
d'ammonium,off_corpus
d'ananas,off_corpus
d'anchois,off_corpus
d'animaux,off_corpus
d'anis,off_corpus
d'ar,off_corpus
d'arachide,off_corpus
d'arachides,off_corpus
d'arancia,off_corpus
d'aronia,off_corpus
d'ascorbyle,off_corpus
d'assaisonnement,off_corpus
d'autres,off_corpus
d'avena,off_corpus
d'avoine,off_corpus
d'ceuf,off_corpus
d'eau,off_corpus
d'emploi,off_corpus
d'enrobage,off_corpus
d'espagne,off_corpus
d'espelette,off_corpus
d'eucalyptus,off_corpus
d'euf,off_corpus
d'eufs,off_corpus
d'extrait,off_corpus
d'herbes,off_corpus
d'hibiscus,off_corpus
d'huile,off_corpus
d'huiles,off_corpus
d'humidit,off_corpus
d'informations,off_corpus
d'ingr,off_corpus
d'isigny,off_corpus
d'italie,off_corpus
d'ivoire,off_corpus
d'oeuf,off_corpus
d'oeufs,off_corpus
d'oie,off_corpus
d'oignon,off_corpus
d'oignons,off_corpus
d'oliva,off_corpus
d'olive,off_corpus
d'olives,off_corpus
d'orange,off_corpus
d'oranger,off_corpus
d'oranges,off_corpus
d'orge,off_corpus
d'origan,off_corpus
d'origine,off_corpus
d'orzo,off_corpus
d'un,off_corpus
d'une,off_corpus
d'uovo,off_corpus
d'utilisation,off_corpus
d'uva,off_corpus
d-alpha,off_corpus
d-alpha-tocopherol,off_corpus
d-alpha-tocopheryl,off_corpus
d-biotin,off_corpus
d-biotine,off_corpus
d-calcium,off_corpus
d-glucuronolactone,off_corpus
d-pantoth,off_corpus
d-pantothenate,off_corpus
dag,off_corpus
dagen,off_corpus
daily,off_corpus
dairy,off_corpus
daje,off_corpus
dal,off_corpus
dalla,off_corpus
dam,off_corpus
dan,off_corpus
dandelion,off_corpus
danone,off_corpus
dans,off_corpus
dant,off_corpus
dar,off_corpus
dark,off_corpus
das,off_corpus
dat,off_corpus
data,off_corpus
datem,off_corpus
dates,off_corpus
datte,off_corpus
datteln,off_corpus
dattes,off_corpus
datum,off_corpus
davon,off_corpus
day,off_corpus
days,off_corpus
dde,off_corpus
dder,off_corpus
de-,off_corpus
deactivated,off_corpus
decaffeinated,off_corpus
deckel,off_corpus
declara,off_corpus
declaration,off_corpus
defatted,off_corpus
defrost,off_corpus
degermed,off_corpus
degerminated,off_corpus
deglet,off_corpus
degli,off_corpus
degresat,off_corpus
dei,off_corpus
dekstroosi,off_corpus
dekstrose,off_corpus
dekstroza,off_corpus
del,off_corpus
delbrueckii,off_corpus
delicious,off_corpus
della,off_corpus
delle,off_corpus
delta,off_corpus
delta-lactone,off_corpus
dem,off_corpus
demerara,off_corpus
demeter,off_corpus
demi,off_corpus
demi-,off_corpus
demi-sel,off_corpus
den,off_corpus
denat,off_corpus
denr,off_corpus
dens,off_corpus
dentelle,off_corpus
deos,off_corpus
depending,off_corpus
depuis,off_corpus
der,off_corpus
derivado,off_corpus
derivados,off_corpus
derivati,off_corpus
derivative,off_corpus
derivatives,off_corpus
derived,off_corpus
des,off_corpus
deschidere,off_corpus
descremada,off_corpus
desgrasado,off_corpus
deshidratada,off_corpus
deshidratadas,off_corpus
deshidratado,off_corpus
deshidratados,off_corpus
deshydrat,off_corpus
desiccated,off_corpus
desidratada,off_corpus
desidratado,off_corpus
desnatada,off_corpus
desnatado,off_corpus
despu,off_corpus
dessert,off_corpus
destin,off_corpus
destrosio,off_corpus
det,off_corpus
deutschland,off_corpus
deux,off_corpus
dextr,off_corpus
dextrin,off_corpus
dextrina,off_corpus
dextrine,off_corpus
dextros,off_corpus
dextrosa,off_corpus
dextroz,off_corpus
deze,off_corpus
dha,off_corpus
dhe,off_corpus
di-glycerides,off_corpus
dia,off_corpus
diac,off_corpus
diacetate,off_corpus
diacetato,off_corpus
diacetil,off_corpus
diacetyl,off_corpus
diacetylweins,off_corpus
diaria,off_corpus
diario,off_corpus
diarios,off_corpus
dias,off_corpus
dibasic,off_corpus
dic,off_corpus
dica,off_corpus
dicalcium,off_corpus
diced,off_corpus
dichiarazione,off_corpus
dico,off_corpus
die,off_corpus
dient,off_corpus
dients,off_corpus
dierlijk,off_corpus
diese,off_corpus
dieses,off_corpus
diesters,off_corpus
diet,off_corpus
dieta,off_corpus
dietary,off_corpus
differenziata,off_corpus
difosfat,off_corpus
difosfaten,off_corpus
difosfati,off_corpus
difosfato,off_corpus
difosfatos,off_corpus
difosforany,off_corpus
digestive,off_corpus
diglic,off_corpus
diglicer,off_corpus
digliceride,off_corpus
digliceridi,off_corpus
digliceridos,off_corpus
diglicerydy,off_corpus
diglyc,off_corpus
diglyceride,off_corpus
diglyceriden,off_corpus
diglycerider,off_corpus
diglycerides,off_corpus
diglyserider,off_corpus
dihydrate,off_corpus
dihydrogen,off_corpus
dijon,off_corpus
dil,off_corpus
dille,off_corpus
diluted,off_corpus
dimethicone,off_corpus
dimethyl,off_corpus
dimethylpolysiloxane,off_corpus
din,off_corpus
dinatriumdiphosphat,off_corpus
dinatriumguanylat,off_corpus
dinatriuminosinat,off_corpus
dinde,off_corpus
dinkel,off_corpus
dinkelmehl,off_corpus
dinkelvollkornmehl,off_corpus
dio,off_corpus
dios,off_corpus
dioxid,off_corpus
dioxide,off_corpus
dioxido,off_corpus
dioxyde,off_corpus
dip,off_corpus
diphosphate,off_corpus
diphosphates,off_corpus
dipot,off_corpus
dipotassium,off_corpus
direct,off_corpus
directe,off_corpus
directed,off_corpus
directement,off_corpus
directions,off_corpus
direkt,off_corpus
dis,off_corpus
disidratata,off_corpus
disidratate,off_corpus
disidratato,off_corpus
disodico,off_corpus
disodique,off_corpus
disodium,off_corpus
disposizioni,off_corpus
diss,off_corpus
dist,off_corpus
distarch,off_corpus
distearate,off_corpus
distill,off_corpus
distillate,off_corpus
distribu,off_corpus
distribuido,off_corpus
distribuitor,off_corpus
distributed,off_corpus
distribution,off_corpus
distributor,off_corpus
disulfite,off_corpus
dit,off_corpus
dium,off_corpus
dl-alpha,off_corpus
dl-alpha-tocopherol,off_corpus
dl-alpha-tocopheryl,off_corpus
dla,off_corpus
doce,off_corpus
doctor,off_corpus
does,off_corpus
dolce,off_corpus
domestic,off_corpus
don,off_corpus
don't,off_corpus
donker,off_corpus
dont,off_corpus
donut,off_corpus
door,off_corpus
dop,off_corpus
dopo,off_corpus
doppelt,off_corpus
doppio,off_corpus
dor,off_corpus
dorure,off_corpus
dos,off_corpus
dosage,off_corpus
dose,off_corpus
double,off_corpus
douce,off_corpus
douces,off_corpus
dough,off_corpus
doux,off_corpus
dra,off_corpus
dragon,off_corpus
drained,off_corpus
draseln,off_corpus
dre,off_corpus
dressing,off_corpus
drink,off_corpus
drinking,off_corpus
drinks,off_corpus
drive,off_corpus
drizzle,off_corpus
dro,off_corpus
droge,off_corpus
drojdie,off_corpus
droog,off_corpus
drop,off_corpus
drops,off_corpus
druesukker,off_corpus
drug,off_corpus
druif,off_corpus
druiven,off_corpus
druska,off_corpus
druvsocker,off_corpus
dry,off_corpus
dublin,off_corpus
duck,off_corpus
due,off_corpus
duit,off_corpus
duite,off_corpus
dulce,off_corpus
dulcis,off_corpus
dulcorant,off_corpus
dulcorants,off_corpus
dulse,off_corpus
dunkle,off_corpus
dup,off_corpus
dur,off_corpus
durable,off_corpus
durante,off_corpus
durazno,off_corpus
durch,off_corpus
durchschnittlich,off_corpus
durchschnittliche,off_corpus
durchschnittlichen,off_corpus
dure,off_corpus
during,off_corpus
duro,off_corpus
durs,off_corpus
durum,off_corpus
durumhvete,off_corpus
dutch,off_corpus
dutched,off_corpus
duurzame,off_corpus
dwutlenek,off_corpus
dye,off_corpus
dyes,off_corpus
e-mail,off_corpus
each,off_corpus
east,off_corpus
eat,off_corpus
eating,off_corpus
eau,off_corpus
ebujte,off_corpus
ech,off_corpus
echinacea,off_corpus
echtes,off_corpus
echy,off_corpus
ecocert,off_corpus
ecol,off_corpus
ecosse,off_corpus
ecreme,off_corpus
edam,off_corpus
edamame,off_corpus
edamer,off_corpus
eddik,off_corpus
eddike,off_corpus
edeka,off_corpus
edels,off_corpus
edible,off_corpus
edients,off_corpus
edilen,off_corpus
edodes,off_corpus
edulcorant,off_corpus
edulcorante,off_corpus
edulcorantes,off_corpus
edulcoranti,off_corpus
edulcorants,off_corpus
edulis,off_corpus
een,off_corpus
efectos,off_corpus
effect,off_corpus
effects,off_corpus
effets,off_corpus
effil,off_corpus
effort,off_corpus
eggeplomme,off_corpus
eggplant,off_corpus
eggs,off_corpus
egy,off_corpus
eier,off_corpus
eieren,off_corpus
eiern,off_corpus
eigeel,off_corpus
eigelb,off_corpus
eigelbpulver,off_corpus
eiklar,off_corpus
ein,off_corpus
einde,off_corpus
eine,off_corpus
einem,off_corpus
einen,off_corpus
einer,off_corpus
einfach,off_corpus
eingedickte,off_corpus
eingelegte,off_corpus
eis,off_corpus
eisen,off_corpus
eisenoxide,off_corpus
eiwei,off_corpus
eiweiss,off_corpus
eiwit,off_corpus
eiwitten,off_corpus
eker,off_corpus
ekologick,off_corpus
ekologisk,off_corpus
ekstrakt,off_corpus
ekstrakti,off_corpus
ekstrakty,off_corpus
elabor,off_corpus
elaborado,off_corpus
elatina,off_corpus
elderberry,off_corpus
electrolyte,off_corpus
electrolytes,off_corpus
eller,off_corpus
eluj,off_corpus
email,off_corpus
emb,off_corpus
embalagem,off_corpus
emball,off_corpus
emballage,off_corpus
emmental,off_corpus
emmentaler,off_corpus
empty,off_corpus
emu,off_corpus
emul,off_corpus
emulg,off_corpus
emulgator,off_corpus
emulgatoren,off_corpus
emulgatorer,off_corpus
emulgatori,off_corpus
emulgatory,off_corpus
emulge,off_corpus
emulgent,off_corpus
emulgente,off_corpus
emulgentes,off_corpus
emulgeringsmedel,off_corpus
emulgointiaine,off_corpus
emulgointiaineet,off_corpus
emulsifiant,off_corpus
emulsifiants,off_corpus
emulsificante,off_corpus
emulsificantes,off_corpus
emulsified,off_corpus
emulsifier,off_corpus
emulsifiers,off_corpus
emulsifying,off_corpus
emulsion,off_corpus
emulsionante,off_corpus
emulsionantes,off_corpus
emulsionanti,off_corpus
ena,off_corpus
encapsulated,off_corpus
encrasicolus,off_corpus
end,off_corpus
ende,off_corpus
endprodukt,off_corpus
endroit,off_corpus
endurecedor,off_corpus
ene,off_corpus
ener,off_corpus
energ,off_corpus
energetic,off_corpus
energetick,off_corpus
energetico,off_corpus
energetyczna,off_corpus
energi,off_corpus
energia,off_corpus
energie,off_corpus
energija,off_corpus
energy,off_corpus
enerji,off_corpus
enfants,off_corpus
english,off_corpus
engraulis,off_corpus
enhancer,off_corpus
enhancers,off_corpus
eni,off_corpus
enice,off_corpus
enie,off_corpus
enjoy,off_corpus
enne,off_corpus
ennen,off_corpus
eno,off_corpus
enriched,off_corpus
enrichi,off_corpus
enrichie,off_corpus
enrichment,off_corpus
enriquecida,off_corpus
enrob,off_corpus
enrobage,off_corpus
ensure,off_corpus
ent,off_corpus
entera,off_corpus
entero,off_corpus
enth,off_corpus
enthalt,off_corpus
enthalten,off_corpus
enti,off_corpus
entier,off_corpus
entiers,off_corpus
entrahmte,off_corpus
entrahmter,off_corpus
entre,off_corpus
entro,off_corpus
ents,off_corpus
entsorgen,off_corpus
entspricht,off_corpus
envasado,off_corpus
envase,off_corpus
enveloppe,off_corpus
environ,off_corpus
environment,off_corpus
enzim,off_corpus
enzima,off_corpus
enzimas,off_corpus
enzym,off_corpus
enzyme,off_corpus
enzymen,off_corpus
enzymer,off_corpus
enzymes,off_corpus
epa,off_corpus
epaississant,off_corpus
epaississants,off_corpus
epeautre,off_corpus
epices,off_corpus
epinards,off_corpus
epkov,off_corpus
eple,off_corpus
eplejuice,off_corpus
eplesyre,off_corpus
equateur,off_corpus
equipment,off_corpus
equitable,off_corpus
equivalent,off_corpus
equivalentes,off_corpus
erbe,off_corpus
erbsen,off_corpus
erbseneiwei,off_corpus
erbsenprotein,off_corpus
erdbeere,off_corpus
erdbeeren,off_corpus
erdbeermark,off_corpus
erdbeerp,off_corpus
erdbeersaft,off_corpus
erdbeersaftkonzentrat,off_corpus
erdbeerst,off_corpus
erdn,off_corpus
erdnuss,off_corpus
erdnusskerne,off_corpus
erebilir,off_corpus
ergocalciferol,off_corpus
erhitzen,off_corpus
eri,off_corpus
erir,off_corpus
eritorbato,off_corpus
eritritol,off_corpus
ern,off_corpus
erven,off_corpus
ervilha,off_corpus
erwachsenen,off_corpus
erwt,off_corpus
erwteneiwit,off_corpus
erythorbic,off_corpus
erythrit,off_corpus
erzeugnis,off_corpus
erzeugung,off_corpus
esaltatore,off_corpus
escalope,off_corpus
esencia,off_corpus
eser,off_corpus
esk,off_corpus
esnek,off_corpus
esp,off_corpus
espa,off_corpus
espagne,off_corpus
especiarias,off_corpus
especias,off_corpus
espelta,off_corpus
espesante,off_corpus
espesantes,off_corpus
espessante,off_corpus
espessantes,off_corpus
espinaca,off_corpus
espinacas,off_corpus
espresso,off_corpus
essbare,off_corpus
essence,off_corpus
essential,off_corpus
essentielle,off_corpus
essiccato,off_corpus
essig,off_corpus
essigs,off_corpus
est,off_corpus
esta,off_corpus
estabilizador,off_corpus
estabilizadores,off_corpus
estabilizante,off_corpus
estabilizantes,off_corpus
established,off_corpus
este,off_corpus
estearoil,off_corpus
ester,off_corpus
esteres,off_corpus
esteri,off_corpus
esters,off_corpus
estevia,off_corpus
esteviol,off_corpus
estragon,off_corpus
estratti,off_corpus
estratto,off_corpus
etc,off_corpus
ethanol,off_corpus
ethoxylated,off_corpus
ethyl,off_corpus
ethylalkohol,off_corpus
ethylhexyl,off_corpus
ethylhexylglycerin,off_corpus
etikka,off_corpus
etilico,off_corpus
eucalyptus,off_corpus
euchema,off_corpus
euf,off_corpus
eufs,off_corpus
eur,off_corpus
europ,off_corpus
europe,off_corpus
evaporated,off_corpus
eventuelles,off_corpus
every,off_corpus
evine,off_corpus
exceed,off_corpus
except,off_corpus
exceptionnelle,off_corpus
excessive,off_corpus
exclue,off_corpus
exclusively,off_corpus
exhausteur,off_corpus
exhausteurs,off_corpus
exp,off_corpus
expeller,off_corpus
expeller-pressed,off_corpus
expiry,off_corpus
exprim,off_corpus
ext,off_corpus
extra,off_corpus
extra-fins,off_corpus
extracte,off_corpus
extracted,off_corpus
extracten,off_corpus
extractive,off_corpus
extractives,off_corpus
extracto,off_corpus
extractos,off_corpus
extracts,off_corpus
extrahierte,off_corpus
extrait,off_corpus
extraite,off_corpus
extraits,off_corpus
extrakt,off_corpus
extrakte,off_corpus
extrato,off_corpus
extravergine,off_corpus
extrud,off_corpus
eye,off_corpus
eyes,off_corpus
faba,off_corpus
fabricado,off_corpus
fabrication,off_corpus
fabriqu,off_corpus
fabrique,off_corpus
face,off_corpus
fach,off_corpus
facility,off_corpus
factory,off_corpus
facts,off_corpus
fagioli,off_corpus
faible,off_corpus
faina,off_corpus
fair,off_corpus
faire,off_corpus
fairtrade,off_corpus
fait,off_corpus
family,off_corpus
fan,off_corpus
fancy,off_corpus
fantaisie,off_corpus
fao,off_corpus
far,off_corpus
farbstoff,off_corpus
farbstoffe,off_corpus
farce,off_corpus
farcitura,off_corpus
farge,off_corpus
fargestoff,off_corpus
fargestoffer,off_corpus
farina,off_corpus
farine,off_corpus
farines,off_corpus
farinha,off_corpus
farm,off_corpus
farming,off_corpus
farms,off_corpus
farro,off_corpus
farve,off_corpus
farvestof,off_corpus
fat,off_corpus
fat-reduced,off_corpus
fats,off_corpus
fatty,off_corpus
fava,off_corpus
favouring,off_corpus
fax,off_corpus
fcf,off_corpus
fecha,off_corpus
fecola,off_corpus
fecule,off_corpus
fed,off_corpus
fedt,off_corpus
fedtsyrer,off_corpus
feh,off_corpus
feigen,off_corpus
feij,off_corpus
fein,off_corpus
fenchel,off_corpus
fenegriek,off_corpus
fenilalanina,off_corpus
fenouil,off_corpus
fenugrec,off_corpus
fenugreek,off_corpus
fer,off_corpus
ferme,off_corpus
ferment,off_corpus
fermentacji,off_corpus
fermentada,off_corpus
fermentation,off_corpus
fermenti,off_corpus
fermento,off_corpus
fermentos,off_corpus
ferments,off_corpus
fermier,off_corpus
ferrero,off_corpus
ferreux,off_corpus
ferric,off_corpus
ferrique,off_corpus
ferro,off_corpus
ferroso,off_corpus
ferrous,off_corpus
festigungsmittel,off_corpus
fet,off_corpus
feta,off_corpus
fett,off_corpus
fettarme,off_corpus
fettarmer,off_corpus
fettarmes,off_corpus
fette,off_corpus
fettglasur,off_corpus
fettreducerat,off_corpus
fettredusert,off_corpus
fetts,off_corpus
fettsyrer,off_corpus
fettsyror,off_corpus
feu,off_corpus
feuchthaltemittel,off_corpus
feuchtigkeit,off_corpus
feuille,off_corpus
feuilles,off_corpus
feuillet,off_corpus
feves,off_corpus
ffel,off_corpus
ffnen,off_corpus
ffnet,off_corpus
fiber,off_corpus
fibers,off_corpus
fibra,off_corpus
fibras,off_corpus
fibre,off_corpus
fibres,off_corpus
fico,off_corpus
figs,off_corpus
figue,off_corpus
figues,off_corpus
fil,off_corpus
filberts,off_corpus
filet,off_corpus
filets,off_corpus
filetti,off_corpus
fili,off_corpus
filled,off_corpus
fillet,off_corpus
fillets,off_corpus
filling,off_corpus
film,off_corpus
filtr,off_corpus
fin,off_corpus
final,off_corpus
find,off_corpus
finden,off_corpus
fine,off_corpus
fines,off_corpus
finest,off_corpus
fini,off_corpus
finished,off_corpus
finito,off_corpus
fins,off_corpus
fiocchi,off_corpus
fir,off_corpus
fire,off_corpus
fire-roasted,off_corpus
firming,off_corpus
firmness,off_corpus
first,off_corpus
fisch,off_corpus
fisk,off_corpus
five,off_corpus
fla,off_corpus
flageolets,off_corpus
flake,off_corpus
flaked,off_corpus
flakes,off_corpus
flame,off_corpus
flavored,off_corpus
flavorings,off_corpus
flavour,off_corpus
flavoured,off_corpus
flavouring,off_corpus
flavourings,off_corpus
flavours,off_corpus
flax,off_corpus
flaxseed,off_corpus
flaxseeds,off_corpus
fleisch,off_corpus
fleur,off_corpus
fleurs,off_corpus
floarea,off_corpus
floarea-soarelui,off_corpus
flocon,off_corpus
flocons,off_corpus
flocos,off_corpus
flohsamenschalen,off_corpus
flor,off_corpus
florets,off_corpus
flour,off_corpus
flours,off_corpus
flow,off_corpus
flower,off_corpus
flowers,off_corpus
flowing,off_corpus
fluida,off_corpus
fluoride,off_corpus
foam,off_corpus
foaming,off_corpus
foelie,off_corpus
foglie,off_corpus
foie,off_corpus
fois,off_corpus
folate,off_corpus
folic,off_corpus
folico,off_corpus
folie,off_corpus
folique,off_corpus
foliumzuur,off_corpus
follow,off_corpus
following,off_corpus
fols,off_corpus
fond,off_corpus
fondant,off_corpus
fondente,off_corpus
fondo,off_corpus
fondu,off_corpus
fonte,off_corpus
fonti,off_corpus
fontina,off_corpus
food,off_corpus
foods,off_corpus
for,off_corpus
forest,off_corpus
form,off_corpus
formaggio,off_corpus
forme,off_corpus
formed,off_corpus
forno,off_corpus
fort,off_corpus
fortement,off_corpus
fortificada,off_corpus
fortified,off_corpus
fortykningsmiddel,off_corpus
fos,off_corpus
fosf,off_corpus
fosfat,off_corpus
fosfati,off_corpus
fosfato,off_corpus
fosfatos,off_corpus
found,off_corpus
four,off_corpus
fourr,off_corpus
fourrage,off_corpus
fr-bio-,off_corpus
fra,off_corpus
fraccionado,off_corpus
fractionated,off_corpus
fractions,off_corpus
fragen,off_corpus
fragments,off_corpus
fragola,off_corpus
fragole,off_corpus
fragrance,off_corpus
fraiche,off_corpus
fraiches,off_corpus
frais,off_corpus
fraise,off_corpus
fraises,off_corpus
framboise,off_corpus
framboises,off_corpus
framboos,off_corpus
frambuesa,off_corpus
fran,off_corpus
france,off_corpus
frango,off_corpus
fre,off_corpus
free,off_corpus
free-range,off_corpus
freeze,off_corpus
freeze-dried,off_corpus
freezing,off_corpus
freilandhaltung,off_corpus
french,off_corpus
fresa,off_corpus
fresas,off_corpus
fresca,off_corpus
fresche,off_corpus
fresco,off_corpus
frescos,off_corpus
fresh,off_corpus
freshly,off_corpus
freshness,off_corpus
fri,off_corpus
fridge,off_corpus
fried,off_corpus
frig,off_corpus
frigo,off_corpus
frigorifero,off_corpus
fris,off_corpus
frisch,off_corpus
frische,off_corpus
frischk,off_corpus
frisee,off_corpus
frit,off_corpus
frita,off_corpus
frite,off_corpus
frites,off_corpus
frito,off_corpus
frito-lay,off_corpus
frits,off_corpus
friture,off_corpus
froid,off_corpus
from,off_corpus
fromag,off_corpus
fromage,off_corpus
fromages,off_corpus
froment,off_corpus
front,off_corpus
frosting,off_corpus
frozen,off_corpus
frucht,off_corpus
fruchtgehalt,off_corpus
fruchtsaft,off_corpus
fruchtsaftkonzentrat,off_corpus
fruchtsaftkonzentraten,off_corpus
fruchtzubereitung,off_corpus
fructe,off_corpus
fructo-oligosaccharides,off_corpus
fructooligosaccharides,off_corpus
fructosa,off_corpus
fructose-glucose,off_corpus
fructoz,off_corpus
fruit,off_corpus
fruits,off_corpus
frukt,off_corpus
fruktose,off_corpus
fruktose-sirup,off_corpus
fruktosesirup,off_corpus
frumento,off_corpus
fruta,off_corpus
frutas,off_corpus
frutilla,off_corpus
frutos,off_corpus
frutose,off_corpus
frutta,off_corpus
frutti,off_corpus
fruttosio,off_corpus
fry,off_corpus
fsc,off_corpus
fudge,off_corpus
fuente,off_corpus
fulgi,off_corpus
full,off_corpus
fullherdet,off_corpus
fully,off_corpus
fum,off_corpus
fumage,off_corpus
fumarate,off_corpus
fumarato,off_corpus
fumaric,off_corpus
fume,off_corpus
fumet,off_corpus
fumo,off_corpus
fundido,off_corpus
funghi,off_corpus
fusilli,off_corpus
gadus,off_corpus
galacto-oligosaccharides,off_corpus
galanga,off_corpus
galangal,off_corpus
galaxy,off_corpus
galement,off_corpus
galette,off_corpus
galettes,off_corpus
gallate,off_corpus
galleta,off_corpus
galletas,off_corpus
galline,off_corpus
gam,off_corpus
gano,off_corpus
ganz,off_corpus
ganze,off_corpus
gar,off_corpus
garam,off_corpus
garanti,off_corpus
garantie,off_corpus
garbanzo,off_corpus
garbanzos,off_corpus
garden,off_corpus
garder,off_corpus
garnelen,off_corpus
garni,off_corpus
garniture,off_corpus
garrof,off_corpus
garrofin,off_corpus
gas,off_corpus
gasificante,off_corpus
gasificantes,off_corpus
gaufrette,off_corpus
gaz,off_corpus
gazeifi,off_corpus
gazeuse,off_corpus
gbi-,off_corpus
geb,off_corpus
gebakken,off_corpus
geben,off_corpus
gebrande,off_corpus
gebrauch,off_corpus
gebruik,off_corpus
gebruiken,off_corpus
gebruikt,off_corpus
gebufferde,off_corpus
gecertificeerd,off_corpus
geconcentreerd,off_corpus
geconcentreerde,off_corpus
gedroogd,off_corpus
gedroogde,off_corpus
geeignet,off_corpus
geen,off_corpus
gef,off_corpus
gefl,off_corpus
gefriergetrocknet,off_corpus
gefriergetrocknete,off_corpus
gegart,off_corpus
gegarte,off_corpus
gegrillte,off_corpus
geh,off_corpus
gehackt,off_corpus
gehackte,off_corpus
gehard,off_corpus
geharde,off_corpus
geheel,off_corpus
gehydrolyseerd,off_corpus
gejodeerd,off_corpus
gek,off_corpus
gekarameliseerde,off_corpus
gekaramelliseerde,off_corpus
gekocht,off_corpus
gekochte,off_corpus
gekochter,off_corpus
gekoeld,off_corpus
gekookt,off_corpus
gekookte,off_corpus
gel,off_corpus
gelana,off_corpus
gelatin,off_corpus
gelatina,off_corpus
gelatine,off_corpus
gelato,off_corpus
gelb,off_corpus
gelbe,off_corpus
gele,off_corpus
geleermiddel,off_corpus
gelfleisch,off_corpus
geliermittel,off_corpus
gelifiant,off_corpus
gelificante,off_corpus
gelificantes,off_corpus
gellan,off_corpus
gellane,off_corpus
gelling,off_corpus
gem,off_corpus
gema,off_corpus
gemaakt,off_corpus
gemahlen,off_corpus
gemahlene,off_corpus
gemahlener,off_corpus
gemalen,off_corpus
gember,off_corpus
gemiddelde,off_corpus
gemodificeerd,off_corpus
gen,off_corpus
general,off_corpus
genetically,off_corpus
geni,off_corpus
genie,off_corpus
geno,off_corpus
genovese,off_corpus
gently,off_corpus
gepasteuriseerd,off_corpus
gepasteuriseerde,off_corpus
geproduceerd,off_corpus
gepufft,off_corpus
gepuffter,off_corpus
ger,off_corpus
geraniol,off_corpus
germ,off_corpus
germany,off_corpus
germe,off_corpus
germen,off_corpus
germes,off_corpus
germon,off_corpus
gerookt,off_corpus
gerookte,off_corpus
geroosterde,off_corpus
gerst,off_corpus
gerste,off_corpus
gerstemout,off_corpus
gerstemoutextract,off_corpus
gerstemoutmeel,off_corpus
gersten,off_corpus
gerstenmalz,off_corpus
gerstenmalzextrakt,off_corpus
gerstenmalzmehl,off_corpus
ges,off_corpus
gesamtprodukt,off_corpus
gesch,off_corpus
geschikt,off_corpus
geschmack,off_corpus
geschmacksverst,off_corpus
geschnitten,off_corpus
gesunde,off_corpus
get,off_corpus
getr,off_corpus
getreide,off_corpus
getrocknet,off_corpus
getrocknete,off_corpus
getrockneter,off_corpus
getrocknetes,off_corpus
gew,off_corpus
gewicht,off_corpus
gewichtsanteilen,off_corpus
gewonnen,off_corpus
gezuckerte,off_corpus
ggula,off_corpus
ghee,off_corpus
gherkins,off_corpus
gica,off_corpus
gico,off_corpus
gida,off_corpus
gime,off_corpus
gin,off_corpus
gingembre,off_corpus
ginseng,off_corpus
giorni,off_corpus
gios,off_corpus
gira-sol,off_corpus
girasol,off_corpus
girasole,off_corpus
girassol,off_corpus
girofle,off_corpus
gist,off_corpus
gistextract,off_corpus
gla,off_corpus
glabra,off_corpus
glac,off_corpus
glace,off_corpus
glan,off_corpus
glansmiddel,off_corpus
glansmiddelen,off_corpus
glantier,off_corpus
glany,off_corpus
glas,off_corpus
glass,off_corpus
glaze,off_corpus
glazed,off_corpus
glazing,off_corpus
glementation,off_corpus
gli,off_corpus
glic,off_corpus
glicerina,off_corpus
glicerol,off_corpus
glicerolo,off_corpus
glich,off_corpus
glicose,off_corpus
glisse,off_corpus
glowodany,off_corpus
glu,off_corpus
gluant,off_corpus
gluc,off_corpus
glucide,off_corpus
glucides,off_corpus
gluconate,off_corpus
gluconato,off_corpus
glucono,off_corpus
glucono-delta-lacton,off_corpus
glucono-delta-lactone,off_corpus
glucosa,off_corpus
glucosa-fructosa,off_corpus
glucose-fructose,off_corpus
glucose-fructosestroop,off_corpus
glucosesiroop,off_corpus
glucosesirup,off_corpus
glucosestroop,off_corpus
glucoside,off_corpus
glucosio,off_corpus
glucosio-fruttosio,off_corpus
glucoz,off_corpus
glucuronolactone,off_corpus
gluk,off_corpus
glukoosisiirappi,off_corpus
glukose,off_corpus
glukose-fruktose,off_corpus
glukose-fruktose-sirup,off_corpus
glukose-fruktosesirup,off_corpus
glukosesirup,off_corpus
glukossirap,off_corpus
glukoza,off_corpus
glukozni,off_corpus
glukozowo-fruktozowy,off_corpus
glukozowy,off_corpus
glut,off_corpus
glutamat,off_corpus
glutamato,off_corpus
glutaminian,off_corpus
glutammato,off_corpus
gluteeni,off_corpus
gluteeniton,off_corpus
gluten,off_corpus
gluten-free,off_corpus
glutenbevattende,off_corpus
glutenfrei,off_corpus
glutenfreie,off_corpus
glutenfri,off_corpus
glutenhaltige,off_corpus
glutenhaltigem,off_corpus
glutenhaltigen,off_corpus
glutenvrij,off_corpus
glutine,off_corpus
glutinous,off_corpus
glyc,off_corpus
glycerides,off_corpus
glycerin,off_corpus
glycerine,off_corpus
glycerol,off_corpus
glyceryl,off_corpus
glycinate,off_corpus
glycine,off_corpus
glycol,off_corpus
glycoside,off_corpus
glycosides,off_corpus
gmbh,off_corpus
gmj,off_corpus
gmo,off_corpus
gnocchi,off_corpus
goat,off_corpus
goat's,off_corpus
gocce,off_corpus
goed,off_corpus
goedgekeurde,off_corpus
goji,off_corpus
gold,off_corpus
golden,off_corpus
gom,off_corpus
goma,off_corpus
gomma,off_corpus
gomme,off_corpus
gommes,off_corpus
good,off_corpus
gorczyc,off_corpus
gorczyca,off_corpus
gorda,off_corpus
gordo,off_corpus
gordos,off_corpus
gordura,off_corpus
gorduras,off_corpus
gorge,off_corpus
gorgonzola,off_corpus
gorie,off_corpus
got,off_corpus
gouda,off_corpus
gourmet,off_corpus
gousse,off_corpus
gousses,off_corpus
gout,off_corpus
goutt,off_corpus
goyave,off_corpus
gpast,off_corpus
gra,off_corpus
grade,off_corpus
graham,off_corpus
grain,off_corpus
graine,off_corpus
graines,off_corpus
grains,off_corpus
graiss,off_corpus
graisse,off_corpus
graisses,off_corpus
grale,off_corpus
gram,off_corpus
gran,off_corpus
grana,off_corpus
grand,off_corpus
grande,off_corpus
granella,off_corpus
granen,off_corpus
grano,off_corpus
granola,off_corpus
granos,off_corpus
granul,off_corpus
granular,off_corpus
granulated,off_corpus
granules,off_corpus
grape,off_corpus
grapefruit,off_corpus
grapes,off_corpus
gras,off_corpus
grasa,off_corpus
grasas,off_corpus
grasi,off_corpus
grasime,off_corpus
grasimi,off_corpus
grasos,off_corpus
grass,off_corpus
grass-fed,off_corpus
grasse,off_corpus
grasses,off_corpus
grassi,off_corpus
grasso,off_corpus
grated,off_corpus
grattugiato,off_corpus
grau,off_corpus
gravy,off_corpus
graxos,off_corpus
great,off_corpus
gredients,off_corpus
greek,off_corpus
green,off_corpus
greens,off_corpus
grenade,off_corpus
grenetina,off_corpus
grill,off_corpus
grilled,off_corpus
griotte,off_corpus
griottes,off_corpus
gris,off_corpus
grits,off_corpus
gro,off_corpus
groats,off_corpus
groene,off_corpus
groente,off_corpus
groenten,off_corpus
gros,off_corpus
groseille,off_corpus
groseilles,off_corpus
grosella,off_corpus
ground,off_corpus
group,off_corpus
grown,off_corpus
gruau,off_corpus
gruy,off_corpus
gua,off_corpus
guanilato,off_corpus
guanylate,off_corpus
guaran,off_corpus
guarana,off_corpus
guarantee,off_corpus
guaranteed,off_corpus
guargom,off_corpus
guark,off_corpus
guarkernmehl,off_corpus
guarkjernemel,off_corpus
guarpitmeel,off_corpus
guava,off_corpus
guerande,off_corpus
guide,off_corpus
guidelines,off_corpus
guisante,off_corpus
guisantes,off_corpus
gula,off_corpus
gulateur,off_corpus
gulateurs,off_corpus
guler,off_corpus
gulrot,off_corpus
guma,off_corpus
gume,off_corpus
guments,off_corpus
gumes,off_corpus
gumi,off_corpus
gummi,off_corpus
gums,off_corpus
gurke,off_corpus
gurkemeie,off_corpus
gurken,off_corpus
guscio,off_corpus
guster,off_corpus
gusto,off_corpus
gut,off_corpus
guten,off_corpus
habas,off_corpus
hach,off_corpus
haddock,off_corpus
hafer,off_corpus
haferflocken,off_corpus
hafermehl,off_corpus
hafervollkornflocken,off_corpus
hafervollkornmehl,off_corpus
hagebutten,off_corpus
halal,off_corpus
half,off_corpus
halfvolle,off_corpus
halose,off_corpus
haltbar,off_corpus
halved,off_corpus
halves,off_corpus
ham,off_corpus
han,off_corpus
hand,off_corpus
handles,off_corpus
handling,off_corpus
hands,off_corpus
hapate,off_corpus
hapettumisenestoaine,off_corpus
happamuudens,off_corpus
happo,off_corpus
happy,off_corpus
har,off_corpus
hard,off_corpus
harde,off_corpus
hardwood,off_corpus
hareng,off_corpus
harengus,off_corpus
haribo,off_corpus
haricot,off_corpus
haricots,off_corpus
harina,off_corpus
harinas,off_corpus
harissa,off_corpus
hartk,off_corpus
hartweizen,off_corpus
hartweizengrie,off_corpus
hartweizengriess,off_corpus
has,off_corpus
haseln,off_corpus
haselnuss,off_corpus
haselnusskerne,off_corpus
haselnussmark,off_corpus
haselnussmasse,off_corpus
haselnusspaste,off_corpus
hass,off_corpus
hasseln,off_corpus
hat,off_corpus
haut,off_corpus
haute,off_corpus
have,off_corpus
havelaar,off_corpus
haver,off_corpus
havermeel,off_corpus
havervlokken,off_corpus
havre,off_corpus
havregryn,off_corpus
havsalt,off_corpus
havssalt,off_corpus
hazelnoot,off_corpus
hazelnoten,off_corpus
hazelnut,off_corpus
hazelnuts,off_corpus
hci,off_corpus
hcl,off_corpus
hco,off_corpus
health,off_corpus
healthy,off_corpus
heart,off_corpus
hearts,off_corpus
heat,off_corpus
heating,off_corpus
heavy,off_corpus
hecho,off_corpus
hefe,off_corpus
hefeextrakt,off_corpus
hei,off_corpus
heidelbeere,off_corpus
heidelbeeren,off_corpus
heinz,off_corpus
helianthus,off_corpus
helix,off_corpus
helmelk,off_corpus
helmelkpulver,off_corpus
helmj,off_corpus
help,off_corpus
helps,off_corpus
helyen,off_corpus
hemp,off_corpus
her,off_corpus
heraf,off_corpus
herb,off_corpus
herbal,off_corpus
herbe,off_corpus
herbes,off_corpus
herbs,off_corpus
here,off_corpus
hergestellt,off_corpus
heringsfilets,off_corpus
herkunft,off_corpus
herring,off_corpus
herstellung,off_corpus
het,off_corpus
heures,off_corpus
hevemiddel,off_corpus
hexametaphosphate,off_corpus
hexyl,off_corpus
hibiscus,off_corpus
hibiskus,off_corpus
hickory,off_corpus
hidr,off_corpus
hidrati,off_corpus
hidratos,off_corpus
hidrogenada,off_corpus
hidrogenado,off_corpus
hidrogenocarbonato,off_corpus
hidrolizada,off_corpus
hidrolizado,off_corpus
hierbas,off_corpus
hierro,off_corpus
high,off_corpus
high-oleic,off_corpus
higher,off_corpus
highlighted,off_corpus
highly,off_corpus
hiiva,off_corpus
himalayan,off_corpus
himbeere,off_corpus
himbeeren,off_corpus
himbeerp,off_corpus
himbeersaft,off_corpus
himbeersaftkonzentrat,off_corpus
hint,off_corpus
hinweis,off_corpus
hips,off_corpus
hirse,off_corpus
hispanica,off_corpus
hitze,off_corpus
hkin,off_corpus
hladnom,off_corpus
hlen,off_corpus
hlingszwiebeln,off_corpus
hlschrank,off_corpus
hlt,off_corpus
hmelj,off_corpus
hmota,off_corpus
hmotnost,off_corpus
hnchen,off_corpus
hnchenbrust,off_corpus
hnchenbrustfilet,off_corpus
hnchenbrustfleisch,off_corpus
hnchenfleisch,off_corpus
hnerei,off_corpus
hnereieiwei,off_corpus
hnereiwei,off_corpus
hnerfett,off_corpus
hnerfleisch,off_corpus
hnervollei,off_corpus
hnervolleipulver,off_corpus
hodnota,off_corpus
hoisin,off_corpus
hojas,off_corpus
hojuelas,off_corpus
holunderbeere,off_corpus
holunderbl,off_corpus
holz,off_corpus
homard,off_corpus
home,off_corpus
homog,off_corpus
homogenisiert,off_corpus
honig,off_corpus
honing,off_corpus
honning,off_corpus
hop,off_corpus
hopextract,off_corpus
hopfen,off_corpus
hopfenextrakt,off_corpus
hops,off_corpus
hornear,off_corpus
hors,off_corpus
horseradish,off_corpus
hortalizas,off_corpus
hot,off_corpus
houblon,off_corpus
houblons,off_corpus
houdbaar,off_corpus
hours,off_corpus
house,off_corpus
how,off_corpus
hrachov,off_corpus
hraniti,off_corpus
hren,off_corpus
hrend,off_corpus
hrung,off_corpus
hrwert,off_corpus
hrwertangaben,off_corpus
hrwerte,off_corpus
https,off_corpus
huevo,off_corpus
huevos,off_corpus
huile,off_corpus
huiles,off_corpus
hull,off_corpus
hulle,off_corpus
hulled,off_corpus
hulpstof,off_corpus
humectant,off_corpus
humectante,off_corpus
humectantes,off_corpus
humectants,off_corpus
humidit,off_corpus
humidity,off_corpus
humle,off_corpus
hummus,off_corpus
humo,off_corpus
husk,off_corpus
hvede,off_corpus
hvedemel,off_corpus
hvete,off_corpus
hvetegluten,off_corpus
hvetemel,off_corpus
hvetestivelse,off_corpus
hvidl,off_corpus
hvit,off_corpus
hvitl,off_corpus
hyaluronate,off_corpus
hydrat,off_corpus
hydrated,off_corpus
hydrochloride,off_corpus
hydrog,off_corpus
hydrogen,off_corpus
hydrogenated,off_corpus
hydrogencarbonat,off_corpus
hydrolys,off_corpus
hydrolysat,off_corpus
hydrolysate,off_corpus
hydrolysed,off_corpus
hydrolysiertes,off_corpus
hydrolyzed,off_corpus
hydroxide,off_corpus
hydroxyde,off_corpus
hydroxypropyl,off_corpus
hydroxypropylm,off_corpus
hydroxypropylmethylcellulose,off_corpus
hypromellose,off_corpus
i-e,off_corpus
iaga,off_corpus
iagos,off_corpus
ica,off_corpus
ice,off_corpus
iceberg,off_corpus
icing,off_corpus
ida,off_corpus
idaho,off_corpus
ide,off_corpus
ideal,off_corpus
identical,off_corpus
identico,off_corpus
identique,off_corpus
idrogenati,off_corpus
idrogenato,off_corpus
ifi,off_corpus
igem,off_corpus
igp,off_corpus
iii,off_corpus
ijzer,off_corpus
ikke,off_corpus
ile,off_corpus
ili,off_corpus
imitation,off_corpus
immediately,off_corpus
import,off_corpus
importado,off_corpus
important,off_corpus
imported,off_corpus
importer,off_corpus
improver,off_corpus
ina,off_corpus
inactive,off_corpus
inate,off_corpus
inc,off_corpus
inchi,off_corpus
incl,off_corpus
include,off_corpus
includes,off_corpus
including,off_corpus
ind,off_corpus
inde,off_corpus
indeholde,off_corpus
indeholder,off_corpus
indekiler,off_corpus
india,off_corpus
indian,off_corpus
indicated,off_corpus
indien,off_corpus
indigotine,off_corpus
indiqu,off_corpus
industria,off_corpus
industrial,off_corpus
ine,off_corpus
ines,off_corpus
inf,off_corpus
inflado,off_corpus
info,off_corpus
inform,off_corpus
informa,off_corpus
informaci,off_corpus
informacion,off_corpus
informatie,off_corpus
information,off_corpus
informationen,off_corpus
informations,off_corpus
informazioni,off_corpus
infus,off_corpus
infused,off_corpus
infusion,off_corpus
infuso,off_corpus
ing,off_corpus
ingef,off_corpus
ingesta,off_corpus
ingr,off_corpus
ingre,off_corpus
ingred,off_corpus
ingredi,off_corpus
ingredien,off_corpus
ingrediens,off_corpus
ingredienser,off_corpus
ingredient,off_corpus
ingrediente,off_corpus
ingredienten,off_corpus
ingredientes,off_corpus
ingredienti,off_corpus
ingredients,off_corpus
ingwer,off_corpus
inhalt,off_corpus
inhaltsstoffe,off_corpus
inhibitor,off_corpus
inhoud,off_corpus
ini,off_corpus
inkiv,off_corpus
inkl,off_corpus
inne,off_corpus
inneh,off_corpus
inneholde,off_corpus
inneholder,off_corpus
inner,off_corpus
innerhalb,off_corpus
ino,off_corpus
inosinate,off_corpus
inosinato,off_corpus
inosit,off_corpus
inositol,off_corpus
ins,off_corpus
ins-,off_corpus
inside,off_corpus
instant,off_corpus
instantan,off_corpus
instructions,off_corpus
int,off_corpus
intake,off_corpus
intakes,off_corpus
integral,off_corpus
integrale,off_corpus
intended,off_corpus
intense,off_corpus
interesterificado,off_corpus
interesterified,off_corpus
international,off_corpus
intero,off_corpus
into,off_corpus
intol,off_corpus
inulin,off_corpus
inulina,off_corpus
inuline,off_corpus
inut,off_corpus
invert,off_corpus
invertase,off_corpus
inverted,off_corpus
inverti,off_corpus
invertido,off_corpus
invertito,off_corpus
invertsuikerstroop,off_corpus
invertzucker,off_corpus
invertzuckersirup,off_corpus
iod,off_corpus
iodat,off_corpus
iodate,off_corpus
iodato,off_corpus
iode,off_corpus
iodide,off_corpus
iodine,off_corpus
iodised,off_corpus
iodized,off_corpus
iodure,off_corpus
ion,off_corpus
ional,off_corpus
ip-suisse,off_corpus
ique,off_corpus
ireland,off_corpus
irish,off_corpus
irlande,off_corpus
iron,off_corpus
irradiated,off_corpus
iso,off_corpus
isoascorbate,off_corpus
isobutyrate,off_corpus
isolat,off_corpus
isolate,off_corpus
isolated,off_corpus
isomalt,off_corpus
isomalto-oligosaccharides,off_corpus
isomaltulose,off_corpus
isopropyl,off_corpus
issu,off_corpus
issue,off_corpus
issues,off_corpus
issus,off_corpus
ist,off_corpus
it's,off_corpus
italia,off_corpus
italian,off_corpus
italiano,off_corpus
italie,off_corpus
italien,off_corpus
italy,off_corpus
itan,off_corpus
itany,off_corpus
item,off_corpus
its,off_corpus
iva,off_corpus
ivov,off_corpus
jab,off_corpus
jable,off_corpus
jack,off_corpus
jackfruit,off_corpus
jacques,off_corpus
jaggery,off_corpus
jahren,off_corpus
jaja,off_corpus
jalape,off_corpus
jalapenos,off_corpus
jam,off_corpus
jama,off_corpus
jamaica,off_corpus
jamais,off_corpus
jambon,off_corpus
japanese,off_corpus
jar,off_corpus
jarabe,off_corpus
jarret,off_corpus
jasmin,off_corpus
jasmine,off_corpus
jauho,off_corpus
jaune,off_corpus
jaunes,off_corpus
jedl,off_corpus
jelly,off_corpus
jengibre,off_corpus
jeunes,off_corpus
jod,off_corpus
jodi,off_corpus
jodiert,off_corpus
jodiertes,off_corpus
jodioitu,off_corpus
jodsalz,off_corpus
joghurt,off_corpus
joghurterzeugnis,off_corpus
joghurtkulturen,off_corpus
jogurt,off_corpus
jogurtov,off_corpus
jogurtowych,off_corpus
johannesbr,off_corpus
johannesbroodpitmeel,off_corpus
johannisbeere,off_corpus
johannisbeeren,off_corpus
johannisbeersaft,off_corpus
johannisbeersaftkonzentrat,off_corpus
johannisbrotkernmehl,off_corpus
jojoba,off_corpus
jordb,off_corpus
jordn,off_corpus
josta,off_corpus
jour,off_corpus
jours,off_corpus
jov,off_corpus
jud,off_corpus
jugo,off_corpus
juices,off_corpus
jumbo,off_corpus
jus,off_corpus
jusqu',off_corpus
jusqu'au,off_corpus
just,off_corpus
kaakaojauhe,off_corpus
kaakaomassa,off_corpus
kaakaovoi,off_corpus
kaas,off_corpus
kaaspoeder,off_corpus
kaffe,off_corpus
kaffee,off_corpus
kaffir,off_corpus
kaka,off_corpus
kakao,off_corpus
kakaobutter,off_corpus
kakaobutter',off_corpus
kakaohaltige,off_corpus
kakaomassa,off_corpus
kakaomasse,off_corpus
kakaomasse',off_corpus
kakaopulver,off_corpus
kakaopulver',off_corpus
kakaosm,off_corpus
kakaov,off_corpus
kakaova,off_corpus
kakaowa,off_corpus
kakaowy,off_corpus
kakavos,off_corpus
kal,off_corpus
kalamata,off_corpus
kale,off_corpus
kalijev,off_corpus
kalium,off_corpus
kaliumcarbonat,off_corpus
kaliumcarbonate,off_corpus
kaliumchlorid,off_corpus
kaliumchloride,off_corpus
kaliumcitrat,off_corpus
kaliumcitrate,off_corpus
kaliumiodat,off_corpus
kaliumiodid,off_corpus
kaliumjodat,off_corpus
kaliumjodid,off_corpus
kaliumlactaat,off_corpus
kaliumlactat,off_corpus
kaliummetabisulfit,off_corpus
kaliumnitrat,off_corpus
kaliumsorbaat,off_corpus
kaliumsorbat,off_corpus
kalsium,off_corpus
kamille,off_corpus
kamut,off_corpus
kan,off_corpus
kandierte,off_corpus
kaneel,off_corpus
kanel,off_corpus
kann,off_corpus
kapern,off_corpus
kar,off_corpus
karagen,off_corpus
karagenan,off_corpus
karamel,off_corpus
karamell,off_corpus
karamellisierter,off_corpus
karamellsirup,off_corpus
karamellzucker,off_corpus
karamellzuckersirup,off_corpus
karaya,off_corpus
karbonat,off_corpus
karbonati,off_corpus
kardamom,off_corpus
kardemom,off_corpus
karit,off_corpus
karmel,off_corpus
karmin,off_corpus
karoten,off_corpus
karoteny,off_corpus
karotte,off_corpus
karotten,off_corpus
karottenextrakt,off_corpus
karottenkonzentrat,off_corpus
karottensaft,off_corpus
karottensaftkonzentrat,off_corpus
karragenan,off_corpus
kartoffel,off_corpus
kartoffelflocken,off_corpus
kartoffeln,off_corpus
kartoffelp,off_corpus
kartoffelprotein,off_corpus
kartoffelpulver,off_corpus
kartoffelst,off_corpus
kasvi,off_corpus
kasza,off_corpus
katsuwonus,off_corpus
kaufland,off_corpus
kaumasse,off_corpus
kaura,off_corpus
kawa,off_corpus
kben,off_corpus
kca,off_corpus
kcal,off_corpus
keep,off_corpus
kefir,off_corpus
kelsalz,off_corpus
kem,off_corpus
ker,off_corpus
kerma,off_corpus
kernel,off_corpus
kernels,off_corpus
kers,off_corpus
ket,off_corpus
keta,off_corpus
ketchup,off_corpus
ketim,off_corpus
keurmerk,off_corpus
key,off_corpus
kft,off_corpus
khorasan,off_corpus
kibbled,off_corpus
kichererbsen,off_corpus
kichererbsenmehl,off_corpus
kidney,off_corpus
kidneybohnen,off_corpus
kikiriki,off_corpus
kikkererwten,off_corpus
kilo,off_corpus
kimchi,off_corpus
kinder,off_corpus
kinderen,off_corpus
kindern,off_corpus
king,off_corpus
kingdom,off_corpus
kip,off_corpus
kipfilet,off_corpus
kippenvet,off_corpus
kippenvlees,off_corpus
kirsch,off_corpus
kirsche,off_corpus
kirschen,off_corpus
kirschsaftkonzentrat,off_corpus
kiselina,off_corpus
kiseline,off_corpus
kiselosti,off_corpus
kislina,off_corpus
kitchen,off_corpus
kivonat,off_corpus
kiwi,off_corpus
klasse,off_corpus
kleine,off_corpus
kleurend,off_corpus
kleurstof,off_corpus
kleurstoffen,off_corpus
knina,off_corpus
knoblauch,off_corpus
knoblauchpulver,off_corpus
knoflook,off_corpus
knoflookpoeder,off_corpus
knoflookpuree,off_corpus
knorr,off_corpus
know,off_corpus
ko-,off_corpus
kochen,off_corpus
kochsalz,off_corpus
koel,off_corpus
koelkast,off_corpus
koemelk,off_corpus
kofeina,off_corpus
koffein,off_corpus
koffie,off_corpus
kohl,off_corpus
kohlendioxid,off_corpus
kohlenhydrate,off_corpus
kohlens,off_corpus
koji,off_corpus
kojih,off_corpus
kokos,off_corpus
kokosbl,off_corpus
kokosfett,off_corpus
kokosmelk,off_corpus
kokosmilch,off_corpus
kokosn,off_corpus
kokosnuss,off_corpus
kokosnussextrakt,off_corpus
kokosnussmilch,off_corpus
kokosolie,off_corpus
kokosolje,off_corpus
kokosov,off_corpus
kokosowy,off_corpus
kokosraspel,off_corpus
kokosraspeln,off_corpus
kokosvet,off_corpus
kokt,off_corpus
kola,off_corpus
koli,off_corpus
kollagenhydrolysat,off_corpus
kologischem,off_corpus
kologischer,off_corpus
kologisk,off_corpus
kologiske,off_corpus
kolsyrat,off_corpus
kombu,off_corpus
kombucha,off_corpus
komijn,off_corpus
komijnzaad,off_corpus
kon,off_corpus
koncentr,off_corpus
koncentrat,off_corpus
koncentrovan,off_corpus
kondensierte,off_corpus
kondensmagermilch,off_corpus
kondensmilch,off_corpus
konjac,off_corpus
konjak,off_corpus
konsentrat,off_corpus
konsentrert,off_corpus
konserveringsmedel,off_corpus
konserveringsmiddel,off_corpus
konserveringsmidler,off_corpus
konservierungsmittel,off_corpus
konservierungsstoff,off_corpus
konservierungsstoffe,off_corpus
konserwuj,off_corpus
kontakt,off_corpus
kontrolliert,off_corpus
konzentrat,off_corpus
konzentrate,off_corpus
konzentriert,off_corpus
konzentrierter,off_corpus
konzervans,off_corpus
konzervant,off_corpus
kookos,off_corpus
kool,off_corpus
koolhydraten,off_corpus
koolzaad,off_corpus
koolzaadolie,off_corpus
koolzuurhoudend,off_corpus
korean,off_corpus
koriander,off_corpus
korianderzaad,off_corpus
korn,off_corpus
kov,off_corpus
kowy,off_corpus
kpulver,off_corpus
kraft,off_corpus
kraut,off_corpus
krebstieren,off_corpus
krem,off_corpus
kremfl,off_corpus
kreuzk,off_corpus
krob,off_corpus
kruiden,off_corpus
kruidnagel,off_corpus
krupica,off_corpus
krupice,off_corpus
krydder,off_corpus
krydderblanding,off_corpus
krydderekstrakt,off_corpus
krydderier,off_corpus
kryddextrakt,off_corpus
kryddor,off_corpus
ksantanowa,off_corpus
kspulver,off_corpus
kuhinjska,off_corpus
kuhmilch,off_corpus
kukoricakem,off_corpus
kuku,off_corpus
kukuruzni,off_corpus
kukurydziana,off_corpus
kullsyreholdig,off_corpus
kult,off_corpus
kultur,off_corpus
kultura,off_corpus
kulturen,off_corpus
kultury,off_corpus
kupfersulfat,off_corpus
kurczaka,off_corpus
kurkuma,off_corpus
kurkumin,off_corpus
kuru,off_corpus
kvapioji,off_corpus
kvasac,off_corpus
kvasn,off_corpus
kvie,off_corpus
kwark,off_corpus
kwas,off_corpus
kwasowo,off_corpus
kwasy,off_corpus
kylling,off_corpus
kyp,off_corpus
kyselin,off_corpus
kyselina,off_corpus
kyseliny,off_corpus
kyselosti,off_corpus
l'abri,off_corpus
l'acide,off_corpus
l'acidit,off_corpus
l'activit,off_corpus
l'agriculture,off_corpus
l'ail,off_corpus
l'alcool,off_corpus
l'ancienne,off_corpus
l'apertura,off_corpus
l'attention,off_corpus
l'eau,off_corpus
l'emballage,off_corpus
l'ensemble,off_corpus
l'huile,off_corpus
l'humidit,off_corpus
l'oc,off_corpus
l'oeuf,off_corpus
l'orge,off_corpus
l'ue,off_corpus
l-arginine,off_corpus
l-asc,off_corpus
l-ascorbic,off_corpus
l-ascorbico,off_corpus
l-ascorbins,off_corpus
l-ascorbique,off_corpus
l-carnitine,off_corpus
l-citrulline,off_corpus
l-cyst,off_corpus
l-cysteine,off_corpus
l-glutamate,off_corpus
l-glutamine,off_corpus
l-histidine,off_corpus
l-isoleucine,off_corpus
l-leucine,off_corpus
l-lysine,off_corpus
l-tartrate,off_corpus
l-theanine,off_corpus
l-tryptophan,off_corpus
l-tryptophane,off_corpus
l-tyrosine,off_corpus
l-valine,off_corpus
lab,off_corpus
labaustauschstoff,off_corpus
label,off_corpus
labor,off_corpus
lac,off_corpus
laca,off_corpus
lachs,off_corpus
lact,off_corpus
lactasa,off_corpus
lactase,off_corpus
lactate,off_corpus
lactato,off_corpus
lacteos,off_corpus
lactice,off_corpus
lacticos,off_corpus
lactilato,off_corpus
lactique,off_corpus
lactiques,off_corpus
lactis,off_corpus
lacto,off_corpus
lactobacillus,off_corpus
lactococcus,off_corpus
lactone,off_corpus
lactos,off_corpus
lactosa,off_corpus
lactose,off_corpus
lactoserum,off_corpus
lactosuero,off_corpus
lactoz,off_corpus
lactylat,off_corpus
lactylate,off_corpus
lagem,off_corpus
lager,off_corpus
lagern,off_corpus
lagerung,off_corpus
lahko,off_corpus
lai,off_corpus
laisser,off_corpus
lait,off_corpus
laiti,off_corpus
laitier,off_corpus
laitiere,off_corpus
laitiers,off_corpus
laitue,off_corpus
lake,off_corpus
lakt,off_corpus
laktase,off_corpus
laktoositon,off_corpus
laktose,off_corpus
laktosefrei,off_corpus
laktosegehalt,off_corpus
laktoz,off_corpus
laktoza,off_corpus
lalt,off_corpus
lamb,off_corpus
lamelles,off_corpus
lampone,off_corpus
lamponi,off_corpus
land,off_corpus
landbau,off_corpus
landbouw,off_corpus
lande,off_corpus
landwirtschaft,off_corpus
lang,off_corpus
lange,off_corpus
langer,off_corpus
langkornreis,off_corpus
langue,off_corpus
lanka,off_corpus
lapin,off_corpus
lapte,off_corpus
lar,off_corpus
laranja,off_corpus
lard,off_corpus
lardon,off_corpus
lardons,off_corpus
large,off_corpus
las,off_corpus
laskowe,off_corpus
lasse,off_corpus
lassen,off_corpus
lat,off_corpus
late,off_corpus
lateur,off_corpus
latine,off_corpus
lato,off_corpus
latte,off_corpus
lattici,off_corpus
lattico,off_corpus
lattosio,off_corpus
lauch,off_corpus
laurel,off_corpus
laureth,off_corpus
laurier,off_corpus
lauroyl,off_corpus
lauryl,off_corpus
lavande,off_corpus
lavas,off_corpus
lavender,off_corpus
laver,off_corpus
laxatifs,off_corpus
laxative,off_corpus
layer,off_corpus
lcico,off_corpus
lcio,off_corpus
lcool,off_corpus
ldimogyor,off_corpus
leaf,off_corpus
lean,off_corpus
learn,off_corpus
least,off_corpus
leavening,off_corpus
leaves,off_corpus
lebensmittel,off_corpus
lebensweise,off_corpus
leche,off_corpus
lecit,off_corpus
lecithin,off_corpus
lecithin-an,off_corpus
lecithine,off_corpus
lecithinen,off_corpus
lecithines,off_corpus
lecithins,off_corpus
lecitin,off_corpus
lecitina,off_corpus
lecitinas,off_corpus
lecitine,off_corpus
lecitinek,off_corpus
lecitini,off_corpus
lecitiny,off_corpus
lectionn,off_corpus
lecytyna,off_corpus
lecytyny,off_corpus
leek,off_corpus
leeks,off_corpus
lees,off_corpus
leg,off_corpus
legumes,off_corpus
leicester,off_corpus
leicht,off_corpus
leinsaat,off_corpus
leinsamen,off_corpus
leite,off_corpus
lemnoas,off_corpus
lemongrass,off_corpus
lemons,off_corpus
len,off_corpus
lentejas,off_corpus
lenticchie,off_corpus
lentil,off_corpus
lentille,off_corpus
lentilles,off_corpus
lentils,off_corpus
leo,off_corpus
leos,off_corpus
lepek,off_corpus
ler,off_corpus
leri,off_corpus
leri-rave,off_corpus
les,off_corpus
lesitini,off_corpus
leszt,off_corpus
let,off_corpus
lettre,off_corpus
lettuce,off_corpus
leucine,off_corpus
leudante,off_corpus
leudantes,off_corpus
leur,off_corpus
lev,off_corpus
levadura,off_corpus
levage,off_corpus
levain,off_corpus
levant,off_corpus
levante,off_corpus
levants,off_corpus
levedante,off_corpus
levedantes,off_corpus
levedura,off_corpus
leven,off_corpus
lever,off_corpus
levure,off_corpus
levures,off_corpus
ley,off_corpus
lgat,off_corpus
libre,off_corpus
lic,off_corpus
licence,off_corpus
license,off_corpus
lich,off_corpus
licht,off_corpus
lico,off_corpus
licor,off_corpus
licorice,off_corpus
lid,off_corpus
lidl,off_corpus
lidos,off_corpus
lie,off_corpus
liebst,off_corpus
lieu,off_corpus
lievitante,off_corpus
lievitanti,off_corpus
lievito,off_corpus
life,off_corpus
lifestyle,off_corpus
lifi,off_corpus
lifiant,off_corpus
lifiants,off_corpus
light,off_corpus
lightly,off_corpus
lihov,off_corpus
lijnzaad,off_corpus
like,off_corpus
lim,off_corpus
lima,off_corpus
limette,off_corpus
limettensaft,off_corpus
limettensaftkonzentrat,off_corpus
limited,off_corpus
limoensap,off_corpus
limon,off_corpus
limone,off_corpus
limonene,off_corpus
limunska,off_corpus
lin,off_corpus
linalool,off_corpus
linaza,off_corpus
lindt,off_corpus
line,off_corpus
linfr,off_corpus
lingots,off_corpus
linha,off_corpus
linne,off_corpus
linny,off_corpus
lino,off_corpus
linseed,off_corpus
linseeds,off_corpus
linsen,off_corpus
lion's,off_corpus
liorant,off_corpus
lipase,off_corpus
lipides,off_corpus
lipidos,off_corpus
lipolyzed,off_corpus
liqueur,off_corpus
liquid,off_corpus
liquide,off_corpus
liquides,off_corpus
liquido,off_corpus
liquor,off_corpus
liquorice,off_corpus
lis,off_corpus
lisozima,off_corpus
lisse,off_corpus
list,off_corpus
listao,off_corpus
liste,off_corpus
litchi,off_corpus
liter,off_corpus
lithothamnium,off_corpus
litopenaeus,off_corpus
litre,off_corpus
little,off_corpus
lium-szorb,off_corpus
liv,off_corpus
live,off_corpus
liver,off_corpus
lje,off_corpus
ljy,off_corpus
lkovina,off_corpus
lkprotein,off_corpus
lkpulver,off_corpus
lkspulver,off_corpus
lla,off_corpus
llc,off_corpus
llchen,off_corpus
lle,off_corpus
ller,off_corpus
llet,off_corpus
llstoff,off_corpus
llt,off_corpus
llung,off_corpus
lna,off_corpus
lobster,off_corpus
loc,off_corpus
local,off_corpus
locust,off_corpus
lodide,off_corpus
lodine,off_corpus
lodised,off_corpus
lodized,off_corpus
logo,off_corpus
loin,off_corpus
lolla,off_corpus
lollo,off_corpus
london,off_corpus
long,off_corpus
longum,off_corpus
lontano,off_corpus
lorbeer,off_corpus
lorbeerbl,off_corpus
los,off_corpus
lot,off_corpus
lote,off_corpus
lotto,off_corpus
lotus,off_corpus
lovage,off_corpus
love,off_corpus
low,off_corpus
low-fat,off_corpus
low-moisture,off_corpus
lower,off_corpus
lowfat,off_corpus
lstv,off_corpus
ltd,off_corpus
lte,off_corpus
lter,off_corpus
ltes,off_corpus
luce,off_corpus
lucuma,off_corpus
lugar,off_corpus
luk,off_corpus
lule,off_corpus
lumi,off_corpus
luogo,off_corpus
luontainen,off_corpus
luontaiset,off_corpus
lupin,off_corpus
lupine,off_corpus
lupinen,off_corpus
lupinenmehl,off_corpus
lupini,off_corpus
luppolo,off_corpus
lut,off_corpus
lutein,off_corpus
luz,off_corpus
lychee,off_corpus
lycopene,off_corpus
lyophilis,off_corpus
lyoz,off_corpus
lysozym,off_corpus
lysozyme,off_corpus
m's,off_corpus
maap,off_corpus
mac,off_corpus
maca,off_corpus
macadamia,off_corpus
macadamian,off_corpus
macadamias,off_corpus
macaron,off_corpus
macaroni,off_corpus
mace,off_corpus
macinato,off_corpus
macis,off_corpus
mackerel,off_corpus
mad,off_corpus
madagascar,off_corpus
made,off_corpus
madre,off_corpus
mager,off_corpus
magere,off_corpus
mageremelkpoeder,off_corpus
magerer,off_corpus
mageres,off_corpus
magermilch,off_corpus
magermilchjoghurt,off_corpus
magermilchjoghurtpulver,off_corpus
magermilchpulver,off_corpus
magerstufe,off_corpus
magn,off_corpus
magnesio,off_corpus
magnesium,off_corpus
magnesiumcarbonat,off_corpus
magnesiumchlorid,off_corpus
magnesiumsalze,off_corpus
magret,off_corpus
magro,off_corpus
mai,off_corpus
maida,off_corpus
maigre,off_corpus
main,off_corpus
maintain,off_corpus
maintains,off_corpus
mais,off_corpus
maisgrie,off_corpus
maismehl,off_corpus
maismel,off_corpus
maissit,off_corpus
maisst,off_corpus
maisstivelse,off_corpus
maiszetmeel,off_corpus
maitake,off_corpus
maito,off_corpus
maitoa,off_corpus
maitojauhe,off_corpus
maitoproteiini,off_corpus
maiz,off_corpus
maize,off_corpus
majoran,off_corpus
majs,off_corpus
majsst,off_corpus
majsstivelse,off_corpus
maka,off_corpus
make,off_corpus
makeutusaineet,off_corpus
mal,off_corpus
malate,off_corpus
malates,off_corpus
malgr,off_corpus
malico,off_corpus
malique,off_corpus
malt,off_corpus
malta,off_corpus
maltato,off_corpus
malte,off_corpus
malteada,off_corpus
malted,off_corpus
maltet,off_corpus
maltit,off_corpus
maltitol,off_corpus
maltitolo,off_corpus
maltitols,off_corpus
maltitsirup,off_corpus
malto,off_corpus
maltodekstriini,off_corpus
maltodekstrin,off_corpus
maltodekstryna,off_corpus
maltodestrina,off_corpus
maltodestrine,off_corpus
maltodextrin,off_corpus
maltodextrina,off_corpus
maltodextrine,off_corpus
maltodextrines,off_corpus
maltose,off_corpus
malts,off_corpus
malzextrakt,off_corpus
malzmehl,off_corpus
mam,off_corpus
man,off_corpus
manchons,off_corpus
mandarin,off_corpus
mandarine,off_corpus
mandel,off_corpus
mandeln,off_corpus
mandioca,off_corpus
mandler,off_corpus
mandorle,off_corpus
mane,off_corpus
manga,off_corpus
mangan,off_corpus
manganese,off_corpus
mangansulfat,off_corpus
mangoes,off_corpus
mangomark,off_corpus
mangop,off_corpus
mangos,off_corpus
mangue,off_corpus
mangues,off_corpus
mani,off_corpus
manioc,off_corpus
mannitol,off_corpus
manteca,off_corpus
manteiga,off_corpus
mantener,off_corpus
mantequilla,off_corpus
manufactured,off_corpus
manufacturing,off_corpus
manuka,off_corpus
manzana,off_corpus
manzanilla,off_corpus
maquereau,off_corpus
maquereaux,off_corpus
maqui,off_corpus
mar,off_corpus
maracuja,off_corpus
maracujasaft,off_corpus
maracujasaftkonzentrat,off_corpus
maravilla,off_corpus
marc,off_corpus
marca,off_corpus
marchew,off_corpus
marchwi,off_corpus
mare,off_corpus
margarin,off_corpus
margarina,off_corpus
margarine,off_corpus
marin,off_corpus
marina,off_corpus
marinade,off_corpus
marinated,off_corpus
marine,off_corpus
marines,off_corpus
marinho,off_corpus
marinierte,off_corpus
marino,off_corpus
marjolaine,off_corpus
marjoram,off_corpus
mark,off_corpus
market,off_corpus
marks,off_corpus
maroc,off_corpus
marque,off_corpus
marron,off_corpus
marrons,off_corpus
mars,off_corpus
marsala,off_corpus
marshmallow,off_corpus
marshmallows,off_corpus
marzipan,off_corpus
mas,off_corpus
masa,off_corpus
masala,off_corpus
mascarpone,off_corpus
mashed,off_corpus
maslac,off_corpus
maslo,off_corpus
masne,off_corpus
masnih,off_corpus
maso,off_corpus
mass,off_corpus
massa,off_corpus
masse,off_corpus
massique,off_corpus
massza,off_corpus
mast,off_corpus
masti,off_corpus
mastn,off_corpus
mat,off_corpus
matcha,off_corpus
mate,off_corpus
materia,off_corpus
material,off_corpus
mati,off_corpus
matiere,off_corpus
matieres,off_corpus
matricaria,off_corpus
mature,off_corpus
mausteet,off_corpus
max,off_corpus
maxi,off_corpus
maximum,off_corpus
mayo,off_corpus
mayonnaise,off_corpus
mays,off_corpus
mcg,off_corpus
mct,off_corpus
meal,off_corpus
means,off_corpus
meat,off_corpus
meatballs,off_corpus
mec,off_corpus
mechanically,off_corpus
med,off_corpus
medel,off_corpus
medi,off_corpus
media,off_corpus
medical,off_corpus
medio,off_corpus
medios,off_corpus
medium,off_corpus
medium-chain,off_corpus
meel,off_corpus
meelverbeteraar,off_corpus
meer,off_corpus
meerrettich,off_corpus
meersalz,off_corpus
meg,off_corpus
mehl,off_corpus
mehlbehandlungsmittel,off_corpus
mehr,off_corpus
meilleur,off_corpus
mejorador,off_corpus
mel,off_corpus
mela,off_corpus
melange,off_corpus
melasse,off_corpus
melaza,off_corpus
melbehandlingsmiddel,off_corpus
mele,off_corpus
melissa,off_corpus
melk,off_corpus
melkbestanddelen,off_corpus
melkchocolade,off_corpus
melkeiwit,off_corpus
melkeiwitten,off_corpus
melkeprotein,off_corpus
melkepulver,off_corpus
melkesyre,off_corpus
melkesyrekultur,off_corpus
melkpoeder,off_corpus
melkvet,off_corpus
melkzuur,off_corpus
melocot,off_corpus
melon,off_corpus
melons,off_corpus
men,off_corpus
menaquinone-,off_corpus
mengandung,off_corpus
menge,off_corpus
meni,off_corpus
menores,off_corpus
menos,off_corpus
ment,off_corpus
menta,off_corpus
mentha,off_corpus
menthe,off_corpus
menthol,off_corpus
mentine,off_corpus
ments,off_corpus
mer,off_corpus
mere,off_corpus
merguez,off_corpus
meringue,off_corpus
merisuola,off_corpus
merlot,off_corpus
merlu,off_corpus
merluccius,off_corpus
merluzzo,off_corpus
mes,off_corpus
meso,off_corpus
mesquite,off_corpus
met,off_corpus
metabissulfito,off_corpus
metabisulfite,off_corpus
metabisulfito,off_corpus
metabisulphite,off_corpus
methods,off_corpus
methyl,off_corpus
methylcellulose,off_corpus
methylcobalamin,off_corpus
mexican,off_corpus
mexico,off_corpus
mexique,off_corpus
mezcla,off_corpus
mi-r,off_corpus
mi-s,off_corpus
miazga,off_corpus
mica,off_corpus
micellar,off_corpus
mico,off_corpus
micos,off_corpus
micro,off_corpus
micro-ondes,off_corpus
microbial,off_corpus
microbiano,off_corpus
microbico,off_corpus
microbieel,off_corpus
microbien,off_corpus
microbienne,off_corpus
microbiennes,off_corpus
microcristalina,off_corpus
microcristalline,off_corpus
microcrystalline,off_corpus
microwave,off_corpus
mid,off_corpus
middel,off_corpus
midler,off_corpus
mie,off_corpus
miejscu,off_corpus
miel,off_corpus
miele,off_corpus
miels,off_corpus
mieszanka,off_corpus
mietanka,off_corpus
migda,off_corpus
mignon,off_corpus
migros,off_corpus
mik,off_corpus
mikrobiell,off_corpus
mikrobieller,off_corpus
mikrobielles,off_corpus
miktarda,off_corpus
mil,off_corpus
milch,off_corpus
milchanteil,off_corpus
milcheiwei,off_corpus
milcheiweiss,off_corpus
milchfett,off_corpus
milchprotein,off_corpus
milchpulver,off_corpus
milchs,off_corpus
milchschokolade,off_corpus
milchzucker,off_corpus
mild,off_corpus
milho,off_corpus
milkfat,off_corpus
mill,off_corpus
milled,off_corpus
millet,off_corpus
milliliter,off_corpus
mills,off_corpus
miltai,off_corpus
milteliai,off_corpus
min,off_corpus
mina,off_corpus
minc,off_corpus
mince,off_corpus
minced,off_corpus
mind,off_corpus
mindestens,off_corpus
miner,off_corpus
mineraalwater,off_corpus
mineraalzout,off_corpus
minerais,off_corpus
mineral,off_corpus
minerale,off_corpus
mineralen,off_corpus
minerales,off_corpus
minerals,off_corpus
mineralstoffe,off_corpus
mineralwasser,off_corpus
mini,off_corpus
minim,off_corpus
minimo,off_corpus
minimum,off_corpus
mins,off_corpus
minst,off_corpus
minste,off_corpus
mint,off_corpus
minute,off_corpus
minuten,off_corpus
minutes,off_corpus
minuti,off_corpus
minutos,off_corpus
minyak,off_corpus
minze,off_corpus
mirabelle,off_corpus
mirin,off_corpus
mirtilli,off_corpus
mirtillo,off_corpus
mis,off_corpus
miscela,off_corpus
mischung,off_corpus
mise,off_corpus
mit,off_corpus
mittel,off_corpus
mix,off_corpus
mixed,off_corpus
mixture,off_corpus
mizuna,off_corpus
mjestu,off_corpus
mle,off_corpus
mleczna,off_corpus
mleczny,off_corpus
mleka,off_corpus
mleko,off_corpus
mlekowy,off_corpus
mlet,off_corpus
mlie,off_corpus
mlieko,off_corpus
mlije,off_corpus
mlijeka,off_corpus
mlijeko,off_corpus
mmel,off_corpus
mne,off_corpus
mnen,off_corpus
mod,off_corpus
modalit,off_corpus
mode,off_corpus
modena,off_corpus
modi,off_corpus
modifi,off_corpus
modificado,off_corpus
modificat,off_corpus
modificato,off_corpus
modificeret,off_corpus
modificirani,off_corpus
modifie,off_corpus
modifierad,off_corpus
modifikovan,off_corpus
modifisert,off_corpus
modifizierte,off_corpus
modo,off_corpus
modyfikowana,off_corpus
moins,off_corpus
mois,off_corpus
moisture,off_corpus
moka,off_corpus
mola,off_corpus
mold,off_corpus
molho,off_corpus
molida,off_corpus
molido,off_corpus
molke,off_corpus
molkeneiwei,off_corpus
molkenerzeugnis,off_corpus
molkenproteinkonzentrat,off_corpus
molkenpulver,off_corpus
molkepulver,off_corpus
molle,off_corpus
molluschi,off_corpus
molluscs,off_corpus
mollusque,off_corpus
mollusques,off_corpus
moluscos,off_corpus
molybdate,off_corpus
molybdenum,off_corpus
mon,off_corpus
mond,off_corpus
mondelez,off_corpus
money,off_corpus
monk,off_corpus
monkfruit,off_corpus
mono,off_corpus
mono-,off_corpus
mono-and,off_corpus
mono-diglycerides,off_corpus
mono-e,off_corpus
mono-et,off_corpus
mono-und,off_corpus
monoac,off_corpus
monoc,off_corpus
monocalcique,off_corpus
monocalcium,off_corpus
monoestearato,off_corpus
monoester,off_corpus
monoesters,off_corpus
monoglic,off_corpus
monoglyc,off_corpus
monoglyceride,off_corpus
monoglycerides,off_corpus
monohydrate,off_corpus
mononatriumglutamaat,off_corpus
mononatriumglutamat,off_corpus
mononitrate,off_corpus
mononitrate-b,off_corpus
mononitrato,off_corpus
monophosphate,off_corpus
monopotassique,off_corpus
monopotassium,off_corpus
monos,off_corpus
monosodico,off_corpus
monosodique,off_corpus
monosodowy,off_corpus
monoss,off_corpus
monost,off_corpus
monostearate,off_corpus
monounsaturated,off_corpus
mont,off_corpus
montagne,off_corpus
monterey,off_corpus
month,off_corpus
months,off_corpus
mor,off_corpus
mora,off_corpus
morango,off_corpus
morceau,off_corpus
morceaux,off_corpus
more,off_corpus
moreno,off_corpus
morhua,off_corpus
morilles,off_corpus
moringa,off_corpus
morot,off_corpus
morska,off_corpus
mortierella,off_corpus
morue,off_corpus
moscada,off_corpus
moscata,off_corpus
most,off_corpus
mostarda,off_corpus
mostaza,off_corpus
mosterd,off_corpus
mosterdzaad,off_corpus
mosto,off_corpus
mouka,off_corpus
moule,off_corpus
moules,off_corpus
moulu,off_corpus
moulue,off_corpus
moulues,off_corpus
mountain,off_corpus
mousse,off_corpus
moutarde,off_corpus
moutmeel,off_corpus
mouton,off_corpus
moyen,off_corpus
moyenne,off_corpus
moyennes,off_corpus
mozzarella,off_corpus
mrkev,off_corpus
msc,off_corpus
much,off_corpus
muesli,off_corpus
muffin,off_corpus
mulsifiant,off_corpus
mulsifiants,off_corpus
multigrain,off_corpus
mung,off_corpus
mungo,off_corpus
muscade,off_corpus
muscadet,off_corpus
muscle,off_corpus
muscovado,off_corpus
mushrooms,off_corpus
muskat,off_corpus
muskatnuss,off_corpus
must,off_corpus
mustapippuri,off_corpus
mustar,off_corpus
muunnettu,off_corpus
mycoprotein,off_corpus
mykiss,off_corpus
myrtille,off_corpus
myrtilles,off_corpus
mysepulver,off_corpus
mytilus,off_corpus
n'est,off_corpus
nabati,off_corpus
nabina,off_corpus
nach,off_corpus
nachhaltigem,off_corpus
nacho,off_corpus
nahrwerte,off_corpus
nainte,off_corpus
najbolje,off_corpus
najlepiej,off_corpus
najmanj,off_corpus
name,off_corpus
nan,off_corpus
nane,off_corpus
nanes,off_corpus
nap,off_corpus
napa,off_corpus
nappage,off_corpus
napraforg,off_corpus
naranja,off_corpus
nare,off_corpus
nas,off_corpus
nasiona,off_corpus
nasycen,off_corpus
nasycone,off_corpus
nat,off_corpus
nata,off_corpus
natamicina,off_corpus
natamycin,off_corpus
natamycine,off_corpus
nate,off_corpus
nativ,off_corpus
native,off_corpus
natives,off_corpus
natrijev,off_corpus
natrijevi,off_corpus
natrium,off_corpus
natriumacetat,off_corpus
natriumacetate,off_corpus
natriumacetaten,off_corpus
natriumalginat,off_corpus
natriumascorbaat,off_corpus
natriumascorbat,off_corpus
natriumbenzoaat,off_corpus
natriumbenzoat,off_corpus
natriumbicarbonaat,off_corpus
natriumcarbonat,off_corpus
natriumcarbonate,off_corpus
natriumcarbonaten,off_corpus
natriumcitraat,off_corpus
natriumcitrat,off_corpus
natriumcitrate,off_corpus
natriumcitraten,off_corpus
natriumcyclamat,off_corpus
natriumdiacetat,off_corpus
natriumhydrogencarbonat,off_corpus
natriumhydroxid,off_corpus
natriumisoascorbat,off_corpus
natriumlactat,off_corpus
natriummetabisulfit,off_corpus
natriumnitriet,off_corpus
natriumnitrit,off_corpus
natriumnitritt,off_corpus
natriumphosphate,off_corpus
natriumsaccharin,off_corpus
natriumselenit,off_corpus
natriumstearoyl-,off_corpus
natriumwaterstofcarbonaat,off_corpus
natu,off_corpus
natur,off_corpus
natura,off_corpus
naturais,off_corpus
naturale,off_corpus
naturales,off_corpus
naturali,off_corpus
naturally,off_corpus
naturalmente,off_corpus
naturalne,off_corpus
naturalny,off_corpus
nature,off_corpus
nature-identical,off_corpus
naturel,off_corpus
naturelle,off_corpus
naturellement,off_corpus
naturelles,off_corpus
naturels,off_corpus
naturlig,off_corpus
naturliga,off_corpus
naturlige,off_corpus
natursauerteig,off_corpus
natuurazijn,off_corpus
natuurlijk,off_corpus
natuurlijke,off_corpus
navet,off_corpus
navets,off_corpus
navette,off_corpus
navy,off_corpus
ncia,off_corpus
ndano,off_corpus
ndanos,off_corpus
nde,off_corpus
nderlichen,off_corpus
ndig,off_corpus
ndoa,off_corpus
ndoas,off_corpus
neas,off_corpus
nectar,off_corpus
nederland,off_corpus
needs,off_corpus
negra,off_corpus
negro,off_corpus
negru,off_corpus
nel,off_corpus
nelken,off_corpus
nella,off_corpus
nello,off_corpus
nem,off_corpus
nems,off_corpus
nen,off_corpus
neotame,off_corpus
ner,off_corpus
nera,off_corpus
nere,off_corpus
nerg,off_corpus
nergie,off_corpus
nero,off_corpus
nes,off_corpus
nestl,off_corpus
nestle,off_corpus
net,off_corpus
netherlands,off_corpus
neto,off_corpus
nett,off_corpus
netto,off_corpus
nettogewicht,off_corpus
neufchatel,off_corpus
new,off_corpus
nez,off_corpus
nga,off_corpus
nger,off_corpus
ngr,off_corpus
ngredientes,off_corpus
ngredients,off_corpus
nhidr,off_corpus
nia,off_corpus
niacin,off_corpus
niacina,off_corpus
niacinamida,off_corpus
niacinamide,off_corpus
niacine,off_corpus
niacyna,off_corpus
nibs,off_corpus
nica,off_corpus
nice,off_corpus
nicht,off_corpus
nicht-eu,off_corpus
nico,off_corpus
nicotinamid,off_corpus
nicotinamida,off_corpus
nicotinamide,off_corpus
nicov,off_corpus
nie,off_corpus
niet,off_corpus
niet-eu,off_corpus
nigari,off_corpus
nigella,off_corpus
nikotinamid,off_corpus
nimo,off_corpus
nine,off_corpus
nio,off_corpus
nique,off_corpus
nisin,off_corpus
nite,off_corpus
nitrate,off_corpus
nitrates,off_corpus
nitrato,off_corpus
nitrit,off_corpus
nitrite,off_corpus
nitrites,off_corpus
nitrito,off_corpus
nitritp,off_corpus
nitrogen,off_corpus
nitrous,off_corpus
nium,off_corpus
njiva,off_corpus
nka,off_corpus
nne,off_corpus
nnen,off_corpus
nner,off_corpus
nocciola,off_corpus
nocciole,off_corpus
noce,off_corpus
noci,off_corpus
nog,off_corpus
noides,off_corpus
noir,off_corpus
noire,off_corpus
noires,off_corpus
noirmoutier,off_corpus
noirs,off_corpus
noise,off_corpus
noisette,off_corpus
noisettes,off_corpus
noix,off_corpus
nols,off_corpus
nom,off_corpus
non,off_corpus
non-animal,off_corpus
non-dairy,off_corpus
non-eu,off_corpus
non-fat,off_corpus
non-gmo,off_corpus
non-hydrogenated,off_corpus
non-nutritive,off_corpus
non-ue,off_corpus
none,off_corpus
nonfat,off_corpus
noodle,off_corpus
noodles,off_corpus
nootmuskaat,off_corpus
nor,off_corpus
norbixin,off_corpus
norbixine,off_corpus
nord,off_corpus
nord-est,off_corpus
nord-ouest,off_corpus
norge,off_corpus
nori,off_corpus
normal,off_corpus
normandie,off_corpus
norsk,off_corpus
north,off_corpus
northern,off_corpus
norv,off_corpus
nos,off_corpus
not,off_corpus
note,off_corpus
noten,off_corpus
notre,off_corpus
nougat,off_corpus
nougatine,off_corpus
nouilles,off_corpus
nour,off_corpus
nourris,off_corpus
nous,off_corpus
nov,off_corpus
now,off_corpus
noyau,off_corpus
noyaut,off_corpus
noyaux,off_corpus
nozes,off_corpus
nrv,off_corpus
nsw,off_corpus
nten,off_corpus
ntica,off_corpus
ntico,off_corpus
nticos,off_corpus
nts,off_corpus
nucifera,off_corpus
nudeln,off_corpus
nueces,off_corpus
nuez,off_corpus
nuggets,off_corpus
num,off_corpus
number,off_corpus
nuoc,off_corpus
nuoc-m,off_corpus
nur,off_corpus
nut,off_corpus
nutri,off_corpus
nutri-score,off_corpus
nutricional,off_corpus
nutricionales,off_corpus
nutrient,off_corpus
nutrients,off_corpus
nutrimental,off_corpus
nutrition,off_corpus
nutritional,off_corpus
nutritionnelle,off_corpus
nutritionnelles,off_corpus
nutritive,off_corpus
nutritives,off_corpus
nutritivi,off_corpus
nutrizionale,off_corpus
nutrizionali,off_corpus
nuts,off_corpus
nyi,off_corpus
nylalanine,off_corpus
oak,off_corpus
oat,off_corpus
oatmeal,off_corpus
oatmilk,off_corpus
oats,off_corpus
obalu,off_corpus
obe,off_corpus
obni,off_corpus
obrano,off_corpus
obsah,off_corpus
obsahem,off_corpus
obsahova,off_corpus
obsahovat,off_corpus
obsahuje,off_corpus
obtenue,off_corpus
obtenus,off_corpus
ocaso,off_corpus
occasionally,off_corpus
occur,off_corpus
occurring,off_corpus
ocean,off_corpus
ocet,off_corpus
och,off_corpus
oder,off_corpus
odnym,off_corpus
odst,off_corpus
odt,off_corpus
odtu,off_corpus
odz,off_corpus
oetker,off_corpus
oeuf,off_corpus
oeufs,off_corpus
oeuvre,off_corpus
off,off_corpus
officinale,off_corpus
officinalis,off_corpus
offnen,off_corpus
ogm,off_corpus
ohne,off_corpus
oignon,off_corpus
oignons,off_corpus
oils,off_corpus
okol,off_corpus
okolada,off_corpus
okra,off_corpus
okusom,off_corpus
olaj,off_corpus
old,off_corpus
ole,off_corpus
oleate,off_corpus
oleic,off_corpus
oleico,off_corpus
olein,off_corpus
olej,off_corpus
oleje,off_corpus
oleo,off_corpus
oleorresina,off_corpus
oleracea,off_corpus
oli,off_corpus
olie,off_corpus
oligofructose,off_corpus
oligofruktose,off_corpus
olijf,off_corpus
olijfolie,off_corpus
olijven,off_corpus
olio,off_corpus
oliva,off_corpus
oliven,off_corpus
olivenolje,off_corpus
olives,off_corpus
olivov,off_corpus
olja,off_corpus
olje,off_corpus
oll,off_corpus
omcg,off_corpus
omega,off_corpus
omega-,off_corpus
omg,off_corpus
ona,off_corpus
once,off_corpus
oncorhynchus,off_corpus
onder,off_corpus
one,off_corpus
onecznika,off_corpus
onecznikowy,off_corpus
onej,off_corpus
ones,off_corpus
ongeopend,off_corpus
onions,off_corpus
only,off_corpus
onnik,off_corpus
ons,off_corpus
ont,off_corpus
ontario,off_corpus
ooc,off_corpus
ook,off_corpus
oolong,off_corpus
oorsprong,off_corpus
opbevares,off_corpus
open,off_corpus
opened,off_corpus
openen,off_corpus
opening,off_corpus
opercularis,off_corpus
opprinnelse,off_corpus
ora,off_corpus
orangen,off_corpus
orangenaroma,off_corpus
orangenextrakt,off_corpus
orangensaft,off_corpus
orangensaftkonzentrat,off_corpus
orangenschalen,off_corpus
oranges,off_corpus
oraz,off_corpus
ordinaire,off_corpus
ore,off_corpus
orechy,off_corpus
oreo,off_corpus
orez,off_corpus
org,off_corpus
orgain,off_corpus
organically,off_corpus
orge,off_corpus
oriental,off_corpus
origan,off_corpus
origano,off_corpus
origem,off_corpus
origen,off_corpus
origin,off_corpus
originaires,off_corpus
original,off_corpus
origine,off_corpus
origines,off_corpus
ort,off_corpus
ortaggi,off_corpus
orthophosphate,off_corpus
orthophosphorique,off_corpus
oryzae,off_corpus
orz,off_corpus
orzech,off_corpus
orzechy,off_corpus
orzeszki,off_corpus
orzo,off_corpus
ose,off_corpus
osmosis,off_corpus
ost,off_corpus
ostreatus,off_corpus
other,off_corpus
otros,off_corpus
ouest,off_corpus
our,off_corpus
ours,off_corpus
out,off_corpus
outros,off_corpus
ouvert,off_corpus
ouverture,off_corpus
ovadlo,off_corpus
oveja,off_corpus
oven,off_corpus
over,off_corpus
ovesn,off_corpus
ovo,off_corpus
ovocn,off_corpus
ovos,off_corpus
owa,off_corpus
owe,off_corpus
owned,off_corpus
owoc,off_corpus
owsiane,off_corpus
owy,off_corpus
oxid,off_corpus
oxide,off_corpus
oxides,off_corpus
oxyde,off_corpus
oyster,off_corpus
pacific,off_corpus
pacifique,off_corpus
pack,off_corpus
package,off_corpus
packaged,off_corpus
packaging,off_corpus
packed,off_corpus
packet,off_corpus
packung,off_corpus
padano,off_corpus
paese,off_corpus
pahuljice,off_corpus
paim,off_corpus
pain,off_corpus
pains,off_corpus
paisse,off_corpus
paississant,off_corpus
paississants,off_corpus
pak,off_corpus
pakket,off_corpus
pal,off_corpus
palm,off_corpus
palma,off_corpus
palme,off_corpus
palmfett,off_corpus
palmier,off_corpus
palmina,off_corpus
palmino,off_corpus
palmiste,off_corpus
palmitate,off_corpus
palmitato,off_corpus
palmkern,off_corpus
palmolein,off_corpus
palmolie,off_corpus
palmolja,off_corpus
palmov,off_corpus
palmowy,off_corpus
palmpit,off_corpus
palmu,off_corpus
palmvet,off_corpus
pamplemousse,off_corpus
pan,off_corpus
panade,off_corpus
panais,off_corpus
panax,off_corpus
panceta,off_corpus
pancetta,off_corpus
pane,off_corpus
paneermeel,off_corpus
pangrattato,off_corpus
paniermehl,off_corpus
panification,off_corpus
panko,off_corpus
panna,off_corpus
panthenol,off_corpus
pantot,off_corpus
pantotenato,off_corpus
pantotenico,off_corpus
pantoth,off_corpus
pantotheenzuur,off_corpus
pantothenate,off_corpus
pantothenic,off_corpus
pantothens,off_corpus
panure,off_corpus
pap,off_corpus
papa,off_corpus
papain,off_corpus
papas,off_corpus
papaye,off_corpus
paper,off_corpus
papier,off_corpus
paprica,off_corpus
paprika-extract,off_corpus
paprikaekstrakt,off_corpus
paprikaextrakt,off_corpus
paprikapoeder,off_corpus
paprikapulver,off_corpus
papryka,off_corpus
papryki,off_corpus
paquet,off_corpus
par,off_corpus
para,off_corpus
paraben,off_corpus
paracasei,off_corpus
paraguay,off_corpus
paran,off_corpus
paration,off_corpus
parboiled,off_corpus
parcialmente,off_corpus
parfum,off_corpus
paris,off_corpus
park,off_corpus
parkii,off_corpus
parmesan,off_corpus
parmigiano,off_corpus
parsnip,off_corpus
parsnips,off_corpus
part,off_corpus
part-skim,off_corpus
parte,off_corpus
parti,off_corpus
partially,off_corpus
partie,off_corpus
partiellement,off_corpus
partir,off_corpus
partly,off_corpus
parts,off_corpus
parzialmente,off_corpus
pas,off_corpus
pasa,off_corpus
pasas,off_corpus
passata,off_corpus
passierte,off_corpus
passionfruit,off_corpus
passover,off_corpus
past,off_corpus
pasta,off_corpus
paste,off_corpus
pasterizirano,off_corpus
pasteryzowane,off_corpus
pasteuris,off_corpus
pasteurise,off_corpus
pasteurised,off_corpus
pasteurisert,off_corpus
pasteurisiert,off_corpus
pasteurisierte,off_corpus
pasteurisierter,off_corpus
pasteurizada,off_corpus
pasteurizado,off_corpus
pasteurizat,off_corpus
pasteurized,off_corpus
pastinaak,off_corpus
pastinake,off_corpus
pastinaken,off_corpus
pastorizzate,off_corpus
pastorizzato,off_corpus
pastry,off_corpus
paszt,off_corpus
pat,off_corpus
patagonica,off_corpus
patata,off_corpus
patatas,off_corpus
patate,off_corpus
patates,off_corpus
pate,off_corpus
patent,off_corpus
patty,off_corpus
paule,off_corpus
pavo,off_corpus
pavot,off_corpus
pays,off_corpus
pays-bas,off_corpus
pdo,off_corpus
pea,off_corpus
peaches,off_corpus
pean,off_corpus
peanut,off_corpus
peanuts,off_corpus
pear,off_corpus
pearl,off_corpus
pears,off_corpus
peas,off_corpus
peau,off_corpus
peautre,off_corpus
peber,off_corpus
pecan,off_corpus
pecann,off_corpus
pecannoot,off_corpus
pecans,off_corpus
pechuga,off_corpus
pecorino,off_corpus
pectina,off_corpus
pectinas,off_corpus
pectine,off_corpus
pectinen,off_corpus
pectines,off_corpus
pectins,off_corpus
peda,off_corpus
peel,off_corpus
peeled,off_corpus
peels,off_corpus
peg-,off_corpus
peixe,off_corpus
pekann,off_corpus
pekoe,off_corpus
pektin,off_corpus
pektine,off_corpus
pektyny,off_corpus
pel,off_corpus
pelamis,off_corpus
pellicul,off_corpus
pen,off_corpus
penaeus,off_corpus
penat,off_corpus
pendant,off_corpus
penicillium,off_corpus
penne,off_corpus
penny,off_corpus
pentru,off_corpus
people,off_corpus
pep,off_corpus
pepe,off_corpus
peper,off_corpus
peperoncino,off_corpus
peperoni,off_corpus
pepitas,off_corpus
peppar,off_corpus
peppercorn,off_corpus
peppercorns,off_corpus
peppermint,off_corpus
pepperoni,off_corpus
pepsico,off_corpus
peptides,off_corpus
per,off_corpus
pera,off_corpus
percent,off_corpus
percentage,off_corpus
perejil,off_corpus
perfect,off_corpus
perisa,off_corpus
perl,off_corpus
perles,off_corpus
perm,off_corpus
permeado,off_corpus
permeate,off_corpus
permitted,off_corpus
peroxide,off_corpus
persil,off_corpus
persilja,off_corpus
persille,off_corpus
personnes,off_corpus
peru,off_corpus
perunat,off_corpus
perzik,off_corpus
pes,off_corpus
pesca,off_corpus
pescado,off_corpus
pesce,off_corpus
peso,off_corpus
pesto,off_corpus
pet,off_corpus
petals,off_corpus
peterselie,off_corpus
petersilie,off_corpus
petit,off_corpus
petit-lait,off_corpus
petits,off_corpus
petr,off_corpus
petrolatum,off_corpus
peu,off_corpus
peut,off_corpus
peuvent,off_corpus
peynir,off_corpus
pezzi,off_corpus
pfanne,off_corpus
pfeffer,off_corpus
pfefferminze,off_corpus
pfel,off_corpus
pfels,off_corpus
pfirsich,off_corpus
pfirsiche,off_corpus
pfirsichsaft,off_corpus
pfirsichsaftkonzentrat,off_corpus
pflanzen,off_corpus
pflanzenfett,off_corpus
pflanzenkohle,off_corpus
pflanzenkonzentrat,off_corpus
pflanzenkonzentrate,off_corpus
pflanzliche,off_corpus
pflanzliches,off_corpus
pflaumen,off_corpus
pgpr,off_corpus
phenoxyethanol,off_corpus
phenylalanine,off_corpus
phenylalaninquelle,off_corpus
phenylketonurics,off_corpus
phosphate,off_corpus
phosphates,off_corpus
phosphatides,off_corpus
phosphoric,off_corpus
phosphorique,off_corpus
phosphors,off_corpus
phosphorus,off_corpus
phylloquinone,off_corpus
physalis,off_corpus
phytonadione,off_corpus
piante,off_corpus
pic,off_corpus
picante,off_corpus
piccante,off_corpus
pice,off_corpus
pices,off_corpus
pickle,off_corpus
pickled,off_corpus
pickles,off_corpus
picolinate,off_corpus
pie,off_corpus
piece,off_corpus
pieces,off_corpus
piel,off_corpus
pieni,off_corpus
pieno,off_corpus
pieprz,off_corpus
pietruszka,off_corpus
pietruszki,off_corpus
pigment,off_corpus
pignons,off_corpus
pilchardus,off_corpus
piment,off_corpus
pimenta,off_corpus
pimento,off_corpus
pimentos,off_corpus
piments,off_corpus
pimienta,off_corpus
pimiento,off_corpus
pimientos,off_corpus
pin,off_corpus
pinard,off_corpus
pinards,off_corpus
pinda,off_corpus
pinda's,off_corpus
pine,off_corpus
pineapples,off_corpus
pinienkerne,off_corpus
pink,off_corpus
pins,off_corpus
pinto,off_corpus
pipas,off_corpus
piper,off_corpus
piperita,off_corpus
piping,off_corpus
piquillo,off_corpus
piridoxina,off_corpus
pirofosfato,off_corpus
piselli,off_corpus
pisello,off_corpus
pistacchi,off_corpus
pistacchio,off_corpus
pistache,off_corpus
pistachenoot,off_corpus
pistaches,off_corpus
pistachio,off_corpus
pistachios,off_corpus
pistacho,off_corpus
pistazien,off_corpus
pit,off_corpus
pites,off_corpus
pitn,off_corpus
pits,off_corpus
pitted,off_corpus
pizza,off_corpus
pkov,off_corpus
plaats,off_corpus
place,off_corpus
plain,off_corpus
plano,off_corpus
plant,off_corpus
plant-based,off_corpus
planta,off_corpus
plantaardig,off_corpus
plantaardige,off_corpus
plantain,off_corpus
plantains,off_corpus
plantarum,off_corpus
plantas,off_corpus
plantations,off_corpus
plante,off_corpus
plantes,off_corpus
plants,off_corpus
plasma,off_corpus
plastic,off_corpus
plastica,off_corpus
plastique,off_corpus
plat,off_corpus
plats,off_corpus
please,off_corpus
plein,off_corpus
pleurotes,off_corpus
pleurotus,off_corpus
plnotu,off_corpus
plod,off_corpus
plum,off_corpus
plums,off_corpus
plus,off_corpus
poate,off_corpus
pod,off_corpus
pode,off_corpus
pods,off_corpus
poeder,off_corpus
poids,off_corpus
pointe,off_corpus
poire,off_corpus
poireau,off_corpus
poireaux,off_corpus
poires,off_corpus
pois,off_corpus
poisson,off_corpus
poissons,off_corpus
poitrine,off_corpus
poivr,off_corpus
poivre,off_corpus
poivres,off_corpus
poivron,off_corpus
poivrons,off_corpus
pol,off_corpus
poland,off_corpus
polidextrosa,off_corpus
polifosfato,off_corpus
polifosfatos,off_corpus
poliglicerol,off_corpus
polirricinoleato,off_corpus
pollo,off_corpus
pollock,off_corpus
polme,off_corpus
pologne,off_corpus
polpa,off_corpus
pols,off_corpus
polska,off_corpus
polvere,off_corpus
polvo,off_corpus
poly,off_corpus
polydextrose,off_corpus
polyethylene,off_corpus
polyglyc,off_corpus
polyglycerin-polyricinoleat,off_corpus
polyglycerinester,off_corpus
polyglycerol,off_corpus
polyph,off_corpus
polyphosphate,off_corpus
polyphosphates,off_corpus
polyquaternium-,off_corpus
polyricinol,off_corpus
polyricinoleate,off_corpus
polysorbate,off_corpus
polyunsaturated,off_corpus
pom,off_corpus
pomace,off_corpus
pomara,off_corpus
pomegranate,off_corpus
pomeran,off_corpus
pomidorowy,off_corpus
pomidory,off_corpus
pomme,off_corpus
pommes,off_corpus
pomodori,off_corpus
pomodoro,off_corpus
pompoen,off_corpus
pompoenpitten,off_corpus
ponceau,off_corpus
pop,off_corpus
popcorn,off_corpus
popped,off_corpus
popping,off_corpus
poppy,off_corpus
por,off_corpus
porc,off_corpus
porci,off_corpus
porcine,off_corpus
porcini,off_corpus
porcion,off_corpus
porciones,off_corpus
porco,off_corpus
pork,off_corpus
porkkana,off_corpus
porree,off_corpus
porro,off_corpus
port,off_corpus
portie,off_corpus
porties,off_corpus
portion,off_corpus
portionen,off_corpus
portions,off_corpus
porto,off_corpus
portobello,off_corpus
portocale,off_corpus
portugal,off_corpus
porumb,off_corpus
porzione,off_corpus
pos,off_corpus
possible,off_corpus
possibles,off_corpus
postfach,off_corpus
pot,off_corpus
potas,off_corpus
potasio,off_corpus
potasiu,off_corpus
potassio,off_corpus
potasu,off_corpus
potatis,off_corpus
potatisst,off_corpus
potato,off_corpus
potatoes,off_corpus
potenciador,off_corpus
potenciadores,off_corpus
potet,off_corpus
poteter,off_corpus
potetmel,off_corpus
potetstivelse,off_corpus
potimarron,off_corpus
potiron,off_corpus
pou,off_corpus
pouch,off_corpus
poudre,off_corpus
poudres,off_corpus
poule,off_corpus
poules,off_corpus
poulet,off_corpus
poultry,off_corpus
pour,off_corpus
pourcentage,off_corpus
pourcentages,off_corpus
pourpre,off_corpus
pousse,off_corpus
pousses,off_corpus
pouvant,off_corpus
powde,off_corpus
powdered,off_corpus
powders,off_corpus
power,off_corpus
ppg-,off_corpus
pple,off_corpus
ppm,off_corpus
pra,off_corpus
praf,off_corpus
prah,off_corpus
prahu,off_corpus
pralin,off_corpus
praline,off_corpus
prawn,off_corpus
prawns,off_corpus
pre,off_corpus
pre-cooked,off_corpus
prebiotic,off_corpus
precooked,off_corpus
pred,off_corpus
prefer,off_corpus
preference,off_corpus
preferentemente,off_corpus
preferibilmente,off_corpus
preferin,off_corpus
pregnant,off_corpus
preheat,off_corpus
prei,off_corpus
premi,off_corpus
premium,off_corpus
premix,off_corpus
preparaci,off_corpus
preparado,off_corpus
preparat,off_corpus
preparation,off_corpus
preparato,off_corpus
preparazione,off_corpus
prepare,off_corpus
prepared,off_corpus
pres,off_corpus
present,off_corpus
presentes,off_corpus
preservative,off_corpus
preservatives,off_corpus
preserve,off_corpus
preserved,off_corpus
preserves,off_corpus
press,off_corpus
pressed,off_corpus
pression,off_corpus
presure,off_corpus
preta,off_corpus
preto,off_corpus
pretzel,off_corpus
pretzels,off_corpus
prevent,off_corpus
prevents,off_corpus
prezzemolo,off_corpus
pri,off_corpus
price,off_corpus
prima,off_corpus
printed,off_corpus
printemps,off_corpus
prirodna,off_corpus
prix,off_corpus
pro,off_corpus
probi,off_corpus
probiotic,off_corpus
probiotics,off_corpus
proc,off_corpus
procedente,off_corpus
procedentes,off_corpus
procesa,off_corpus
procesan,off_corpus
process,off_corpus
processed,off_corpus
processes,off_corpus
processing,off_corpus
prod,off_corpus
prodotti,off_corpus
prodotto,off_corpus
produ,off_corpus
produc,off_corpus
producci,off_corpus
produce,off_corpus
produced,off_corpus
producido,off_corpus
product,off_corpus
producteurs,off_corpus
production,off_corpus
producto,off_corpus
productos,off_corpus
products,off_corpus
produit,off_corpus
produits,off_corpus
produkt,off_corpus
produktu,off_corpus
produs,off_corpus
produsul,off_corpus
produto,off_corpus
professional,off_corpus
programme,off_corpus
proizvedeno,off_corpus
proizvod,off_corpus
promote,off_corpus
propanediol,off_corpus
propellant,off_corpus
propilenglicol,off_corpus
propionate,off_corpus
propionato,off_corpus
propionic,off_corpus
propolis,off_corpus
propor,off_corpus
proporci,off_corpus
proporcjach,off_corpus
proportion,off_corpus
proportions,off_corpus
proporzione,off_corpus
propri,off_corpus
proprietary,off_corpus
propyl,off_corpus
propylene,off_corpus
prosciutto,off_corpus
prosje,off_corpus
proszku,off_corpus
prot,off_corpus
prote,off_corpus
protease,off_corpus
protect,off_corpus
protected,off_corpus
protection,off_corpus
protective,off_corpus
protectora,off_corpus
protectrice,off_corpus
proteico,off_corpus
protein,off_corpus
proteina,off_corpus
proteinas,off_corpus
proteine,off_corpus
proteines,off_corpus
proteini,off_corpus
proteins,off_corpus
protettiva,off_corpus
protlak,off_corpus
proudly,off_corpus
provenant,off_corpus
provence,off_corpus
proveniente,off_corpus
provides,off_corpus
proviennent,off_corpus
provient,off_corpus
provitamine,off_corpus
provolone,off_corpus
prune,off_corpus
pruneau,off_corpus
pruneaux,off_corpus
prunes,off_corpus
prunus,off_corpus
prussiate,off_corpus
przechowywa,off_corpus
przecier,off_corpus
przeciwutleniacz,off_corpus
przed,off_corpus
przypraw,off_corpus
przyprawy,off_corpus
psyllium,off_corpus
pszenica,off_corpus
pszenicy,off_corpus
pszenna,off_corpus
pszenne,off_corpus
pszenny,off_corpus
pty,off_corpus
publique,off_corpus
pudding,off_corpus
pudr,off_corpus
pudra,off_corpus
puede,off_corpus
puerro,off_corpus
puff,off_corpus
puffed,off_corpus
puffs,off_corpus
puis,off_corpus
pulo,off_corpus
pulp,off_corpus
pulpa,off_corpus
pulpe,off_corpus
pulpes,off_corpus
pulver,off_corpus
pulveris,off_corpus
punomasno,off_corpus
puo,off_corpus
pur,off_corpus
purchase,off_corpus
pure,off_corpus
purea,off_corpus
purees,off_corpus
purifi,off_corpus
purificada,off_corpus
purified,off_corpus
puro,off_corpus
purple,off_corpus
purpose,off_corpus
put,off_corpus
pute,off_corpus
putenfleisch,off_corpus
pyr,off_corpus
pyridoxine,off_corpus
pyridoxinhydrochlorid,off_corpus
pyrophosphate,off_corpus
qs-ware,off_corpus
qty,off_corpus
quais,off_corpus
qualit,off_corpus
quality,off_corpus
quantit,off_corpus
quantity,off_corpus
quar,off_corpus
quark,off_corpus
que,off_corpus
queijo,off_corpus
quelques,off_corpus
quesadilla,off_corpus
queso,off_corpus
quesos,off_corpus
questions,off_corpus
qui,off_corpus
quido,off_corpus
quilibr,off_corpus
quinine,off_corpus
quinoa,off_corpus
quinua,off_corpus
quitable,off_corpus
quivalent,off_corpus
qum,off_corpus
quot,off_corpus
quotidienne,off_corpus
raap,off_corpus
raapolie,off_corpus
raapzaad,off_corpus
raapzaadolie,off_corpus
rable,off_corpus
raccolta,off_corpus
racine,off_corpus
raclette,off_corpus
radicchio,off_corpus
radijs,off_corpus
radis,off_corpus
radish,off_corpus
raffin,off_corpus
rahm,off_corpus
raifort,off_corpus
rainbow,off_corpus
rainforest,off_corpus
raised,off_corpus
raising,off_corpus
raisins,off_corpus
raison,off_corpus
raj,off_corpus
ral,off_corpus
ralado,off_corpus
rale,off_corpus
ralis,off_corpus
rallado,off_corpus
ranch,off_corpus
rande,off_corpus
range,off_corpus
rant,off_corpus
rantes,off_corpus
rants,off_corpus
rap,off_corpus
rape,off_corpus
rapeseed,off_corpus
rapi,off_corpus
rapidement,off_corpus
rapport,off_corpus
raps,off_corpus
rapsi,off_corpus
rapsol,off_corpus
rapsolie,off_corpus
rapsolja,off_corpus
rapsolje,off_corpus
ras,off_corpus
raspberries,off_corpus
raspberry,off_corpus
rastlinn,off_corpus
rasvainen,off_corpus
rasvaton,off_corpus
rate,off_corpus
rateur,off_corpus
ration,off_corpus
rature,off_corpus
rauch,off_corpus
raucharoma,off_corpus
raumtemperatur,off_corpus
rauwe,off_corpus
raux,off_corpus
rave,off_corpus
ravioli,off_corpus
raw,off_corpus
raz,off_corpus
rbende,off_corpus
rbender,off_corpus
rbendes,off_corpus
rbico,off_corpus
rbis,off_corpus
rbiskerne,off_corpus
rbst,off_corpus
rcuma,off_corpus
rde,off_corpus
reach,off_corpus
ready,off_corpus
real,off_corpus
reb,off_corpus
rebaudiana,off_corpus
rebaudioside,off_corpus
rebiana,off_corpus
reblochon,off_corpus
recette,off_corpus
recettes,off_corpus
recheio,off_corpus
recipe,off_corpus
recipes,off_corpus
recommand,off_corpus
recommend,off_corpus
recommended,off_corpus
recongeler,off_corpus
reconstitu,off_corpus
reconstituida,off_corpus
reconstituted,off_corpus
recubrimiento,off_corpus
recutita,off_corpus
recyclable,off_corpus
recycle,off_corpus
recycled,off_corpus
recycling,off_corpus
red,off_corpus
redients,off_corpus
reduce,off_corpus
reduced,off_corpus
reducido,off_corpus
redus,off_corpus
ree,off_corpus
refer,off_corpus
reference,off_corpus
referencia,off_corpus
referenzmenge,off_corpus
refinada,off_corpus
refinado,off_corpus
refined,off_corpus
refiners,off_corpus
refinery,off_corpus
refreeze,off_corpus
refrigerado,off_corpus
refrigerate,off_corpus
refrigerated,off_corpus
refrigerator,off_corpus
refund,off_corpus
reg,off_corpus
reggiano,off_corpus
registered,off_corpus
regolatore,off_corpus
regul,off_corpus
regulador,off_corpus
reguladores,off_corpus
regular,off_corpus
regulator,off_corpus
regulators,off_corpus
regulatory,off_corpus
reheat,off_corpus
rehidratada,off_corpus
rehydrated,off_corpus
reidratati,off_corpus
reidratato,off_corpus
reifekulturen,off_corpus
reifungskulturen,off_corpus
reine,off_corpus
reis,off_corpus
reisessig,off_corpus
reishi,off_corpus
reismehl,off_corpus
reissirup,off_corpus
reisst,off_corpus
rekstrakt,off_corpus
relish,off_corpus
relleno,off_corpus
remain,off_corpus
rement,off_corpus
remolacha,off_corpus
remove,off_corpus
ren,off_corpus
rence,off_corpus
rendered,off_corpus
rennet,off_corpus
rentiel,off_corpus
repi,off_corpus
repkov,off_corpus
replace,off_corpus
republic,off_corpus
republika,off_corpus
rer,off_corpus
res,off_corpus
reserved,off_corpus
resin,off_corpus
resinous,off_corpus
resistant,off_corpus
responsibly,off_corpus
results,off_corpus
ret,off_corpus
retain,off_corpus
retard,off_corpus
retention,off_corpus
retinol,off_corpus
retinyl,off_corpus
retirer,off_corpus
rettich,off_corpus
return,off_corpus
reverse,off_corpus
rewe,off_corpus
rfel,off_corpus
rgenos,off_corpus
rgicos,off_corpus
rh-,off_corpus
rhamnosus,off_corpus
rhizome,off_corpus
rhodiola,off_corpus
rhubarb,off_corpus
rhubarbe,off_corpus
rhum,off_corpus
ria,off_corpus
rib,off_corpus
ribbon,off_corpus
ribes,off_corpus
riboflavin,off_corpus
riboflavin-b,off_corpus
riboflavina,off_corpus
riboflavine,off_corpus
ribonucleotide,off_corpus
ribonucleotides,off_corpus
ribs,off_corpus
rica,off_corpus
rich,off_corpus
riche,off_corpus
riches,off_corpus
richtig,off_corpus
rico,off_corpus
ricola,off_corpus
ricos,off_corpus
ricotta,off_corpus
ride,off_corpus
rides,off_corpus
ridos,off_corpus
rie,off_corpus
rienne,off_corpus
riennes,off_corpus
ries,off_corpus
riesling,off_corpus
rietsuiker,off_corpus
rieur,off_corpus
rieure,off_corpus
rifi,off_corpus
right,off_corpus
rights,off_corpus
rija,off_corpus
rijsmiddel,off_corpus
rijsmiddelen,off_corpus
rijst,off_corpus
rijstebloem,off_corpus
rijstmeel,off_corpus
rijstzetmeel,off_corpus
rilis,off_corpus
rind,off_corpus
rinderkollagen,off_corpus
rindfleisch,off_corpus
rindfleischextrakt,off_corpus
rine,off_corpus
ringsindhold,off_corpus
ringsv,off_corpus
rinse,off_corpus
riparo,off_corpus
ripe,off_corpus
ripened,off_corpus
ripieno,off_corpus
ripple,off_corpus
rique,off_corpus
riques,off_corpus
ris,off_corpus
riserad,off_corpus
risk,off_corpus
rismel,off_corpus
rismj,off_corpus
riso,off_corpus
risotto,off_corpus
rissol,off_corpus
rit,off_corpus
riv,off_corpus
rivestimento,off_corpus
riz,off_corpus
rje,off_corpus
rke,off_corpus
rkelse,off_corpus
rker,off_corpus
rket,off_corpus
rki,off_corpus
rkkelys,off_corpus
rlauch,off_corpus
rlich,off_corpus
rliche,off_corpus
rlichen,off_corpus
rlicher,off_corpus
rliches,off_corpus
rme,off_corpus
rner,off_corpus
rnmj,off_corpus
road,off_corpus
roast,off_corpus
robek,off_corpus
robusta,off_corpus
rock,off_corpus
rocou,off_corpus
rode,off_corpus
rodn,off_corpus
rogge,off_corpus
roggebloem,off_corpus
roggemeel,off_corpus
roggen,off_corpus
roggenmehl,off_corpus
roggenvollkornmehl,off_corpus
roggenvollkornschrot,off_corpus
rohrohrzucker,off_corpus
rohrzucker,off_corpus
roi,off_corpus
roitu,off_corpus
roja,off_corpus
rojo,off_corpus
rojos,off_corpus
rol,off_corpus
rola,off_corpus
roland,off_corpus
roll,off_corpus
rolled,off_corpus
rols,off_corpus
rom,off_corpus
roma,off_corpus
romaine,off_corpus
romano,off_corpus
romarin,off_corpus
romero,off_corpus
ron,off_corpus
rond,off_corpus
rondelles,off_corpus
rooibos,off_corpus
rook,off_corpus
rookaroma,off_corpus
room,off_corpus
roomboter,off_corpus
root,off_corpus
roots,off_corpus
roquefort,off_corpus
roqueforti,off_corpus
roquette,off_corpus
ros,off_corpus
rosa,off_corpus
rose,off_corpus
rosehip,off_corpus
roses,off_corpus
rosin,off_corpus
rosinen,off_corpus
rosmarin,off_corpus
rosmarinextrakt,off_corpus
rosmarino,off_corpus
rossa,off_corpus
rosse,off_corpus
rossi,off_corpus
rosso,off_corpus
rostlinn,off_corpus
rot,off_corpus
rote,off_corpus
rote-bete-saftkonzentrat,off_corpus
roter,off_corpus
rotwein,off_corpus
rou,off_corpus
rouge,off_corpus
rouges,off_corpus
roux,off_corpus
royal,off_corpus
royale,off_corpus
royaume-uni,off_corpus
rozemarijn,off_corpus
rozemarijnextract,off_corpus
rozijnen,off_corpus
rret,off_corpus
rrico,off_corpus
rsavak,off_corpus
rspo,off_corpus
rsukker,off_corpus
rszeg,off_corpus
rtamo,off_corpus
rter,off_corpus
rtet,off_corpus
rtetes,off_corpus
rtjockningsmedel,off_corpus
rub,off_corpus
rubbed,off_corpus
rucola,off_corpus
rue,off_corpus
rug,off_corpus
rugmel,off_corpus
rum,off_corpus
rundercollageen,off_corpus
rundergelatine,off_corpus
rundvlees,off_corpus
rusk,off_corpus
russet,off_corpus
rvaras,off_corpus
rye,off_corpus
rypsi,off_corpus
rythorbate,off_corpus
rythritol,off_corpus
rze,off_corpus
rzepakowy,off_corpus
rzextrakt,off_corpus
rzextrakte,off_corpus
rzi,off_corpus
rzmischung,off_corpus
rzt,off_corpus
rzzubereitung,off_corpus
saattaa,off_corpus
sabl,off_corpus
sabor,off_corpus
sabores,off_corpus
saborizante,off_corpus
saborizantes,off_corpus
sacarina,off_corpus
sacarosa,off_corpus
saccarosio,off_corpus
saccharin,off_corpus
saccharine,off_corpus
saccharomyces,off_corpus
saccharose,off_corpus
sacha,off_corpus
sacharidy,off_corpus
sachet,off_corpus
sachets,off_corpus
sactiv,off_corpus
sadr,off_corpus
safe,off_corpus
safety,off_corpus
saffloer,off_corpus
saffron,off_corpus
saflor,off_corpus
saflorkonzentrat,off_corpus
safran,off_corpus
saft,off_corpus
saftkonzentrat,off_corpus
sage,off_corpus
sahne,off_corpus
sahnepulver,off_corpus
sain,off_corpus
saindoux,off_corpus
sainsbury's,off_corpus
saint,off_corpus
saint-jacques,off_corpus
sais,off_corpus
sait,off_corpus
sake,off_corpus
sakeuttamisaine,off_corpus
sakeuttamisaineet,off_corpus
sal,off_corpus
salad,off_corpus
salade,off_corpus
salades,off_corpus
salaison,off_corpus
salami,off_corpus
salar,off_corpus
salbei,off_corpus
sale,off_corpus
sales,off_corpus
sali,off_corpus
salicylate,off_corpus
sall,off_corpus
salm,off_corpus
salmiakzout,off_corpus
salmo,off_corpus
salmon,off_corpus
salmone,off_corpus
salp,off_corpus
salsa,off_corpus
salted,off_corpus
salts,off_corpus
salvado,off_corpus
salvia,off_corpus
salz,off_corpus
sam,off_corpus
sambal,off_corpus
sambuco,off_corpus
same,off_corpus
sammalt,off_corpus
samo,off_corpus
san,off_corpus
sandwich,off_corpus
sang,off_corpus
sanguine,off_corpus
sans,off_corpus
sant,off_corpus
santa,off_corpus
sap,off_corpus
sapidit,off_corpus
sar,off_corpus
saraceno,off_corpus
sardina,off_corpus
sardine,off_corpus
sardines,off_corpus
sare,off_corpus
sarraceno,off_corpus
sarrasin,off_corpus
sarriette,off_corpus
sas,off_corpus
sastojci,off_corpus
sat,off_corpus
satisfaction,off_corpus
satisfied,off_corpus
sativa,off_corpus
satur,off_corpus
satura,off_corpus
saturada,off_corpus
saturadas,off_corpus
saturados,off_corpus
saturated,off_corpus
saturates,off_corpus
saturi,off_corpus
sau,off_corpus
sauces,off_corpus
saucisse,off_corpus
saucisses,off_corpus
saucisson,off_corpus
sauerkirschen,off_corpus
sauerkirschsaft,off_corpus
sauerkirschsaftkonzentrat,off_corpus
sauerrahm,off_corpus
sauerteig,off_corpus
sauerungsmittel,off_corpus
sauge,off_corpus
saumon,off_corpus
saumur,off_corpus
saumure,off_corpus
saureregulator,off_corpus
saus,off_corpus
sausage,off_corpus
sausages,off_corpus
saut,off_corpus
sauteed,off_corpus
sauternes,off_corpus
sauvage,off_corpus
sauvages,off_corpus
sauvignon,off_corpus
sav,off_corpus
savany,off_corpus
saveur,off_corpus
saveurs,off_corpus
savoie,off_corpus
savoir,off_corpus
savory,off_corpus
say,off_corpus
sazonador,off_corpus
scallions,off_corpus
scallops,off_corpus
scan,off_corpus
scara,off_corpus
sch,off_corpus
schaaldieren,off_corpus
schafsaitling,off_corpus
schale,off_corpus
schalen,off_corpus
schalenfr,off_corpus
schalotten,off_corpus
scharrelei,off_corpus
scharreleigeel,off_corpus
scheiben,off_corpus
schellack,off_corpus
schizochytrium,off_corpus
schlagsahne,off_corpus
schmelzk,off_corpus
schmelzsalze,off_corpus
schnittfester,off_corpus
schnittk,off_corpus
schnittlauch,off_corpus
schokolade,off_corpus
schokoladenpulver,off_corpus
schokoladenst,off_corpus
schutzatmosph,off_corpus
schwarz,off_corpus
schwarze,off_corpus
schwarzer,off_corpus
schwarzes,off_corpus
schwarztee,off_corpus
schwefeldioxid,off_corpus
schwein,off_corpus
schweine,off_corpus
schweinedarm,off_corpus
schweinefleisch,off_corpus
schweineleber,off_corpus
schweinespeck,off_corpus
schweiz,off_corpus
schweizer,off_corpus
sciroppo,off_corpus
scomber,off_corpus
scombrus,off_corpus
scoop,off_corpus
scorza,off_corpus
scorze,off_corpus
scrambled,off_corpus
scremato,off_corpus
seafood,off_corpus
seal,off_corpus
season,off_corpus
seasoned,off_corpus
seasoning,off_corpus
seasonings,off_corpus
seaweed,off_corpus
sebr,off_corpus
sec,off_corpus
seca,off_corpus
secca,off_corpus
secchi,off_corpus
seco,off_corpus
secos,off_corpus
secs,off_corpus
secuestrante,off_corpus
sedano,off_corpus
see,off_corpus
seed,off_corpus
seedless,off_corpus
seeds,off_corpus
seg,off_corpus
segale,off_corpus
segments,off_corpus
segun,off_corpus
sei,off_corpus
seigle,off_corpus
sein,off_corpus
seit,off_corpus
seitan,off_corpus
sel,off_corpus
selderij,off_corpus
select,off_corpus
selected,off_corpus
selenate,off_corpus
selenite,off_corpus
selenium,off_corpus
seler,off_corpus
sell,off_corpus
selleri,off_corpus
sellerie,off_corpus
selon,off_corpus
sels,off_corpus
sem,off_corpus
sementes,off_corpus
semi,off_corpus
semi-compl,off_corpus
semi-d,off_corpus
semi-skimmed,off_corpus
semi-sweet,off_corpus
semidescremada,off_corpus
semidesnatada,off_corpus
semilla,off_corpus
semillas,off_corpus
semin,off_corpus
seminte,off_corpus
semischung,off_corpus
semisoft,off_corpus
semisweet,off_corpus
semola,off_corpus
semolina,off_corpus
semoule,off_corpus
sen,off_corpus
senap,off_corpus
senape,off_corpus
senapsfr,off_corpus
sence,off_corpus
sencha,off_corpus
senf,off_corpus
senfk,off_corpus
senfmehl,off_corpus
senfsaat,off_corpus
senfsaaten,off_corpus
sennep,off_corpus
sennepsfr,off_corpus
sentation,off_corpus
sents,off_corpus
senza,off_corpus
sepaprika,off_corpus
separate,off_corpus
separated,off_corpus
sepulver,off_corpus
ser,off_corpus
sereikulturen,off_corpus
sereimilch,off_corpus
sert,off_corpus
serv,off_corpus
serve,off_corpus
served,off_corpus
server,off_corpus
serves,off_corpus
service,off_corpus
serviervorschlag,off_corpus
serving,off_corpus
servings,off_corpus
servir,off_corpus
serwatka,off_corpus
ses,off_corpus
sesam,off_corpus
sesamfr,off_corpus
sesamo,off_corpus
sesampaste,off_corpus
sesamsamen,off_corpus
sesamzaad,off_corpus
sestavine,off_corpus
set,off_corpus
seven,off_corpus
sezam,off_corpus
sezama,off_corpus
sezamu,off_corpus
sezubereitung,off_corpus
sfera,off_corpus
sgusciate,off_corpus
shake,off_corpus
shaker,off_corpus
shallot,off_corpus
shallots,off_corpus
shared,off_corpus
sharp,off_corpus
shea,off_corpus
sheep,off_corpus
sheep's,off_corpus
shelf,off_corpus
shell,off_corpus
shellac,off_corpus
shelled,off_corpus
shellfish,off_corpus
shells,off_corpus
shiitake,off_corpus
shoots,off_corpus
shortening,off_corpus
should,off_corpus
shown,off_corpus
shoyu,off_corpus
shredded,off_corpus
shrimp,off_corpus
shydrat,off_corpus
sich,off_corpus
sichuan,off_corpus
sicile,off_corpus
sicilian,off_corpus
sico,off_corpus
side,off_corpus
sidos,off_corpus
sidu,off_corpus
sie,off_corpus
siehe,off_corpus
siero,off_corpus
siers,off_corpus
significant,off_corpus
sil,off_corpus
silica,off_corpus
silicate,off_corpus
silice,off_corpus
silicio,off_corpus
silicium,off_corpus
siliciumdioxid,off_corpus
silicoaluminate,off_corpus
silicon,off_corpus
silicone,off_corpus
sime,off_corpus
simi,off_corpus
simple,off_corpus
simply,off_corpus
sin,off_corpus
sin-,off_corpus
sinaasappel,off_corpus
sinaasappelsap,off_corpus
sinaasappelschil,off_corpus
since,off_corpus
sind,off_corpus
sine,off_corpus
sinensis,off_corpus
single,off_corpus
sio,off_corpus
sipuli,off_corpus
sir,off_corpus
sirables,off_corpus
sirap,off_corpus
sirloin,off_corpus
sirop,off_corpus
sirope,off_corpus
sirops,off_corpus
sirup,off_corpus
sirutka,off_corpus
sis,off_corpus
sit,off_corpus
site,off_corpus
sitrik,off_corpus
sitron,off_corpus
sitronjuice,off_corpus
sitronsyre,off_corpus
sitruunahappo,off_corpus
sium,off_corpus
size,off_corpus
skiego,off_corpus
skim,off_corpus
skimmed,off_corpus
skin,off_corpus
skinless,off_corpus
skins,off_corpus
skipjack,off_corpus
skladujte,off_corpus
sko,off_corpus
skov,off_corpus
skrob,off_corpus
skrobia,off_corpus
skummet,off_corpus
skummetm,off_corpus
skummetmelk,off_corpus
skummetmelkpulver,off_corpus
skummj,off_corpus
skyr,off_corpus
slad,off_corpus
sladkor,off_corpus
sladov,off_corpus
slagroom,off_corpus
sleeve,off_corpus
sli,off_corpus
slice,off_corpus
sliced,off_corpus
slices,off_corpus
slicher,off_corpus
slne,off_corpus
slo,off_corpus
slune,off_corpus
sma,off_corpus
smaak,off_corpus
smaakversterker,off_corpus
smaakversterkers,off_corpus
smak,off_corpus
smaksforsterker,off_corpus
smaku,off_corpus
small,off_corpus
smanjene,off_corpus
smeel,off_corpus
smetana,off_corpus
smoke,off_corpus
smooth,off_corpus
snack,off_corpus
snacks,off_corpus
snap,off_corpus
snow,off_corpus
soaked,off_corpus
soarelui,off_corpus
sobre,off_corpus
soci,off_corpus
socker,off_corpus
sockerarter,off_corpus
sockeye,off_corpus
sod,off_corpus
soda,off_corpus
sodi,off_corpus
sodico,off_corpus
sodio,off_corpus
sodique,off_corpus
sodiu,off_corpus
sodn,off_corpus
sodoris,off_corpus
sodu,off_corpus
sodum,off_corpus
sodyum,off_corpus
soffiato,off_corpus
soft,off_corpus
soi,off_corpus
soia,off_corpus
soijalesitiini,off_corpus
soin,off_corpus
soit,off_corpus
soj,off_corpus
soja,off_corpus
soja-eiwit,off_corpus
sojab,off_corpus
sojabloem,off_corpus
sojabohnen,off_corpus
sojabonen,off_corpus
sojaboon,off_corpus
sojaeiwei,off_corpus
sojalecithin,off_corpus
sojalecithine,off_corpus
sojalecithinen,off_corpus
sojalecitin,off_corpus
sojamehl,off_corpus
sojaprotein,off_corpus
sojaproteinisolat,off_corpus
sojasauce,off_corpus
sojasaus,off_corpus
soje,off_corpus
sojin,off_corpus
sojowa,off_corpus
sojowe,off_corpus
soju,off_corpus
sok,off_corpus
soka,off_corpus
sokeri,off_corpus
soku,off_corpus
sol,off_corpus
sola,off_corpus
solar,off_corpus
solb,off_corpus
sold,off_corpus
sole,off_corpus
soleil,off_corpus
solfiti,off_corpus
solforosa,off_corpus
solid,off_corpus
solides,off_corpus
solidos,off_corpus
solids,off_corpus
solo,off_corpus
solros,off_corpus
solrosolja,off_corpus
solsikke,off_corpus
solsikkelecitin,off_corpus
solsikkeolie,off_corpus
solsikkeolje,off_corpus
solubile,off_corpus
soluble,off_corpus
solubles,off_corpus
solution,off_corpus
som,off_corpus
some,off_corpus
son,off_corpus
sonnenblume,off_corpus
sonnenblumen,off_corpus
sonnenblumenkerne,off_corpus
sonnenblumenlecithin,off_corpus
sonnenblumenlecithine,off_corpus
sono,off_corpus
sont,off_corpus
sool,off_corpus
sorban,off_corpus
sorbat,off_corpus
sorbato,off_corpus
sorbet,off_corpus
sorbic,off_corpus
sorbico,off_corpus
sorbinian,off_corpus
sorbins,off_corpus
sorbique,off_corpus
sorbit,off_corpus
sorbitan,off_corpus
sorbitane,off_corpus
sorbitol,off_corpus
sorbitolen,off_corpus
sorbitolo,off_corpus
sorbitols,off_corpus
sorbitsirup,off_corpus
sorgf,off_corpus
sorgfalt,off_corpus
sorghum,off_corpus
soro,off_corpus
sort,off_corpus
sorte,off_corpus
sos,off_corpus
soss,off_corpus
soude,off_corpus
souffl,off_corpus
soufre,off_corpus
soulign,off_corpus
soup,off_corpus
soupe,off_corpus
sour,off_corpus
source,off_corpus
sourced,off_corpus
sources,off_corpus
sourcing,off_corpus
sourdough,off_corpus
soured,off_corpus
sous,off_corpus
south,off_corpus
sov,off_corpus
sowie,off_corpus
soya,off_corpus
soyab,off_corpus
soyabean,off_corpus
soyalecitin,off_corpus
soybeans,off_corpus
soymilk,off_corpus
spa,off_corpus
spaghetti,off_corpus
spain,off_corpus
spanien,off_corpus
spanish,off_corpus
spar,off_corpus
sparkling,off_corpus
spearmint,off_corpus
specerijen,off_corpus
specerijenextract,off_corpus
special,off_corpus
specially,off_corpus
speck,off_corpus
speculoos,off_corpus
speise,off_corpus
speisefetts,off_corpus
speisegelatine,off_corpus
speisequark,off_corpus
speisesalz,off_corpus
speisew,off_corpus
spelt,off_corpus
spezie,off_corpus
spiced,off_corpus
spicy,off_corpus
spinach,off_corpus
spinaci,off_corpus
spinat,off_corpus
spinazie,off_corpus
spirit,off_corpus
spirulina,off_corpus
spirulinakonzentrat,off_corpus
spiruline,off_corpus
spirytusowy,off_corpus
spisskummen,off_corpus
splenda,off_corpus
split,off_corpus
spo,off_corpus
spoilage,off_corpus
sponge,off_corpus
spor,off_corpus
sporen,off_corpus
spot,off_corpus
spp,off_corpus
spr,off_corpus
sprattus,off_corpus
spray,off_corpus
spread,off_corpus
spring,off_corpus
sprinkles,off_corpus
sprout,off_corpus
sprouted,off_corpus
sprouts,off_corpus
spulchniaj,off_corpus
spuren,off_corpus
squid,off_corpus
srb,off_corpus
sredstvo,off_corpus
sri,off_corpus
sriracha,off_corpus
srl,off_corpus
sse,off_corpus
ssen,off_corpus
ssig,off_corpus
ssiges,off_corpus
ssio,off_corpus
ssmolkenpulver,off_corpus
ssungsmittel,off_corpus
sszetev,off_corpus
sta,off_corpus
stabilimento,off_corpus
stabilisant,off_corpus
stabilisants,off_corpus
stabilisateur,off_corpus
stabilisateurs,off_corpus
stabilisator,off_corpus
stabilisatoren,off_corpus
stabilisatorer,off_corpus
stabiliser,off_corpus
stabiliseringsmedel,off_corpus
stabilisers,off_corpus
stabiliz,off_corpus
stabilizator,off_corpus
stabilizatori,off_corpus
stabilizatory,off_corpus
stabilize,off_corpus
stabilized,off_corpus
stabilizer,off_corpus
stabilizers,off_corpus
stabilizzante,off_corpus
stabilizzanti,off_corpus
stabilointiaine,off_corpus
stabilointiaineet,off_corpus
stalk,off_corpus
stammen,off_corpus
stand,off_corpus
standard,off_corpus
standardized,off_corpus
standards,off_corpus
star,off_corpus
starbucks,off_corpus
starch-modified,off_corpus
starches,off_corpus
stark,off_corpus
starter,off_corpus
starterkulturen,off_corpus
startkultur,off_corpus
statement,off_corpus
statutory,off_corpus
ste,off_corpus
steak,off_corpus
steamed,off_corpus
stearate,off_corpus
stearic,off_corpus
stearin,off_corpus
stearoyl,off_corpus
stearoyl-,off_corpus
stearyl,off_corpus
steel,off_corpus
steinsalz,off_corpus
stem,off_corpus
ster,off_corpus
steres,off_corpus
sterreich,off_corpus
stet,off_corpus
stete,off_corpus
steviol,off_corpus
steviolglycoside,off_corpus
steviolglycosiden,off_corpus
stextrakt,off_corpus
stick,off_corpus
sticking,off_corpus
sticks,off_corpus
stickstoff,off_corpus
stir,off_corpus
stivelse,off_corpus
stkaffee,off_corpus
sto,off_corpus
stock,off_corpus
stoff,off_corpus
stoffen,off_corpus
stone,off_corpus
stoneground,off_corpus
stones,off_corpus
stop,off_corpus
stopy,off_corpus
storage,off_corpus
storck,off_corpus
store,off_corpus
stores,off_corpus
storfe,off_corpus
storfekj,off_corpus
str,off_corpus
stra,off_corpus
strained,off_corpus
strawberries,off_corpus
strawberry,off_corpus
street,off_corpus
stremsel,off_corpus
streptococcus,off_corpus
strips,off_corpus
stroop,off_corpus
stuffed,off_corpus
stukjes,off_corpus
style,off_corpus
stzwiebeln,off_corpus
sub,off_corpus
subsp,off_corpus
substan,off_corpus
substance,off_corpus
substances,off_corpus
substancja,off_corpus
substancje,off_corpus
substitute,off_corpus
subtilis,off_corpus
suc,off_corpus
succinate,off_corpus
succinic,off_corpus
succo,off_corpus
suce,off_corpus
such,off_corpus
suchu,off_corpus
suchym,off_corpus
suco,off_corpus
sucr,off_corpus
sucralosa,off_corpus
sucralosio,off_corpus
sucre,off_corpus
sucres,off_corpus
sucroesters,off_corpus
sucrose,off_corpus
sud,off_corpus
sud-ouest,off_corpus
suero,off_corpus
sufferers,off_corpus
sufficient,off_corpus
sug,off_corpus
suga,off_corpus
sugarcane,off_corpus
sugared,off_corpus
sugars,off_corpus
suggest,off_corpus
suggested,off_corpus
suggestion,off_corpus
suhkur,off_corpus
suhom,off_corpus
suiker,off_corpus
suikers,off_corpus
suikerstroop,off_corpus
suina,off_corpus
suino,off_corpus
suisse,off_corpus
suitable,off_corpus
suite,off_corpus
sukker,off_corpus
sukkerarter,off_corpus
sukralose,off_corpus
sukraloza,off_corpus
sul,off_corpus
sulfame,off_corpus
sulfame-k,off_corpus
sulfat,off_corpus
sulfate,off_corpus
sulfates,off_corpus
sulfato,off_corpus
sulfiet,off_corpus
sulfieten,off_corpus
sulfit,off_corpus
sulfite,off_corpus
sulfites,off_corpus
sulfiting,off_corpus
sulfito,off_corpus
sulfitos,off_corpus
sulfur,off_corpus
sulfureux,off_corpus
sulla,off_corpus
sulphate,off_corpus
sulphite,off_corpus
sulphites,off_corpus
sulphur,off_corpus
sultana,off_corpus
sultanas,off_corpus
sultanina,off_corpus
sultanine,off_corpus
sultaninen,off_corpus
sultanines,off_corpus
sumac,off_corpus
summer,off_corpus
sumo,off_corpus
sun,off_corpus
sun-dried,off_corpus
suncokretovo,off_corpus
sundried,off_corpus
sunlight,off_corpus
sunset,off_corpus
suola,off_corpus
suomi,off_corpus
sup,off_corpus
super,off_corpus
superficie,off_corpus
superior,off_corpus
supermarkets,off_corpus
supplement,off_corpus
supplements,off_corpus
support,off_corpus
sur,off_corpus
sure,off_corpus
sureau,off_corpus
surface,off_corpus
surgel,off_corpus
surhedsregulerende,off_corpus
surhetsreglerande,off_corpus
surhetsregulerende,off_corpus
surimi,off_corpus
sus,off_corpus
susan,off_corpus
sushi,off_corpus
sustainable,off_corpus
sustainably,off_corpus
sustancias,off_corpus
susu,off_corpus
suszona,off_corpus
suszone,off_corpus
suszony,off_corpus
suyu,off_corpus
svart,off_corpus
svartpeppar,off_corpus
sverige,off_corpus
svin,off_corpus
svinekj,off_corpus
svizzera,off_corpus
swede,off_corpus
sweet,off_corpus
sweetcorn,off_corpus
sweetcream,off_corpus
sweetened,off_corpus
sweetener,off_corpus
sweeteners,off_corpus
sweets,off_corpus
swirl,off_corpus
swiss,off_corpus
switzerland,off_corpus
symptoms,off_corpus
synthetic,off_corpus
syra,off_corpus
syre,off_corpus
syrekultur,off_corpus
syrningskultur,off_corpus
syrop,off_corpus
syrov,off_corpus
system,off_corpus
szab,off_corpus
szczaj,off_corpus
szczonego,off_corpus
szczony,off_corpus
szer,off_corpus
szerek,off_corpus
szetes,off_corpus
szetmeel,off_corpus
ta-carot,off_corpus
tabisulfite,off_corpus
table,off_corpus
tablet,off_corpus
tablets,off_corpus
tacchino,off_corpus
taco,off_corpus
tafelessig,off_corpus
tag,off_corpus
tage,off_corpus
tagen,off_corpus
tahini,off_corpus
taigne,off_corpus
taignes,off_corpus
tait,off_corpus
take,off_corpus
taken,off_corpus
taking,off_corpus
tal,off_corpus
talc,off_corpus
tale,off_corpus
tales,off_corpus
talk,off_corpus
tallow,off_corpus
tam,off_corpus
tama,off_corpus
tamari,off_corpus
tamarin,off_corpus
tambi,off_corpus
tamponn,off_corpus
tan,off_corpus
tangerine,off_corpus
tango,off_corpus
tano,off_corpus
tapa,off_corpus
tapiocazetmeel,off_corpus
tapioka,off_corpus
tapiokast,off_corpus
tapiokastivelse,off_corpus
tar,off_corpus
tara,off_corpus
tarakernmehl,off_corpus
tarien,off_corpus
tariens,off_corpus
tarihi,off_corpus
taro,off_corpus
tarragon,off_corpus
tart,off_corpus
tartalmaz,off_corpus
tartalmazhat,off_corpus
tartar,off_corpus
tartaric,off_corpus
tarte,off_corpus
tartiner,off_corpus
tartness,off_corpus
tartrate,off_corpus
tartrates,off_corpus
tartrato,off_corpus
tartrazina,off_corpus
tartrazine,off_corpus
tartrique,off_corpus
tarwe,off_corpus
tarwe-eiwit,off_corpus
tarwebloem,off_corpus
tarwegluten,off_corpus
tarwegries,off_corpus
tarwegriesmeel,off_corpus
tarwemeel,off_corpus
tarwemout,off_corpus
tarwemoutmeel,off_corpus
tarwevezel,off_corpus
tarwezemelen,off_corpus
tarwezetmeel,off_corpus
tasse,off_corpus
taste,off_corpus
tasty,off_corpus
tat,off_corpus
tate,off_corpus
tates,off_corpus
tatsoi,off_corpus
taurin,off_corpus
taurina,off_corpus
taurine,off_corpus
taux,off_corpus
tavsiye,off_corpus
tbhq,off_corpus
tbsp,off_corpus
tchen,off_corpus
tea,off_corpus
teas,off_corpus
teau,off_corpus
tee,off_corpus
teelt,off_corpus
teff,off_corpus
tega,off_corpus
tegen,off_corpus
teig,off_corpus
teigwaren,off_corpus
teilweise,off_corpus
tej,off_corpus
tejpor,off_corpus
tejsav,off_corpus
tejsz,off_corpus
tel,off_corpus
teljes,off_corpus
tells,off_corpus
temp,off_corpus
temperatur,off_corpus
temperatura,off_corpus
temperature,off_corpus
temperaturi,off_corpus
temps,off_corpus
tempura,off_corpus
ten,off_corpus
tendre,off_corpus
tenero,off_corpus
teneur,off_corpus
tenhonig,off_corpus
tenir,off_corpus
tenzucker,off_corpus
teor,off_corpus
teplem,off_corpus
teplot,off_corpus
tequila,off_corpus
ter,off_corpus
teriyaki,off_corpus
term,off_corpus
terra,off_corpus
terre,off_corpus
tes,off_corpus
tesco,off_corpus
tetrasodium,off_corpus
tett,off_corpus
textur,off_corpus
texture,off_corpus
textured,off_corpus
texturiertes,off_corpus
texturizada,off_corpus
tha,off_corpus
thailand,off_corpus
thanol,off_corpus
that,off_corpus
thawed,off_corpus
the,off_corpus
thee,off_corpus
their,off_corpus
them,off_corpus
then,off_corpus
theobroma,off_corpus
theragra,off_corpus
thermis,off_corpus
thermophilus,off_corpus
these,off_corpus
they,off_corpus
thiamin,off_corpus
thiamine,off_corpus
thickener,off_corpus
thickeners,off_corpus
thickening,off_corpus
thigh,off_corpus
thin,off_corpus
this,off_corpus
thistle,off_corpus
thompson,off_corpus
thon,off_corpus
thoroughly,off_corpus
those,off_corpus
through,off_corpus
throughout,off_corpus
thunfisch,off_corpus
thunnus,off_corpus
thuringiensis,off_corpus
thyl,off_corpus
thylcellulose,off_corpus
thylique,off_corpus
thym,off_corpus
thymian,off_corpus
tiamin,off_corpus
tiamina,off_corpus
tic,off_corpus
tica,off_corpus
ticas,off_corpus
tico,off_corpus
ticos,off_corpus
tie,off_corpus
tiefgefroren,off_corpus
tierisches,off_corpus
ties,off_corpus
tiivisteest,off_corpus
tijm,off_corpus
tikka,off_corpus
til,off_corpus
tilapia,off_corpus
till,off_corpus
tilleul,off_corpus
time,off_corpus
times,off_corpus
timian,off_corpus
tin,off_corpus
tinov,off_corpus
tion,off_corpus
tip,off_corpus
tipo,off_corpus
tique,off_corpus
tiques,off_corpus
tir,off_corpus
tis,off_corpus
tissi,off_corpus
tissier,off_corpus
titane,off_corpus
titanio,off_corpus
titanium,off_corpus
tka,off_corpus
tkez,off_corpus
tko,off_corpus
tky,off_corpus
tlagos,off_corpus
tningsmedel,off_corpus
toast,off_corpus
toasted,off_corpus
tocino,off_corpus
tocofer,off_corpus
tocoferol,off_corpus
tocoferoles,off_corpus
tocoferolrijk,off_corpus
tocoph,off_corpus
tocopherol,off_corpus
tocopherol-rich,off_corpus
tocopherolhaltige,off_corpus
tocopherols,off_corpus
tocopheryl,off_corpus
toe,off_corpus
toegevoegd,off_corpus
toegevoegde,off_corpus
toffee,off_corpus
tofu,off_corpus
toho,off_corpus
toil,off_corpus
toj,off_corpus
toja,off_corpus
tok,off_corpus
toll,off_corpus
tom,off_corpus
tomaat,off_corpus
tomaatti,off_corpus
tomat,off_corpus
tomate,off_corpus
tomaten,off_corpus
tomatenkonzentrat,off_corpus
tomatenmark,off_corpus
tomatenp,off_corpus
tomatenpoeder,off_corpus
tomatenpulver,off_corpus
tomatenpuree,off_corpus
tomatensaft,off_corpus
tomatensauce,off_corpus
tomater,off_corpus
tomates,off_corpus
tomatillos,off_corpus
tomatoes,off_corpus
tomatpur,off_corpus
tomillo,off_corpus
ton,off_corpus
tonijn,off_corpus
tonne,off_corpus
tonnets,off_corpus
tonno,off_corpus
tons,off_corpus
top,off_corpus
topped,off_corpus
topping,off_corpus
toppings,off_corpus
tor,off_corpus
toronto,off_corpus
torr,off_corpus
torrado,off_corpus
tortilla,off_corpus
tortillas,off_corpus
torula,off_corpus
tory,off_corpus
tostada,off_corpus
tostadas,off_corpus
tostado,off_corpus
tostados,off_corpus
tostate,off_corpus
tot,off_corpus
total,off_corpus
totale,off_corpus
totalement,off_corpus
totales,off_corpus
totalmente,off_corpus
tott,off_corpus
touch,off_corpus
toulouse,off_corpus
toumesol,off_corpus
tournesol,off_corpus
tous,off_corpus
tout,off_corpus
toute,off_corpus
toutes,off_corpus
tov,off_corpus
tozu,off_corpus
tr-,off_corpus
tra,off_corpus
tracce,off_corpus
trace,off_corpus
traces,off_corpus
trade,off_corpus
trademark,off_corpus
trademarks,off_corpus
trading,off_corpus
tradition,off_corpus
traditional,off_corpus
tragacanth,off_corpus
tragove,off_corpus
trait,off_corpus
traitement,off_corpus
tranche,off_corpus
tranches,off_corpus
trans,off_corpus
transform,off_corpus
transforme,off_corpus
tratamento,off_corpus
tratamiento,off_corpus
trattato,off_corpus
traube,off_corpus
trauben,off_corpus
traubenmost,off_corpus
traubenmostkonzentrat,off_corpus
traubensaft,off_corpus
traubensaftkonzentrat,off_corpus
traubenzucker,off_corpus
tray,off_corpus
trazas,off_corpus
tre,off_corpus
treacle,off_corpus
treated,off_corpus
treatment,off_corpus
tree,off_corpus
trehalose,off_corpus
tremp,off_corpus
trennmittel,off_corpus
tri,off_corpus
tri-calcium,off_corpus
tric,off_corpus
tricalcico,off_corpus
tricalcique,off_corpus
tricalcium,off_corpus
trico,off_corpus
triethyl,off_corpus
trifosfaten,off_corpus
trifosfato,off_corpus
trifosfatos,off_corpus
triglyceride,off_corpus
triglycerides,off_corpus
trigo,off_corpus
trinatriumcitrat,off_corpus
trinkwasser,off_corpus
tripa,off_corpus
triphosphate,off_corpus
triphosphates,off_corpus
triple,off_corpus
tripolifosfato,off_corpus
tripolyphosphate,off_corpus
tripotassium,off_corpus
tris,off_corpus
trisodique,off_corpus
trisodium,off_corpus
triss,off_corpus
tristearate,off_corpus
triticale,off_corpus
triticum,off_corpus
trivial,off_corpus
trocitos,off_corpus
trocken,off_corpus
tropical,off_corpus
trotz,off_corpus
trozos,off_corpus
truffe,off_corpus
truffes,off_corpus
truffle,off_corpus
truffles,off_corpus
truite,off_corpus
trvanlivost,off_corpus
try,off_corpus
trzcinowy,off_corpus
tsp,off_corpus
tstoff,off_corpus
tstoffer,off_corpus
ttat,off_corpus
tteln,off_corpus
tter,off_corpus
ttigte,off_corpus
ttika,off_corpus
tub,off_corpus
tuber,off_corpus
tuk,off_corpus
tuku,off_corpus
tuky,off_corpus
tum,off_corpus
tumeric,off_corpus
tuna,off_corpus
tuo,off_corpus
tuorlo,off_corpus
turbinado,off_corpus
turkey,off_corpus
turnip,off_corpus
turquie,off_corpus
tuv,off_corpus
tuz,off_corpus
tvar,off_corpus
two,off_corpus
tyl,off_corpus
tyltartriques,off_corpus
tym,off_corpus
typ,off_corpus
type,off_corpus
typical,off_corpus
tzen,off_corpus
tzt,off_corpus
ucar,off_corpus
uchert,off_corpus
ucherter,off_corpus
uchertes,off_corpus
uerungskulturen,off_corpus
uerungsmittel,off_corpus
ufs,off_corpus
uhli,off_corpus
uht,off_corpus
uien,off_corpus
uienpoeder,off_corpus
uipoeder,off_corpus
uit,off_corpus
ulei,off_corpus
uleiuri,off_corpus
ulje,off_corpus
ultra,off_corpus
ultra-filtered,off_corpus
ultrafiltered,off_corpus
uma,off_corpus
umidificante,off_corpus
una,off_corpus
unbleached,off_corpus
unbromated,off_corpus
uncured,off_corpus
und,off_corpus
undefined,off_corpus
under,off_corpus
une,off_corpus
unenriched,off_corpus
unfiltered,off_corpus
unge,off_corpus
ungeh,off_corpus
ungsmittel,off_corpus
ungsmitteln,off_corpus
uni,off_corpus
unilever,off_corpus
union,off_corpus
unique,off_corpus
uniquement,off_corpus
unit,off_corpus
united,off_corpus
units,off_corpus
unjodiert,off_corpus
unmodified,off_corpus
uno,off_corpus
unrefined,off_corpus
uns,off_corpus
unsalted,off_corpus
unsere,off_corpus
unsweetened,off_corpus
unt,off_corpus
unter,off_corpus
until,off_corpus
unu,off_corpus
uova,off_corpus
uovo,off_corpus
uporabno,off_corpus
upotrijebiti,off_corpus
ure,off_corpus
urebakterien,off_corpus
ureester,off_corpus
urekulturen,off_corpus
uren,off_corpus
ureregulator,off_corpus
ureregulatoren,off_corpus
urme,off_corpus
urs,off_corpus
ursprung,off_corpus
urter,off_corpus
urubu,off_corpus
urucum,off_corpus
urungsmittel,off_corpus
usa,off_corpus
usage,off_corpus
uscat,off_corpus
use,off_corpus
used,off_corpus
uses,off_corpus
usine,off_corpus
using,off_corpus
uso,off_corpus
usturoi,off_corpus
uszcz,off_corpus
uszcze,off_corpus
uszczone,off_corpus
uszczowe,off_corpus
uszczowych,off_corpus
uszczu,off_corpus
uten,off_corpus
uter,off_corpus
utilis,off_corpus
utilisant,off_corpus
utilisation,off_corpus
utilise,off_corpus
utiliser,off_corpus
utrzymuj,off_corpus
uva,off_corpus
uvas,off_corpus
uvati,off_corpus
uvoznik,off_corpus
uvre,off_corpus
vac,off_corpus
vaca,off_corpus
vaccinium,off_corpus
vaccino,off_corpus
vache,off_corpus
vacuno,off_corpus
vainilla,off_corpus
vainillina,off_corpus
vaj,off_corpus
vaje,off_corpus
val,off_corpus
valencia,off_corpus
valeur,off_corpus
valeurs,off_corpus
valkosipuli,off_corpus
valley,off_corpus
valn,off_corpus
valoare,off_corpus
valor,off_corpus
valore,off_corpus
valores,off_corpus
valori,off_corpus
value,off_corpus
values,off_corpus
van,off_corpus
vand,off_corpus
vanduo,off_corpus
vaniglia,off_corpus
vanile,off_corpus
vanilie,off_corpus
vanilije,off_corpus
vanilin,off_corpus
vaniljearoma,off_corpus
vanilkov,off_corpus
vanill,off_corpus
vanilla,off_corpus
vanille,off_corpus
vanille-aroma,off_corpus
vanille-extract,off_corpus
vanille-extrakt,off_corpus
vanillearoma,off_corpus
vanilleextrakt,off_corpus
vanillepulver,off_corpus
vanilleschoten,off_corpus
vanillin,off_corpus
vanillina,off_corpus
vanilline,off_corpus
vann,off_corpus
vannamei,off_corpus
vapeur,off_corpus
var,off_corpus
varav,off_corpus
vare,off_corpus
vari,off_corpus
variabile,off_corpus
variable,off_corpus
variables,off_corpus
varied,off_corpus
variedad,off_corpus
variegate,off_corpus
varier,off_corpus
varkenseiwit,off_corpus
varkensvet,off_corpus
varkensvlees,off_corpus
vary,off_corpus
varying,off_corpus
vasslepulver,off_corpus
vatten,off_corpus
veau,off_corpus
ved,off_corpus
vedere,off_corpus
vedi,off_corpus
veg,off_corpus
vegan,off_corpus
vegane,off_corpus
vegano,off_corpus
vegans,off_corpus
vegetabilisk,off_corpus
vegetabiliska,off_corpus
vegetabiliskt,off_corpus
vegetabilsk,off_corpus
vegetabilske,off_corpus
vegetables,off_corpus
vegetais,off_corpus
vegetal,off_corpus
vegetale,off_corpus
vegetales,off_corpus
vegetali,off_corpus
vegetarian,off_corpus
vegetarians,off_corpus
vegetarisch,off_corpus
veggie,off_corpus
vehn,off_corpus
veis,off_corpus
vejce,off_corpus
vel,off_corpus
vend,off_corpus
venkelzaad,off_corpus
ventuelle,off_corpus
ventuelles,off_corpus
vep,off_corpus
ver,off_corpus
vera,off_corpus
verarbeitet,off_corpus
verbrauchen,off_corpus
verde,off_corpus
verdes,off_corpus
verdi,off_corpus
verdickungsmittel,off_corpus
verdikkingsmiddel,off_corpus
verdikkingsmiddelen,off_corpus
verduras,off_corpus
verdure,off_corpus
vereinzelt,off_corpus
veresterd,off_corpus
vergine,off_corpus
verhoudingen,off_corpus
verici,off_corpus
vericiler,off_corpus
verifica,off_corpus
vermicelle,off_corpus
vermicelles,off_corpus
vermicelli,off_corpus
vermouth,off_corpus
verpackt,off_corpus
verpackung,off_corpus
verpakking,off_corpus
verpakt,off_corpus
verse,off_corpus
verser,off_corpus
versetzt,off_corpus
verstevigingsmiddel,off_corpus
vert,off_corpus
verte,off_corpus
vertes,off_corpus
vertrieb,off_corpus
verts,off_corpus
verveine,off_corpus
verwerkt,off_corpus
very,off_corpus
verzadigde,off_corpus
verzehr,off_corpus
verzehren,off_corpus
ves,off_corpus
vesi,off_corpus
vest,off_corpus
vestigios,off_corpus
vet,off_corpus
vete,off_corpus
vetegluten,off_corpus
vetemj,off_corpus
vetten,off_corpus
vetzuren,off_corpus
vez,off_corpus
vezels,off_corpus
vezi,off_corpus
via,off_corpus
viande,off_corpus
viandes,off_corpus
vic,off_corpus
vid,off_corpus
vida,off_corpus
vie,off_corpus
vierge,off_corpus
vietnam,off_corpus
vigne,off_corpus
vin,off_corpus
vinagre,off_corpus
vinaigr,off_corpus
vinaigre,off_corpus
vinaigres,off_corpus
vinaigrette,off_corpus
vine,off_corpus
vine-ripened,off_corpus
vinho,off_corpus
vino,off_corpus
viol,off_corpus
violette,off_corpus
virgem,off_corpus
virgen,off_corpus
virgin,off_corpus
vis,off_corpus
visit,off_corpus
vit,off_corpus
vita,off_corpus
vital,off_corpus
vitalis,off_corpus
vitam,off_corpus
vitamiinit,off_corpus
vitamin,off_corpus
vitamina,off_corpus
vitaminas,off_corpus
vitamine,off_corpus
vitaminen,off_corpus
vitaminer,off_corpus
vitamines,off_corpus
vitamini,off_corpus
vitaminmischung,off_corpus
vitamins,off_corpus
vitl,off_corpus
vitpeppar,off_corpus
vitt,off_corpus
vivi,off_corpus
viz,off_corpus
vlakna,off_corpus
vlo,off_corpus
vloeibare,off_corpus
vnr,off_corpus
voda,off_corpus
vodka,off_corpus
voedingsvezel,off_corpus
voedingswaarde,off_corpus
voedingswaarden,off_corpus
voedingszuren,off_corpus
voedingszuur,off_corpus
voi,off_corpus
voir,off_corpus
vol,off_corpus
volaille,off_corpus
volkoren,off_corpus
volkorentarwemeel,off_corpus
volle,off_corpus
vollei,off_corpus
volleipulver,off_corpus
vollemelkpoeder,off_corpus
vollkorn,off_corpus
vollkorn-haferflocken,off_corpus
vollkornhafer,off_corpus
vollkornhaferflocken,off_corpus
vollmilch,off_corpus
vollmilchpulver,off_corpus
vollmilchschokolade,off_corpus
vollrohrzucker,off_corpus
vollst,off_corpus
volta,off_corpus
volume,off_corpus
volvic,off_corpus
volwassene,off_corpus
vom,off_corpus
von,off_corpus
voor,off_corpus
vor,off_corpus
vos,off_corpus
votre,off_corpus
vous,off_corpus
vre,off_corpus
vrednost,off_corpus
vrije,off_corpus
vrn,off_corpus
vruchten,off_corpus
vruchtensap,off_corpus
vsebuje,off_corpus
vulgare,off_corpus
vulgaris,off_corpus
waar,off_corpus
waarvan,off_corpus
wachsmaisst,off_corpus
wafer,off_corpus
wafers,off_corpus
waffel,off_corpus
wakame,off_corpus
waln,off_corpus
walnoot,off_corpus
walnoten,off_corpus
walnuss,off_corpus
walnusskerne,off_corpus
walnut,off_corpus
walnuts,off_corpus
waniliowy,off_corpus
wapnia,off_corpus
warm,off_corpus
warmte,off_corpus
warning,off_corpus
warnings,off_corpus
warto,off_corpus
warzywa,off_corpus
was,off_corpus
wasabi,off_corpus
wash,off_corpus
wasser,off_corpus
wat,off_corpus
watercress,off_corpus
watermelon,off_corpus
wax,off_corpus
waxy,off_corpus
way,off_corpus
website,off_corpus
weed,off_corpus
week,off_corpus
wei,off_corpus
weichweizenmehl,off_corpus
weidemelk,off_corpus
weight,off_corpus
wein,off_corpus
weinessig,off_corpus
weingeistessig,off_corpus
weins,off_corpus
weipoeder,off_corpus
weitere,off_corpus
weizen,off_corpus
weizenart,off_corpus
weizeneiwei,off_corpus
weizenflocken,off_corpus
weizengluten,off_corpus
weizengrie,off_corpus
weizenkeime,off_corpus
weizenkleber,off_corpus
weizenkleie,off_corpus
weizenmalz,off_corpus
weizenmalzmehl,off_corpus
weizenmehl,off_corpus
weizenprotein,off_corpus
weizensauerteig,off_corpus
weizenst,off_corpus
weizenvollkornflocken,off_corpus
weizenvollkornmehl,off_corpus
well,off_corpus
weniger,off_corpus
werden,off_corpus
west,off_corpus
what,off_corpus
whe,off_corpus
wheat,off_corpus
wheatflour,off_corpus
wheatgrass,off_corpus
when,off_corpus
where,off_corpus
which,off_corpus
while,off_corpus
whipped,off_corpus
whipping,off_corpus
whiskey,off_corpus
whisky,off_corpus
whiteness,off_corpus
whites,off_corpus
whiting,off_corpus
who,off_corpus
whole,off_corpus
wholegrain,off_corpus
wholemeal,off_corpus
wholewheat,off_corpus
why,off_corpus
wie,off_corpus
wieder,off_corpus
wieprzowe,off_corpus
wieprzowy,off_corpus
wijn,off_corpus
wijnazijn,off_corpus
wild,off_corpus
wildflower,off_corpus
wilgo,off_corpus
will,off_corpus
williams,off_corpus
wing,off_corpus
wings,off_corpus
winter,off_corpus
wir,off_corpus
wird,off_corpus
wirken,off_corpus
wisselende,off_corpus
wit,off_corpus
witamina,off_corpus
witaminy,off_corpus
within,off_corpus
without,off_corpus
witte,off_corpus
woda,off_corpus
women,off_corpus
wood,off_corpus
worcester,off_corpus
worden,off_corpus
world,off_corpus
wortel,off_corpus
wortelconcentraat,off_corpus
wortelen,off_corpus
wrap,off_corpus
wrapper,off_corpus
wursth,off_corpus
www,off_corpus
wzmacniacz,off_corpus
xant,off_corpus
xantan,off_corpus
xantana,off_corpus
xantangummi,off_corpus
xanthaangom,off_corpus
xanthane,off_corpus
xarope,off_corpus
xico,off_corpus
xido,off_corpus
xylanase,off_corpus
xylit,off_corpus
xylitol,off_corpus
yaourt,off_corpus
years,off_corpus
yellow,off_corpus
yellowfin,off_corpus
yema,off_corpus
yer,off_corpus
yerba,off_corpus
ykaroma,off_corpus
yodada,off_corpus
yoduro,off_corpus
yoghurt,off_corpus
yoghurtkultur,off_corpus
yogourt,off_corpus
yogur,off_corpus
yogurt,off_corpus
yolks,off_corpus
york,off_corpus
you,off_corpus
young,off_corpus
your,off_corpus
ysjyv,off_corpus
ysmehu,off_corpus
ystenzym,off_corpus
ytnia,off_corpus
yumurta,off_corpus
yuzu,off_corpus
ywcza,off_corpus
ywe,off_corpus
zag,off_corpus
zah,off_corpus
zahar,off_corpus
zaharuri,off_corpus
zahu,off_corpus
zaliszt,off_corpus
zalm,off_corpus
zanahoria,off_corpus
zartbitterschokolade,off_corpus
zasi,off_corpus
zawarto,off_corpus
zawiera,off_corpus
zawieraj,off_corpus
zbo,off_corpus
zea,off_corpus
zealand,off_corpus
zeezout,off_corpus
zem,off_corpus
zemlja,off_corpus
zenleyici,off_corpus
zenzero,off_corpus
zer,off_corpus
zerkleinert,off_corpus
zerkleinerte,off_corpus
zero,off_corpus
zertifiziert,off_corpus
zest,off_corpus
zeste,off_corpus
zestes,off_corpus
zetmeel,off_corpus
zgu,off_corpus
zie,off_corpus
ziegenmilch,off_corpus
ziemne,off_corpus
ziemniaczana,off_corpus
ziemniaki,off_corpus
zijn,off_corpus
zimt,off_corpus
zinc,off_corpus
zinco,off_corpus
zingiber,off_corpus
zink,off_corpus
zinksulfat,off_corpus
zio,off_corpus
zitrone,off_corpus
zitronen,off_corpus
zitronenaroma,off_corpus
zitronenextrakt,off_corpus
zitronengras,off_corpus
zitronens,off_corpus
zitronensaft,off_corpus
zitronensaftkonzentrat,off_corpus
zitronensaftpulver,off_corpus
zitronenschale,off_corpus
zitronenschalen,off_corpus
zlo,off_corpus
zmiennych,off_corpus
zo-frukt,off_corpus
zoete,off_corpus
zoethoutwortelextract,off_corpus
zoetstof,off_corpus
zoetstoffen,off_corpus
zona,off_corpus
zonder,off_corpus
zone,off_corpus
zonnebloem,off_corpus
zonnebloemlecithine,off_corpus
zonnebloemolie,off_corpus
zonnebloempit,off_corpus
zonnebloempitten,off_corpus
zout,off_corpus
zov,off_corpus
zszirup,off_corpus
zubereitung,off_corpus
zucca,off_corpus
zuccheri,off_corpus
zucchero,off_corpus
zucchine,off_corpus
zucchini,off_corpus
zucker,off_corpus
zuckerkul,off_corpus
zuckerr,off_corpus
zuckersirup,off_corpus
zum,off_corpus
zumo,off_corpus
zur,off_corpus
zusatz,off_corpus
zutaten,off_corpus
zuur,off_corpus
zuursel,off_corpus
zuurteregelaar,off_corpus
zuurteregelaars,off_corpus
zwarte,off_corpus
zweifach,off_corpus
zwiebel,off_corpus
zwiebeln,off_corpus
zwiebelpulver,off_corpus
zygochlamys,off_corpus
