entity_id,brand_key,brand,product_key,product,variant,gtin,heat_shu,heat_basis,us_availability,evidence_url,price,price_currency,buy_url,in_stock,store_domain,first_observed_at,last_observed_at,names_version,matcher_version,prompt_version,sources,source_count,tiers,hotones_seasons,duplicate_candidate,duplicate_candidate_count,duplicate_of_candidates,corroboration,review_count,review_outlets,review_stance_mix,rules_version
sauce:|build-your-own-adoboloco-hot-sauce-trio-choose-your-players,,,build-your-own-adoboloco-hot-sauce-trio-choose-your-players,Build Your Own Adoboloco Hot Sauce Trio – Choose Your Players!,,,,,retail_listing,https://adoboloco.com/shop/build-your-own-hot-sauce-trio/,37.99,USD,https://adoboloco.com/shop/build-your-own-hot-sauce-trio/,True,adoboloco.com,2026-09-19T14:01:06.545048Z,2026-09-19T14:01:06.545048Z,sauce-names-1,sauce-match-1,rule:sauce-structured-2,woo,1,2_longtail,,False,0,,single_source:woo,0,,,v1
sauce:|hot-sauce-hamajang-smoked-ghost-pepper-1-cs,,,hot-sauce-hamajang-smoked-ghost-pepper-1-cs,HOT SAUCE HAMAJANG SMOKED GHOST PEPPER (1 CS – ),12 Bottles,,,,retail_listing,https://adoboloco.com/shop/eff-whls-cs-hamajang/,51.00,USD,https://adoboloco.com/shop/eff-whls-cs-hamajang/,True,adoboloco.com,2026-09-19T14:01:06.545048Z,2026-09-19T14:01:06.545048Z,sauce-names-1,sauce-match-1,rule:sauce-structured-2,woo,1,2_longtail,,False,0,,single_source:woo,0,,,v1
sauce:|hot-sauce-jalapeno-mild-red-1-cs,,,hot-sauce-jalapeno-mild-red-1-cs,HOT SAUCE JALAPENO MILD – RED (1 CS – ),12 Bottles,,,,retail_listing,https://adoboloco.com/shop/eff-whls-cs-hot-sauce-jalapeno-mild-red/,51.00,USD,https://adoboloco.com/shop/eff-whls-cs-hot-sauce-jalapeno-mild-red/,True,adoboloco.com,2026-09-19T14:01:06.545048Z,2026-09-19T14:01:06.545048Z,sauce-names-1,sauce-match-1,rule:sauce-structured-2,woo,1,2_longtail,,False,0,,single_source:woo,0,,,v1
sauce:|fiya-fiya-hot-sauce-scorching-heat-unforgettable-flavor-heat-11-10,,,fiya-fiya-hot-sauce-scorching-heat-unforgettable-flavor-heat-11-10,"FIYA! FIYA! Hot Sauce – Scorching Heat, Unforgettable Flavor – HEAT 11/10",,,,,retail_listing,https://adoboloco.com/shop/fiyafiya/,16.99,USD,https://adoboloco.com/shop/fiyafiya/,True,adoboloco.com,2026-09-19T14:01:06.545048Z,2026-09-19T14:01:06.545048Z,sauce-names-1,sauce-match-1,rule:sauce-structured-2,woo,1,2_longtail,,False,0,,single_source:woo,0,,,v1
sauce:|garlic-gurl-green-sriracha-the-irresistible-sauce-for-garlic-lovers-heat-03-10,,,garlic-gurl-green-sriracha-the-irresistible-sauce-for-garlic-lovers-heat-03-10,Garlic Gurl Green Sriracha – The Irresistible Sauce for Garlic Lovers! – HEAT 03/10,,,,,retail_listing,https://adoboloco.com/shop/garlic-gurl-sriracha-green/,12.99,USD,https://adoboloco.com/shop/garlic-gurl-sriracha-green/,True,adoboloco.com,2026-09-19T14:01:06.545048Z,2026-09-19T14:01:06.545048Z,sauce-names-1,sauce-match-1,rule:sauce-structured-2,woo,1,2_longtail,,False,0,,single_source:woo,0,,,v1
sauce:|hamajang-smoky-ghost-unhinged-habanero-bold-flavor-extreme-spice-heat-07-10,,,hamajang-smoky-ghost-unhinged-habanero-bold-flavor-extreme-spice-heat-07-10,"HAMAJANG Smoky Ghost & Unhinged Habanero – Bold Flavor, Extreme Spice – HEAT 07/10",,,,,retail_listing,https://adoboloco.com/shop/hamajang/,12.99,USD,https://adoboloco.com/shop/hamajang/,True,adoboloco.com,2026-09-19T14:01:06.545048Z,2026-09-19T14:01:06.545048Z,sauce-names-1,sauce-match-1,rule:sauce-structured-2,woo,1,2_longtail,,False,0,,single_source:woo,0,,,v1
sauce:|mix-match-and-savor-adoboloco-s-bold-island-flavors-free-u-s-a-shipping,,,mix-match-and-savor-adoboloco-s-bold-island-flavors-free-u-s-a-shipping,"Mix, Match, and Savor Adoboloco’s Bold Island Flavors – Free U.S.A. Shipping",,,,,retail_listing,https://adoboloco.com/shop/hawaiian-barbecue-sriracha-hotsauce-combo-3-pack-free-shipping/,37.99,USD,https://adoboloco.com/shop/hawaiian-barbecue-sriracha-hotsauce-combo-3-pack-free-shipping/,True,adoboloco.com,2026-09-19T14:01:06.545048Z,2026-09-19T14:01:06.545048Z,sauce-names-1,sauce-match-1,rule:sauce-structured-2,woo,1,2_longtail,,False,0,,single_source:woo,0,,,v1
sauce:|adoboloco-hawaiian-chili-pepper-water-a-hawaii-classic-with-bold-flavor-heat-03-10,,,adoboloco-hawaiian-chili-pepper-water-a-hawaii-classic-with-bold-flavor-heat-03-10,Adoboloco Hawaiian Chili Pepper Water – A Hawaii Classic with Bold Flavor – HEAT 03/10,,,,,retail_listing,https://adoboloco.com/shop/hawaiian-hot-sauce-hawaiian-chili-pepper-water/,12.99,USD,https://adoboloco.com/shop/hawaiian-hot-sauce-hawaiian-chili-pepper-water/,True,adoboloco.com,2026-09-19T14:01:06.545048Z,2026-09-19T14:01:06.545048Z,sauce-names-1,sauce-match-1,rule:sauce-structured-2,woo,1,2_longtail,,False,0,,single_source:woo,0,,,v1
sauce:|kolohekid-1-cs,,,kolohekid-1-cs,KOLOHEKID (1 CS – ),12 Bottles,,,,retail_listing,https://adoboloco.com/shop/hot-sauce-kolohekid-1-cs-12-bottles/,51.00,USD,https://adoboloco.com/shop/hot-sauce-kolohekid-1-cs-12-bottles/,True,adoboloco.com,2026-09-19T14:01:06.545048Z,2026-09-19T14:01:06.545048Z,sauce-names-1,sauce-match-1,rule:sauce-structured-2,woo,1,2_longtail,,False,0,,single_source:woo,0,,,v1
sauce:|hot-sauce-pineapple-habanero-1-cs,,,hot-sauce-pineapple-habanero-1-cs,HOT SAUCE PINEAPPLE HABANERO (1 CS – ),12 Bottles,,,,unknown,https://adoboloco.com/shop/hot-sauce-pineapple-habanero-1-cs-12-bottles/,51.00,USD,https://adoboloco.com/shop/hot-sauce-pineapple-habanero-1-cs-12-bottles/,False,adoboloco.com,2026-09-19T14:01:06.545048Z,2026-09-19T14:01:06.545048Z,sauce-names-1,sauce-match-1,rule:sauce-structured-2,woo,1,2_longtail,,False,0,,single_source:woo,0,,,v1
sauce:|island-wings-fire-roasted-pineapple-hot-honey-sauce-sweet-spicy-tropical-vibes-heat-03-10,,,island-wings-fire-roasted-pineapple-hot-honey-sauce-sweet-spicy-tropical-vibes-heat-03-10,"Island Wings Fire-Roasted Pineapple & Hot Honey Sauce – Sweet, Spicy, Tropical Vibes – HEAT 03/10",,,,,retail_listing,https://adoboloco.com/shop/island-wings/,12.99,USD,https://adoboloco.com/shop/island-wings/,True,adoboloco.com,2026-09-19T14:01:06.545048Z,2026-09-19T14:01:06.545048Z,sauce-names-1,sauce-match-1,rule:sauce-structured-2,woo,1,2_longtail,,False,0,,single_source:woo,0,,,v1
sauce:|adoboloco-jalapeno-hot-sauce-the-mild-flavor-that-started-it-all-heat-02-10,,,adoboloco-jalapeno-hot-sauce-the-mild-flavor-that-started-it-all-heat-02-10,Adoboloco Jalapeno Hot Sauce – The Mild Flavor That Started It All – HEAT 02/10,,,,,unknown,https://adoboloco.com/shop/jalapeno-mild/,9.99,USD,https://adoboloco.com/shop/jalapeno-mild/,False,adoboloco.com,2026-09-19T14:01:06.545048Z,2026-09-19T14:01:06.545048Z,sauce-names-1,sauce-match-1,rule:sauce-structured-2,woo,1,2_longtail,,False,0,,single_source:woo,0,,,v1
sauce:|kolohekid-a-bold-fiery-blend-of-ghost-peppers-and-hawaiian-chili-peppers-heat-05-10,,,kolohekid-a-bold-fiery-blend-of-ghost-peppers-and-hawaiian-chili-peppers-heat-05-10,"KOLOHEKID! – A bold, fiery blend of Ghost Peppers and Hawaiian Chili Peppers – HEAT 05/10",,,,,retail_listing,https://adoboloco.com/shop/kolohekid-ghost-pepper-hawaiian-hotsauce/,12.99,USD,https://adoboloco.com/shop/kolohekid-ghost-pepper-hawaiian-hotsauce/,True,adoboloco.com,2026-09-19T14:01:06.545048Z,2026-09-19T14:01:06.545048Z,sauce-names-1,sauce-match-1,rule:sauce-structured-2,woo,1,2_longtail,,False,0,,single_source:woo,0,,,v1
sauce:|adoboloco-maui-no-ka-oi-bold-heat-big-flavor-from-pure-trinidad-moruga-scorpion-peppers-heat-09-10,,,adoboloco-maui-no-ka-oi-bold-heat-big-flavor-from-pure-trinidad-moruga-scorpion-peppers-heat-09-10,"Adoboloco Maui No Ka Oi – Bold Heat, Big Flavor from Pure Trinidad Moruga Scorpion Peppers – HEAT 09/10",,,,,retail_listing,https://adoboloco.com/shop/maui-nokaoi-trinidad-moruga-scorpion-sauce/,12.99,USD,https://adoboloco.com/shop/maui-nokaoi-trinidad-moruga-scorpion-sauce/,True,adoboloco.com,2026-09-19T14:01:06.545048Z,2026-09-19T14:01:06.545048Z,sauce-names-1,sauce-match-1,rule:sauce-structured-2,woo,1,2_longtail,,False,0,,single_source:woo,0,,,v1
sauce:|pineapple-habanero-pepper-sauce-sweet-heat-bold-bite-heat-03-10,,,pineapple-habanero-pepper-sauce-sweet-heat-bold-bite-heat-03-10,"Pineapple Habanero Pepper Sauce – Sweet Heat, Bold Bite – HEAT 03/10",,,,,retail_listing,https://adoboloco.com/shop/pineapple-habanero-hot-sauce/,12.99,USD,https://adoboloco.com/shop/pineapple-habanero-hot-sauce/,True,adoboloco.com,2026-09-19T14:01:06.545048Z,2026-09-19T14:01:06.545048Z,sauce-names-1,sauce-match-1,rule:sauce-structured-2,woo,1,2_longtail,,False,0,,single_source:woo,0,,,v1
sauce:|pog-pineapple-orange-guava-pepper,,,pog-pineapple-orange-guava-pepper,POG – Pineapple Orange Guava Pepper Sauce,,,,,unknown,https://adoboloco.com/shop/pog-pineapple-orange-guava-hot-sauce/,14.99,USD,https://adoboloco.com/shop/pog-pineapple-orange-guava-hot-sauce/,False,adoboloco.com,2026-09-19T14:01:06.545048Z,2026-09-19T14:01:06.545048Z,sauce-names-1,sauce-match-1,rule:sauce-structured-2,woo,1,2_longtail,,False,0,,single_source:woo,0,,,v1
sauce:|bfp-cayenne-hot-sauce-freedom-038-bigsby,,,bfp-cayenne-hot-sauce-freedom-038-bigsby,BFP Cayenne Hot Sauce- Freedom &#038; Bigsby,5oz,00000067011000,,,retail_listing,https://hotsaucedepot.com/product/bfp-cayenne-hot-sauce-freedom-bigsby-5oz/,4.99,USD,https://hotsaucedepot.com/product/bfp-cayenne-hot-sauce-freedom-bigsby-5oz/,True,hotsaucedepot.com,2026-09-19T11:09:45.470554Z,2026-09-19T14:01:06.545048Z,sauce-names-1,sauce-match-1,rule:sauce-structured-1,woo,1,2_longtail,,False,0,,single_source:woo,0,,,v1
sauce:|bfp-chipotle-hot-sauce-april,,,bfp-chipotle-hot-sauce-april,BFP Chipotle Hot Sauce- April,5oz,00000067011030,,,retail_listing,https://hotsaucedepot.com/product/bfp-chipotle-hot-sauce-april-5oz/,4.99,USD,https://hotsaucedepot.com/product/bfp-chipotle-hot-sauce-april-5oz/,True,hotsaucedepot.com,2026-09-19T11:09:45.470554Z,2026-09-19T14:01:06.545048Z,sauce-names-1,sauce-match-1,rule:sauce-structured-1,woo,1,2_longtail,,False,0,,single_source:woo,0,,,v1
sauce:|bfp-crushed-jalapeno-hot-sauce-leo,,,bfp-crushed-jalapeno-hot-sauce-leo,BFP Crushed Jalapeno Hot Sauce- Leo,5oz,00000067011020,,,retail_listing,https://hotsaucedepot.com/product/bfp-crushed-jalapeno-hot-sauce-leo-5oz/,4.99,USD,https://hotsaucedepot.com/product/bfp-crushed-jalapeno-hot-sauce-leo-5oz/,True,hotsaucedepot.com,2026-09-19T11:09:45.470554Z,2026-09-19T14:01:06.545048Z,sauce-names-1,sauce-match-1,rule:sauce-structured-1,woo,1,2_longtail,,False,0,,single_source:woo,0,,,v1
sauce:|bfp-extreme-naga-jolokia-sauce-klein,,,bfp-extreme-naga-jolokia-sauce-klein,BFP Extreme Naga Jolokia Sauce- Klein,5oz,00000067011045,,,retail_listing,https://hotsaucedepot.com/product/bfp-extreme-naga-jolokia-sauce-klein-5oz/,8.99,USD,https://hotsaucedepot.com/product/bfp-extreme-naga-jolokia-sauce-klein-5oz/,True,hotsaucedepot.com,2026-09-19T11:09:45.470554Z,2026-09-19T14:01:06.545048Z,sauce-names-1,sauce-match-1,rule:sauce-structured-1,woo,1,2_longtail,,False,0,,single_source:woo,0,,,v1
sauce:|bfp-original-habanero-sauce-gretel,,,bfp-original-habanero-sauce-gretel,BFP Original Habanero Sauce- Gretel,5oz,00000067011003,,,retail_listing,https://hotsaucedepot.com/product/bfp-original-habanero-sauce-gretel-5oz/,4.99,USD,https://hotsaucedepot.com/product/bfp-original-habanero-sauce-gretel-5oz/,True,hotsaucedepot.com,2026-09-19T11:09:45.470554Z,2026-09-19T14:01:06.545048Z,sauce-names-1,sauce-match-1,rule:sauce-structured-1,woo,1,2_longtail,,False,0,,single_source:woo,0,,,v1
sauce:|bfp-roasted-garlic-habanero-sauce-walker,,,bfp-roasted-garlic-habanero-sauce-walker,BFP Roasted Garlic Habanero Sauce- Walker,5oz,00000067011035,,,retail_listing,https://hotsaucedepot.com/product/bfp-roasted-garlic-habanero-sauce-walker-5oz/,6.99,USD,https://hotsaucedepot.com/product/bfp-roasted-garlic-habanero-sauce-walker-5oz/,True,hotsaucedepot.com,2026-09-19T11:09:45.470554Z,2026-09-19T14:01:06.545048Z,sauce-names-1,sauce-match-1,rule:sauce-structured-1,woo,1,2_longtail,,False,0,,single_source:woo,0,,,v1
sauce:|bfp-xxx-tra-hot-garlic-habanero-sauce-amory,,,bfp-xxx-tra-hot-garlic-habanero-sauce-amory,BFP XXX-tra Hot Garlic Habanero Sauce- Amory,5oz,00000067011012,,,retail_listing,https://hotsaucedepot.com/product/bfp-xxx-tra-hot-garlic-habanero-sauce-amory-5oz/,4.99,USD,https://hotsaucedepot.com/product/bfp-xxx-tra-hot-garlic-habanero-sauce-amory-5oz/,True,hotsaucedepot.com,2026-09-19T11:09:45.470554Z,2026-09-19T14:01:06.545048Z,sauce-names-1,sauce-match-1,rule:sauce-structured-1,woo,1,2_longtail,,False,0,,single_source:woo,0,,,v1
sauce:|bfp-xxx-tra-hot-habanero-sauce-leila,,,bfp-xxx-tra-hot-habanero-sauce-leila,BFP XXX-tra Hot Habanero Sauce- Leila,5oz,00000067011005,,,retail_listing,https://hotsaucedepot.com/product/bfp-xxx-tra-hot-habanero-sauce-leila-5oz/,4.99,USD,https://hotsaucedepot.com/product/bfp-xxx-tra-hot-habanero-sauce-leila-5oz/,True,hotsaucedepot.com,2026-09-19T11:09:45.470554Z,2026-09-19T14:01:06.545048Z,sauce-names-1,sauce-match-1,rule:sauce-structured-1,woo,1,2_longtail,,False,0,,single_source:woo,0,,,v1
sauce:|case-of-private-label-chipotle-crushed-pepper-sauce-12-x,,,case-of-private-label-chipotle-crushed-pepper-sauce-12-x,"Case of Private Label Chipotle Crushed Pepper Sauce, 12 x",5oz,00000069001030,,,unknown,https://hotsaucedepot.com/product/case-of-private-label-chipotle-crushed-pepper-sauce-12-x-5oz/,53.88,USD,https://hotsaucedepot.com/product/case-of-private-label-chipotle-crushed-pepper-sauce-12-x-5oz/,False,hotsaucedepot.com,2026-09-19T11:09:45.470554Z,2026-09-19T14:01:06.545048Z,sauce-names-1,sauce-match-1,rule:sauce-structured-1,woo,1,2_longtail,,False,0,,single_source:woo,0,,,v1
sauce:|case-of-private-label-extra-hot-wing-sauce-12-x,,,case-of-private-label-extra-hot-wing-sauce-12-x,"Case of Private Label Extra Hot Wing Sauce, 12 x",12oz,00000069002010,,,unknown,https://hotsaucedepot.com/product/case-of-private-label-extra-hot-wing-sauce-12-x-12oz/,83.88,USD,https://hotsaucedepot.com/product/case-of-private-label-extra-hot-wing-sauce-12-x-12oz/,False,hotsaucedepot.com,2026-09-19T11:09:45.470554Z,2026-09-19T14:01:06.545048Z,sauce-names-1,sauce-match-1,rule:sauce-structured-1,woo,1,2_longtail,,False,0,,single_source:woo,0,,,v1
sauce:|case-of-private-label-extreme-carolina-reaper-pepper-hot-sauce-12-x,,,case-of-private-label-extreme-carolina-reaper-pepper-hot-sauce-12-x,"Case of Private Label Extreme Carolina Reaper Pepper Hot Sauce, 12 x",5oz,00000069001060,,,retail_listing,https://hotsaucedepot.com/product/case-of-private-label-extreme-carolina-reaper-pepper-hot-sauce-12-x-5oz/,131.40,USD,https://hotsaucedepot.com/product/case-of-private-label-extreme-carolina-reaper-pepper-hot-sauce-12-x-5oz/,True,hotsaucedepot.com,2026-09-19T11:09:45.470554Z,2026-09-19T14:01:06.545048Z,sauce-names-1,sauce-match-1,rule:sauce-structured-1,woo,1,2_longtail,,False,0,,single_source:woo,0,,,v1
sauce:|case-of-private-label-extreme-ghost-pepper-hot-sauce-12-x,,,case-of-private-label-extreme-ghost-pepper-hot-sauce-12-x,"Case of Private Label Extreme Ghost Pepper Hot Sauce, 12 X",5oz,00000069001045,,,retail_listing,https://hotsaucedepot.com/product/case-of-private-label-extreme-ghost-pepper-hot-sauce-12-x-5oz/,131.40,USD,https://hotsaucedepot.com/product/case-of-private-label-extreme-ghost-pepper-hot-sauce-12-x-5oz/,True,hotsaucedepot.com,2026-09-19T11:09:45.470554Z,2026-09-19T14:01:06.545048Z,sauce-names-1,sauce-match-1,rule:sauce-structured-1,woo,1,2_longtail,,False,0,,single_source:woo,0,,,v1
sauce:|case-of-private-label-extreme-scorpion-pepper-hot-sauce-12-x,,,case-of-private-label-extreme-scorpion-pepper-hot-sauce-12-x,"Case of Private Label Extreme Scorpion Pepper Hot Sauce, 12 x",5oz,00000069001050,,,unknown,https://hotsaucedepot.com/product/case-of-private-label-extreme-scorpion-pepper-hot-sauce-12-x-5oz/,131.40,USD,https://hotsaucedepot.com/product/case-of-private-label-extreme-scorpion-pepper-hot-sauce-12-x-5oz/,False,hotsaucedepot.com,2026-09-19T11:09:45.470554Z,2026-09-19T14:01:06.545048Z,sauce-names-1,sauce-match-1,rule:sauce-structured-1,woo,1,2_longtail,,False,0,,single_source:woo,0,,,v1
sauce:|case-of-private-label-extreme-trifecta-hot-sauce-12-x,,,case-of-private-label-extreme-trifecta-hot-sauce-12-x,"Case of Private Label Extreme Trifecta Hot Sauce, 12 x",5oz,00000069001065,,,unknown,https://hotsaucedepot.com/product/case-of-private-label-extreme-trifecta-hot-sauce-12-x-5oz/,143.40,USD,https://hotsaucedepot.com/product/case-of-private-label-extreme-trifecta-hot-sauce-12-x-5oz/,False,hotsaucedepot.com,2026-09-19T11:09:45.470554Z,2026-09-19T14:01:06.545048Z,sauce-names-1,sauce-match-1,rule:sauce-structured-1,woo,1,2_longtail,,False,0,,single_source:woo,0,,,v1
sauce:|case-of-private-label-habanero-crushed-pepper-sauce-12-x,,,case-of-private-label-habanero-crushed-pepper-sauce-12-x,"Case of Private Label Habanero Crushed Pepper Sauce, 12 x",5oz,00000069001003,,,retail_listing,https://hotsaucedepot.com/product/case-of-private-label-habanero-crushed-pepper-sauce-12-x-5oz/,53.88,USD,https://hotsaucedepot.com/product/case-of-private-label-habanero-crushed-pepper-sauce-12-x-5oz/,True,hotsaucedepot.com,2026-09-19T11:09:45.470554Z,2026-09-19T14:01:06.545048Z,sauce-names-1,sauce-match-1,rule:sauce-structured-1,woo,1,2_longtail,,False,0,,single_source:woo,0,,,v1
sauce:|case-of-private-label-habanero-garlic-crushed-pepper-sauce-12-x,,,case-of-private-label-habanero-garlic-crushed-pepper-sauce-12-x,"Case of Private Label Habanero Garlic Crushed Pepper Sauce, 12 x",5oz,00000069001010,,,retail_listing,https://hotsaucedepot.com/product/case-of-private-label-habanero-garlic-crushed-pepper-sauce-12-x-5oz/,53.88,USD,https://hotsaucedepot.com/product/case-of-private-label-habanero-garlic-crushed-pepper-sauce-12-x-5oz/,True,hotsaucedepot.com,2026-09-19T11:09:45.470554Z,2026-09-19T14:01:06.545048Z,sauce-names-1,sauce-match-1,rule:sauce-structured-1,woo,1,2_longtail,,True,1,sauce:|case-of-private-label-habanero-garlic-crushed-pepper-sauce-36-x,single_source:woo,0,,,v1
sauce:|case-of-private-label-habanero-garlic-crushed-pepper-sauce-36-x,,,case-of-private-label-habanero-garlic-crushed-pepper-sauce-36-x,"Case of Private Label Habanero Garlic Crushed Pepper Sauce, 36 x",2oz,00000069001200,,,retail_listing,https://hotsaucedepot.com/product/case-of-private-label-habanero-garlic-crushed-pepper-sauce-36-x-2oz/,84.60,USD,https://hotsaucedepot.com/product/case-of-private-label-habanero-garlic-crushed-pepper-sauce-36-x-2oz/,True,hotsaucedepot.com,2026-09-19T11:09:45.470554Z,2026-09-19T14:01:06.545048Z,sauce-names-1,sauce-match-1,rule:sauce-structured-1,woo,1,2_longtail,,True,1,sauce:|case-of-private-label-habanero-garlic-crushed-pepper-sauce-12-x,single_source:woo,0,,,v1
sauce:|case-of-private-label-habanero-mango-wing-sauce-12-x,,,case-of-private-label-habanero-mango-wing-sauce-12-x,"Case of Private Label Habanero Mango Wing Sauce, 12 x",12oz,00000069002020,,,unknown,https://hotsaucedepot.com/product/case-of-private-label-habanero-mango-wing-sauce-12-x-12oz/,83.88,USD,https://hotsaucedepot.com/product/case-of-private-label-habanero-mango-wing-sauce-12-x-12oz/,False,hotsaucedepot.com,2026-09-19T11:09:45.470554Z,2026-09-19T14:01:06.545048Z,sauce-names-1,sauce-match-1,rule:sauce-structured-1,woo,1,2_longtail,,False,0,,single_source:woo,0,,,v1
sauce:|case-of-private-label-habanero-xxx-crushed-pepper-sauce-12-x,,,case-of-private-label-habanero-xxx-crushed-pepper-sauce-12-x,"Case of Private Label Habanero XXX Crushed Pepper Sauce, 12 x",5oz,00000069001005,,,unknown,https://hotsaucedepot.com/product/case-of-private-label-habanero-xxx-crushed-pepper-sauce-12-x-5oz/,53.88,USD,https://hotsaucedepot.com/product/case-of-private-label-habanero-xxx-crushed-pepper-sauce-12-x-5oz/,False,hotsaucedepot.com,2026-09-19T11:09:45.470554Z,2026-09-19T14:01:06.545048Z,sauce-names-1,sauce-match-1,rule:sauce-structured-1,woo,1,2_longtail,,False,0,,single_source:woo,0,,,v1
sauce:|case-of-private-label-hot-sauce-cayenne-12-x,,,case-of-private-label-hot-sauce-cayenne-12-x,"Case of Private Label Hot Sauce- Cayenne, 12 x",5oz,00000069001000,,,retail_listing,https://hotsaucedepot.com/product/case-of-private-label-hot-sauce-cayenne-12-x-5oz/,47.88,USD,https://hotsaucedepot.com/product/case-of-private-label-hot-sauce-cayenne-12-x-5oz/,True,hotsaucedepot.com,2026-09-19T11:09:45.470554Z,2026-09-19T14:01:06.545048Z,sauce-names-1,sauce-match-1,rule:sauce-structured-1,woo,1,2_longtail,,False,0,,single_source:woo,0,,,v1
sauce:|case-of-private-label-jalapeno-crushed-pepper-sauce-12-x,,,case-of-private-label-jalapeno-crushed-pepper-sauce-12-x,"Case of Private Label Jalapeño Crushed Pepper Sauce, 12 x",5oz,00000069001020,,,retail_listing,https://hotsaucedepot.com/product/case-of-private-label-jalapeno-crushed-pepper-sauce-12-x-5oz/,53.88,USD,https://hotsaucedepot.com/product/case-of-private-label-jalapeno-crushed-pepper-sauce-12-x-5oz/,True,hotsaucedepot.com,2026-09-19T11:09:45.470554Z,2026-09-19T14:01:06.545048Z,sauce-names-1,sauce-match-1,rule:sauce-structured-1,woo,1,2_longtail,,False,0,,single_source:woo,0,,,v1
sauce:|case-of-private-label-mango-hot-sauce-12-x,,,case-of-private-label-mango-hot-sauce-12-x,"Case of Private Label Mango Hot Sauce, 12 x",5oz,00000069001015,,,retail_listing,https://hotsaucedepot.com/product/case-of-private-label-mango-hot-sauce-12-x-5oz/,53.88,USD,https://hotsaucedepot.com/product/case-of-private-label-mango-hot-sauce-12-x-5oz/,True,hotsaucedepot.com,2026-09-19T11:09:45.470554Z,2026-09-19T14:01:06.545048Z,sauce-names-1,sauce-match-1,rule:sauce-structured-1,woo,1,2_longtail,,False,0,,single_source:woo,0,,,v1
sauce:|case-of-private-label-naga-jolokia-reserve-crushed-pepper-sauce-12-x,,,case-of-private-label-naga-jolokia-reserve-crushed-pepper-sauce-12-x,"Case of Private Label Naga Jolokia Reserve Crushed Pepper Sauce, 12 x",5oz,00000069001040,,,retail_listing,https://hotsaucedepot.com/product/case-of-private-label-naga-jolokia-reserve-crushed-pepper-sauce-12-x-5oz/,71.88,USD,https://hotsaucedepot.com/product/case-of-private-label-naga-jolokia-reserve-crushed-pepper-sauce-12-x-5oz/,True,hotsaucedepot.com,2026-09-19T11:09:45.470554Z,2026-09-19T14:01:06.545048Z,sauce-names-1,sauce-match-1,rule:sauce-structured-1,woo,1,2_longtail,,False,0,,single_source:woo,0,,,v1
sauce:|case-of-private-label-pineapple-mango-habanero-pepper-sauce-12-x,,,case-of-private-label-pineapple-mango-habanero-pepper-sauce-12-x,"Case of Private Label Pineapple Mango Habanero Pepper Sauce, 12 x",5oz,00000069001017,,,retail_listing,https://hotsaucedepot.com/product/case-of-private-label-pineapple-mango-habanero-pepper-sauce-12-x-5oz/,53.88,USD,https://hotsaucedepot.com/product/case-of-private-label-pineapple-mango-habanero-pepper-sauce-12-x-5oz/,True,hotsaucedepot.com,2026-09-19T11:09:45.470554Z,2026-09-19T14:01:06.545048Z,sauce-names-1,sauce-match-1,rule:sauce-structured-1,woo,1,2_longtail,,False,0,,single_source:woo,0,,,v1
sauce:|case-of-private-label-red-savina-crushed-pepper-sauce-12-x,,,case-of-private-label-red-savina-crushed-pepper-sauce-12-x,"Case of Private Label Red Savina Crushed Pepper Sauce, 12 x",5oz,00000069001025,,,retail_listing,https://hotsaucedepot.com/product/case-of-private-label-red-savina-crushed-pepper-sauce-12-x-5oz/,53.88,USD,https://hotsaucedepot.com/product/case-of-private-label-red-savina-crushed-pepper-sauce-12-x-5oz/,True,hotsaucedepot.com,2026-09-19T11:09:45.470554Z,2026-09-19T14:01:06.545048Z,sauce-names-1,sauce-match-1,rule:sauce-structured-1,woo,1,2_longtail,,False,0,,single_source:woo,0,,,v1
sauce:|case-of-private-label-roasted-habanero-038-garlic-crushed-pepper-sauce-12-x,,,case-of-private-label-roasted-habanero-038-garlic-crushed-pepper-sauce-12-x,"Case of Private Label Roasted Habanero &#038; Garlic Crushed Pepper Sauce, 12 x",5oz,00000069001035,,,retail_listing,https://hotsaucedepot.com/product/case-of-private-label-roasted-habanero-garlic-crushed-pepper-sauce-12-x-5oz/,71.88,USD,https://hotsaucedepot.com/product/case-of-private-label-roasted-habanero-garlic-crushed-pepper-sauce-12-x-5oz/,True,hotsaucedepot.com,2026-09-19T11:09:45.470554Z,2026-09-19T14:01:06.545048Z,sauce-names-1,sauce-match-1,rule:sauce-structured-1,woo,1,2_longtail,,False,0,,single_source:woo,0,,,v1
sauce:|case-of-private-label-scotch-bonnet-crushed-pepper-sauce-12-x,,,case-of-private-label-scotch-bonnet-crushed-pepper-sauce-12-x,"Case of Private Label Scotch Bonnet Crushed Pepper Sauce, 12 x",5oz,00000069001027,,,unknown,https://hotsaucedepot.com/product/case-of-private-label-scotch-bonnet-crushed-pepper-sauce-12-x-5oz/,53.88,USD,https://hotsaucedepot.com/product/case-of-private-label-scotch-bonnet-crushed-pepper-sauce-12-x-5oz/,False,hotsaucedepot.com,2026-09-19T11:09:45.470554Z,2026-09-19T14:01:06.545048Z,sauce-names-1,sauce-match-1,rule:sauce-structured-1,woo,1,2_longtail,,False,0,,single_source:woo,0,,,v1
sauce:|case-of-private-label-tomatillo-jalapeno-pepper-sauce-12-x,,,case-of-private-label-tomatillo-jalapeno-pepper-sauce-12-x,"Case of Private Label Tomatillo Jalapeño Pepper Sauce, 12 x",5oz,00000069001022,,,retail_listing,https://hotsaucedepot.com/product/case-of-private-label-tomatillo-jalape%e2%88%9a%c2%b1o-pepper-sauce-12-x-5oz/,53.88,USD,https://hotsaucedepot.com/product/case-of-private-label-tomatillo-jalape%e2%88%9a%c2%b1o-pepper-sauce-12-x-5oz/,True,hotsaucedepot.com,2026-09-19T11:09:45.470554Z,2026-09-19T14:01:06.545048Z,sauce-names-1,sauce-match-1,rule:sauce-structured-1,woo,1,2_longtail,,False,0,,single_source:woo,0,,,v1
sauce:|case-of-private-label-xxx-habanero-with-garlic-crushed-pepper-sauce-12-x,,,case-of-private-label-xxx-habanero-with-garlic-crushed-pepper-sauce-12-x,"Case of Private Label XXX Habanero with Garlic Crushed Pepper Sauce, 12 x",5oz,00000069001012,,,retail_listing,https://hotsaucedepot.com/product/case-of-private-label-xxx-habanero-with-garlic-crushed-pepper-sauce-12-x-5oz/,53.88,USD,https://hotsaucedepot.com/product/case-of-private-label-xxx-habanero-with-garlic-crushed-pepper-sauce-12-x-5oz/,True,hotsaucedepot.com,2026-09-19T11:09:45.470554Z,2026-09-19T14:01:06.545048Z,sauce-names-1,sauce-match-1,rule:sauce-structured-1,woo,1,2_longtail,,False,0,,single_source:woo,0,,,v1
sauce:|irazu-cayenne,,,irazu-cayenne,Irazu Cayenne Hot Sauce,5oz,00000060151000,,,retail_listing,https://hotsaucedepot.com/product/irazu-cayenne-hot-sauce-5oz/,2.95,USD,https://hotsaucedepot.com/product/irazu-cayenne-hot-sauce-5oz/,True,hotsaucedepot.com,2026-09-19T11:09:45.470554Z,2026-09-19T14:01:06.545048Z,sauce-names-1,sauce-match-1,rule:sauce-structured-1,woo,1,2_longtail,,False,0,,single_source:woo,0,,,v1
sauce:|irazu-chipotle-crushed-pepper,,,irazu-chipotle-crushed-pepper,Irazu Chipotle Crushed Pepper Sauce,5oz,00000060151030,,,retail_listing,https://hotsaucedepot.com/product/irazu-chipotle-crushed-pepper-sauce-5oz/,2.95,USD,https://hotsaucedepot.com/product/irazu-chipotle-crushed-pepper-sauce-5oz/,True,hotsaucedepot.com,2026-09-19T11:09:45.470554Z,2026-09-19T14:01:06.545048Z,sauce-names-1,sauce-match-1,rule:sauce-structured-1,woo,1,2_longtail,,False,0,,single_source:woo,0,,,v1
sauce:|irazu-fire-roasted-habanero-038-garlic-crushed-pepper,,,irazu-fire-roasted-habanero-038-garlic-crushed-pepper,Irazu Fire Roasted Habanero &#038; Garlic Crushed Pepper Sauce,5oz,00000060151035,,,retail_listing,https://hotsaucedepot.com/product/irazu-fire-roasted-habanero-garlic-crushed-pepper-sauce-5oz/,3.95,USD,https://hotsaucedepot.com/product/irazu-fire-roasted-habanero-garlic-crushed-pepper-sauce-5oz/,True,hotsaucedepot.com,2026-09-19T11:09:45.470554Z,2026-09-19T14:01:06.545048Z,sauce-names-1,sauce-match-1,rule:sauce-structured-1,woo,1,2_longtail,,False,0,,single_source:woo,0,,,v1
sauce:|irazu-habanero-crushed-pepper,,,irazu-habanero-crushed-pepper,Irazu Habanero Crushed Pepper Sauce,5oz,00000060151003,,,retail_listing,https://hotsaucedepot.com/product/irazu-habanero-crushed-pepper-sauce-5oz/,2.95,USD,https://hotsaucedepot.com/product/irazu-habanero-crushed-pepper-sauce-5oz/,True,hotsaucedepot.com,2026-09-19T11:09:45.470554Z,2026-09-19T14:01:06.545048Z,sauce-names-1,sauce-match-1,rule:sauce-structured-1,woo,1,2_longtail,,False,0,,single_source:woo,0,,,v1
sauce:|irazu-habanero-garlic-crushed-pepper,,,irazu-habanero-garlic-crushed-pepper,Irazu Habanero Garlic Crushed Pepper Sauce,5oz,00000060151010,,,retail_listing,https://hotsaucedepot.com/product/irazu-habanero-garlic-crushed-pepper-sauce-5oz/,2.95,USD,https://hotsaucedepot.com/product/irazu-habanero-garlic-crushed-pepper-sauce-5oz/,True,hotsaucedepot.com,2026-09-19T11:09:45.470554Z,2026-09-19T14:01:06.545048Z,sauce-names-1,sauce-match-1,rule:sauce-structured-1,woo,1,2_longtail,,False,0,,single_source:woo,0,,,v1
sauce:|irazu-habanero-xxx-crushed-pepper,,,irazu-habanero-xxx-crushed-pepper,Irazu Habanero XXX Crushed Pepper Sauce,5oz,00000060151005,,,retail_listing,https://hotsaucedepot.com/product/irazu-habanero-xxx-crushed-pepper-sauce-5oz/,2.95,USD,https://hotsaucedepot.com/product/irazu-habanero-xxx-crushed-pepper-sauce-5oz/,True,hotsaucedepot.com,2026-09-19T11:09:45.470554Z,2026-09-19T14:01:06.545048Z,sauce-names-1,sauce-match-1,rule:sauce-structured-1,woo,1,2_longtail,,False,0,,single_source:woo,0,,,v1
sauce:|irazu-jalapeno-crushed-pepper,,,irazu-jalapeno-crushed-pepper,Irazu Jalapeño Crushed Pepper Sauce,5oz,00000060151020,,,retail_listing,https://hotsaucedepot.com/product/irazu-jalapeno-crushed-pepper-sauce-5oz/,2.95,USD,https://hotsaucedepot.com/product/irazu-jalapeno-crushed-pepper-sauce-5oz/,True,hotsaucedepot.com,2026-09-19T11:09:45.470554Z,2026-09-19T14:01:06.545048Z,sauce-names-1,sauce-match-1,rule:sauce-structured-1,woo,1,2_longtail,,False,0,,single_source:woo,0,,,v1
sauce:|irazu-mango,,,irazu-mango,Irazu Mango Hot Sauce,5oz,00000060151015,,,retail_listing,https://hotsaucedepot.com/product/irazu-mango-hot-sauce-5oz/,2.95,USD,https://hotsaucedepot.com/product/irazu-mango-hot-sauce-5oz/,True,hotsaucedepot.com,2026-09-19T11:09:45.470554Z,2026-09-19T14:01:06.545048Z,sauce-names-1,sauce-match-1,rule:sauce-structured-1,woo,1,2_longtail,,False,0,,single_source:woo,0,,,v1
sauce:|irazu-naga-jolokia-reserve-crushed-pepper,,,irazu-naga-jolokia-reserve-crushed-pepper,Irazu Naga Jolokia Reserve Crushed Pepper Sauce,5oz,00000060151040,,,retail_listing,https://hotsaucedepot.com/product/irazu-naga-jolokia-reserve-crushed-pepper-sauce-5oz/,4.95,USD,https://hotsaucedepot.com/product/irazu-naga-jolokia-reserve-crushed-pepper-sauce-5oz/,True,hotsaucedepot.com,2026-09-19T11:09:45.470554Z,2026-09-19T14:01:06.545048Z,sauce-names-1,sauce-match-1,rule:sauce-structured-1,woo,1,2_longtail,,False,0,,single_source:woo,0,,,v1
sauce:|irazu-red-savina-crushed-pepper,,,irazu-red-savina-crushed-pepper,Irazu Red Savina Crushed Pepper Sauce,5oz,00000060151025,,,retail_listing,https://hotsaucedepot.com/product/irazu-red-savina-crushed-pepper-sauce-5oz/,2.95,USD,https://hotsaucedepot.com/product/irazu-red-savina-crushed-pepper-sauce-5oz/,True,hotsaucedepot.com,2026-09-19T11:09:45.470554Z,2026-09-19T14:01:06.545048Z,sauce-names-1,sauce-match-1,rule:sauce-structured-1,woo,1,2_longtail,,False,0,,single_source:woo,0,,,v1
sauce:|irazu-scotch-bonnet-crushed-pepper,,,irazu-scotch-bonnet-crushed-pepper,Irazu Scotch Bonnet Crushed Pepper Sauce,5oz,00000060151027,,,retail_listing,https://hotsaucedepot.com/product/irazu-scotch-bonnet-crushed-pepper-sauce-5oz/,2.95,USD,https://hotsaucedepot.com/product/irazu-scotch-bonnet-crushed-pepper-sauce-5oz/,True,hotsaucedepot.com,2026-09-19T11:09:45.470554Z,2026-09-19T14:01:06.545048Z,sauce-names-1,sauce-match-1,rule:sauce-structured-1,woo,1,2_longtail,,False,0,,single_source:woo,0,,,v1
sauce:|irazu-volcanic-pepper-sauce-ghost-pepper-extreme-70-1-gallon,,,irazu-volcanic-pepper-sauce-ghost-pepper-extreme-70-1-gallon,"Irazu Volcanic Pepper Sauce- Ghost Pepper Extreme 70, 1 Gallon",,00000060151345,,,retail_listing,https://hotsaucedepot.com/product/irazu-volcanic-pepper-sauce-ghost-pepper-extreme-70-1-gallon/,59.95,USD,https://hotsaucedepot.com/product/irazu-volcanic-pepper-sauce-ghost-pepper-extreme-70-1-gallon/,True,hotsaucedepot.com,2026-09-19T11:09:45.470554Z,2026-09-19T14:01:06.545048Z,sauce-names-1,sauce-match-1,rule:sauce-structured-1,woo,1,2_longtail,,False,0,,single_source:woo,0,,,v1
sauce:|irazu-volcanic-pepper-sauce-ghost-pepper-extreme-70,,,irazu-volcanic-pepper-sauce-ghost-pepper-extreme-70,Irazu Volcanic Pepper Sauce- Ghost Pepper Extreme 70,5oz,00000060151045,,,retail_listing,https://hotsaucedepot.com/product/irazu-volcanic-pepper-sauce-ghost-pepper-extreme-70-5oz/,8.95,USD,https://hotsaucedepot.com/product/irazu-volcanic-pepper-sauce-ghost-pepper-extreme-70-5oz/,True,hotsaucedepot.com,2026-09-19T11:09:45.470554Z,2026-09-19T14:01:06.545048Z,sauce-names-1,sauce-match-1,rule:sauce-structured-1,woo,1,2_longtail,,False,0,,single_source:woo,0,,,v1
sauce:|irazu-volcanic-pepper-sauce-scorpion-sting-70,,,irazu-volcanic-pepper-sauce-scorpion-sting-70,Irazu Volcanic Pepper Sauce- Scorpion Sting 70,5oz,00000060151050,,,retail_listing,https://hotsaucedepot.com/product/irazu-volcanic-pepper-sauce-scorpion-sting-70-5oz/,8.95,USD,https://hotsaucedepot.com/product/irazu-volcanic-pepper-sauce-scorpion-sting-70-5oz/,True,hotsaucedepot.com,2026-09-19T11:09:45.470554Z,2026-09-19T14:01:06.545048Z,sauce-names-1,sauce-match-1,rule:sauce-structured-1,woo,1,2_longtail,,False,0,,single_source:woo,0,,,v1
sauce:|irazu-xxx-habanero-with-garlic-crushed-pepper,,,irazu-xxx-habanero-with-garlic-crushed-pepper,Irazu XXX Habanero with Garlic Crushed Pepper Sauce,5oz,00000060151012,,,retail_listing,https://hotsaucedepot.com/product/irazu-xxx-habanero-with-garlic-crushed-pepper-sauce-5oz/,2.95,USD,https://hotsaucedepot.com/product/irazu-xxx-habanero-with-garlic-crushed-pepper-sauce-5oz/,True,hotsaucedepot.com,2026-09-19T11:09:45.470554Z,2026-09-19T14:01:06.545048Z,sauce-names-1,sauce-match-1,rule:sauce-structured-1,woo,1,2_longtail,,False,0,,single_source:woo,0,,,v1
sauce:|lynchburg-tennessee-whiskey-chili-garlic,,,lynchburg-tennessee-whiskey-chili-garlic,Lynchburg Tennessee Whiskey Chili Garlic Hot Sauce,6oz,00000060421010,,,unknown,https://hotsaucedepot.com/product/lynchburg-tennessee-whiskey-chili-garlic-hot-sauce-6oz/,6.95,USD,https://hotsaucedepot.com/product/lynchburg-tennessee-whiskey-chili-garlic-hot-sauce-6oz/,False,hotsaucedepot.com,2026-09-19T11:09:45.470554Z,2026-09-19T14:01:06.545048Z,sauce-names-1,sauce-match-1,rule:sauce-structured-1,woo,1,2_longtail,,False,0,,single_source:woo,0,,,v1
sauce:|lynchburg-tennessee-whiskey-habanero,,,lynchburg-tennessee-whiskey-habanero,Lynchburg Tennessee Whiskey Habanero Hot Sauce,6oz,00000060421005,,,unknown,https://hotsaucedepot.com/product/lynchburg-tennessee-whiskey-habanero-hot-sauce-6oz/,5.95,USD,https://hotsaucedepot.com/product/lynchburg-tennessee-whiskey-habanero-hot-sauce-6oz/,False,hotsaucedepot.com,2026-09-19T11:09:45.470554Z,2026-09-19T14:01:06.545048Z,sauce-names-1,sauce-match-1,rule:sauce-structured-1,woo,1,2_longtail,,False,0,,single_source:woo,0,,,v1
sauce:|lynchburg-tennessee-whiskey-jalapeno,,,lynchburg-tennessee-whiskey-jalapeno,Lynchburg Tennessee Whiskey Jalapeno Hot Sauce,6oz,00000060421000,,,retail_listing,https://hotsaucedepot.com/product/lynchburg-tennessee-whiskey-jalapeno-hot-sauce-6oz/,5.95,USD,https://hotsaucedepot.com/product/lynchburg-tennessee-whiskey-jalapeno-hot-sauce-6oz/,True,hotsaucedepot.com,2026-09-19T11:09:45.470554Z,2026-09-19T14:01:06.545048Z,sauce-names-1,sauce-match-1,rule:sauce-structured-1,woo,1,2_longtail,,False,0,,single_source:woo,0,,,v1
sauce:|lynchburg-tennessee-whiskey-wild-038-wicked-tipsy-wing,,,lynchburg-tennessee-whiskey-wild-038-wicked-tipsy-wing,Lynchburg Tennessee Whiskey Wild &#038; Wicked Tipsy Wing Sauce,15oz,00000060422000,,,unknown,https://hotsaucedepot.com/product/lynchburg-tennessee-whiskey-wild-wicked-tipsy-wing-sauce-15oz/,7.95,USD,https://hotsaucedepot.com/product/lynchburg-tennessee-whiskey-wild-wicked-tipsy-wing-sauce-15oz/,False,hotsaucedepot.com,2026-09-19T11:09:45.470554Z,2026-09-19T14:01:06.545048Z,sauce-names-1,sauce-match-1,rule:sauce-structured-1,woo,1,2_longtail,,False,0,,single_source:woo,0,,,v1
sauce:|my-sauce-lab-el-fuego,,,my-sauce-lab-el-fuego-hot-sauce-8211,My Sauce Lab El Fuego Hot Sauce &#8211;,200 ml,00195893223237,,,retail_listing,https://hotsaucedepot.com/product/my-sauce-lab-el-fuego-hot-sauce-200-ml/,7.00,USD,https://hotsaucedepot.com/product/my-sauce-lab-el-fuego-hot-sauce-100-ml/,True,hotsaucedepot.com,2026-09-19T11:09:45.470554Z,2026-09-19T14:01:06.545048Z,sauce-names-1,sauce-match-1,rule:sauce-structured-1,woo,1,2_longtail,,True,1,sauce:|my-sauce-lab-el-fuego-hot-sauce-8211,single_source:woo,0,,,v1
sauce:|my-sauce-lab-lucifer,,,my-sauce-lab-lucifer-hot-sauce-8211,My Sauce Lab Lucifer Hot Sauce &#8211;,200 ml,00195893777044,,,retail_listing,https://hotsaucedepot.com/product/my-sauce-lab-lucifer-hot-sauce-200-ml/,7.00,USD,https://hotsaucedepot.com/product/my-sauce-lab-lucifer-hot-sauce-100-ml/,True,hotsaucedepot.com,2026-09-19T11:09:45.470554Z,2026-09-19T14:01:06.545048Z,sauce-names-1,sauce-match-1,rule:sauce-structured-1,woo,1,2_longtail,,True,1,sauce:|my-sauce-lab-lucifer-hot-sauce-8211,single_source:woo,0,,,v1
sauce:|my-sauce-lab-pandemonium,,,my-sauce-lab-pandemonium-hot-sauce-8211,My Sauce Lab Pandemonium Hot Sauce &#8211;,100 ml,00197644644124,,,retail_listing,https://hotsaucedepot.com/product/my-sauce-lab-pandemonium-hot-sauce-100-ml/,7.00,USD,https://hotsaucedepot.com/product/my-sauce-lab-pandemonium-hot-sauce-100-ml/,True,hotsaucedepot.com,2026-09-19T11:09:45.470554Z,2026-09-19T14:01:06.545048Z,sauce-names-1,sauce-match-1,rule:sauce-structured-1,woo,1,2_longtail,,True,1,sauce:|my-sauce-lab-pandemonium-hot-sauce-8211,single_source:woo,0,,,v1
sauce:|nuckin-8217-futs,,,nuckin-8217-futs,Nuckin&#8217; Futs Hot Sauce,6oz,00000060421020,,,unknown,https://hotsaucedepot.com/product/nuckin-futs-hot-sauce-6oz/,8.95,USD,https://hotsaucedepot.com/product/nuckin-futs-hot-sauce-6oz/,False,hotsaucedepot.com,2026-09-19T11:09:45.470554Z,2026-09-19T14:01:06.545048Z,sauce-names-1,sauce-match-1,rule:sauce-structured-1,woo,1,2_longtail,,False,0,,single_source:woo,0,,,v1
sauce:|slap-ya-mama-cajun-pepper,,,slap-ya-mama-cajun-pepper,Slap Ya Mama Cajun Pepper Sauce,5oz,00000060241000,,,retail_listing,https://hotsaucedepot.com/product/slap-ya-mama-cajun-pepper-sauce-5oz/,4.49,USD,https://hotsaucedepot.com/product/slap-ya-mama-cajun-pepper-sauce-5oz/,True,hotsaucedepot.com,2026-09-19T11:09:45.470554Z,2026-09-19T14:01:06.545048Z,sauce-names-1,sauce-match-1,rule:sauce-structured-1,woo,1,2_longtail,,False,0,,single_source:woo,0,,,v1
sauce:|beast-extra,,,beast-extra,The Beast Extra Hot Sauce,6oz,00000060421015,,,unknown,https://hotsaucedepot.com/product/the-beast-extra-hot-sauce-6oz/,6.95,USD,https://hotsaucedepot.com/product/the-beast-extra-hot-sauce-6oz/,False,hotsaucedepot.com,2026-09-19T11:09:45.470554Z,2026-09-19T14:01:06.545048Z,sauce-names-1,sauce-match-1,rule:sauce-structured-1,woo,1,2_longtail,,False,0,,single_source:woo,0,,,v1
sauce:|flaming-chicken-creamy-garlic-parmesan-wing-sauce-1-gallon,,,flaming-chicken-creamy-garlic-parmesan-wing-sauce-1-gallon,"The Flaming Chicken Creamy Garlic Parmesan Wing Sauce, 1 Gallon",,00000060122018,,,unknown,https://hotsaucedepot.com/product/the-flaming-chicken-creamy-garlic-parmesan-wing-sauce-1-gallon/,49.95,USD,https://hotsaucedepot.com/product/the-flaming-chicken-creamy-garlic-parmesan-wing-sauce-1-gallon/,False,hotsaucedepot.com,2026-09-19T11:09:45.470554Z,2026-09-19T14:01:06.545048Z,sauce-names-1,sauce-match-1,rule:sauce-structured-1,woo,1,2_longtail,,False,0,,single_source:woo,0,,,v1
sauce:|flaming-chicken-creamy-garlic-parmesan-wing,,,flaming-chicken-creamy-garlic-parmesan-wing,The Flaming Chicken Creamy Garlic Parmesan Wing Sauce,12oz,00000060122017,,,retail_listing,https://hotsaucedepot.com/product/the-flaming-chicken-creamy-garlic-parmesan-wing-sauce-12oz/,8.99,USD,https://hotsaucedepot.com/product/the-flaming-chicken-creamy-garlic-parmesan-wing-sauce-12oz/,True,hotsaucedepot.com,2026-09-19T11:09:45.470554Z,2026-09-19T14:01:06.545048Z,sauce-names-1,sauce-match-1,rule:sauce-structured-1,woo,1,2_longtail,,False,0,,single_source:woo,0,,,v1
sauce:|flaming-chicken-extra-hot-wing,,,flaming-chicken-extra-hot-wing,The Flaming Chicken Extra Hot Wing Sauce,12oz,00000060122005,,,retail_listing,https://hotsaucedepot.com/product/the-flaming-chicken-extra-hot-wing-sauce-12oz/,6.99,USD,https://hotsaucedepot.com/product/the-flaming-chicken-extra-hot-wing-sauce-12oz/,True,hotsaucedepot.com,2026-09-19T11:09:45.470554Z,2026-09-19T14:01:06.545048Z,sauce-names-1,sauce-match-1,rule:sauce-structured-1,woo,1,2_longtail,,False,0,,single_source:woo,0,,,v1
sauce:|flaming-chicken-heart-of-the-caribbean-jerk-wing-sauce-1-gallon,,,flaming-chicken-heart-of-the-caribbean-jerk-wing-sauce-1-gallon,"The Flaming Chicken Heart of the Caribbean¬¨√¥ Jerk Wing Sauce, 1 Gallon",,00000060122016,,,unknown,https://hotsaucedepot.com/product/the-flaming-chicken-heart-of-the-caribbean%c2%ac%c2%a8%e2%88%9a%c2%a5-jerk-wing-sauce-1-gallon/,34.95,USD,https://hotsaucedepot.com/product/the-flaming-chicken-heart-of-the-caribbean%c2%ac%c2%a8%e2%88%9a%c2%a5-jerk-wing-sauce-1-gallon/,False,hotsaucedepot.com,2026-09-19T11:09:45.470554Z,2026-09-19T14:01:06.545048Z,sauce-names-1,sauce-match-1,rule:sauce-structured-1,woo,1,2_longtail,,False,0,,single_source:woo,0,,,v1
sauce:|flaming-chicken-heart-of-the-caribbean-jerk-wing,,,flaming-chicken-heart-of-the-caribbean-jerk-wing,The Flaming Chicken Heart of the Caribbean Jerk Wing Sauce,12oz,00000060122015,,,retail_listing,https://hotsaucedepot.com/product/the-flaming-chicken-heart-of-the-caribbean-jerk-wing-sauce-12oz/,7.99,USD,https://hotsaucedepot.com/product/the-flaming-chicken-heart-of-the-caribbean-jerk-wing-sauce-12oz/,True,hotsaucedepot.com,2026-09-19T11:09:45.470554Z,2026-09-19T14:01:06.545048Z,sauce-names-1,sauce-match-1,rule:sauce-structured-1,woo,1,2_longtail,,False,0,,single_source:woo,0,,,v1
sauce:|flaming-chicken-honey-bbq-wing-sauce-1-gallon,,,flaming-chicken-honey-bbq-wing-sauce-1-gallon,"The Flaming Chicken Honey BBQ Wing Sauce, 1 Gallon",,00000060122026,,,unknown,https://hotsaucedepot.com/product/the-flaming-chicken-honey-bbq-wing-sauce-1-gallon/,35.95,USD,https://hotsaucedepot.com/product/the-flaming-chicken-honey-bbq-wing-sauce-1-gallon/,False,hotsaucedepot.com,2026-09-19T11:09:45.470554Z,2026-09-19T14:01:06.545048Z,sauce-names-1,sauce-match-1,rule:sauce-structured-1,woo,1,2_longtail,,False,0,,single_source:woo,0,,,v1
sauce:|flaming-chicken-honey-bbq-wing,,,flaming-chicken-honey-bbq-wing,The Flaming Chicken Honey BBQ Wing Sauce,12oz,00000060122025,,,unknown,https://hotsaucedepot.com/product/the-flaming-chicken-honey-bbq-wing-sauce-12oz/,7.99,USD,https://hotsaucedepot.com/product/the-flaming-chicken-honey-bbq-wing-sauce-12oz/,False,hotsaucedepot.com,2026-09-19T11:09:45.470554Z,2026-09-19T14:01:06.545048Z,sauce-names-1,sauce-match-1,rule:sauce-structured-1,woo,1,2_longtail,,False,0,,single_source:woo,0,,,v1
sauce:|flaming-chicken-hot-garlic-wing-sauce-1-gallon,,,flaming-chicken-hot-garlic-wing-sauce-1-gallon,"The Flaming Chicken Hot Garlic Wing Sauce, 1 Gallon",,00000060122031,,,unknown,https://hotsaucedepot.com/product/the-flaming-chicken-hot-garlic-wing-sauce-1-gallon/,35.95,USD,https://hotsaucedepot.com/product/the-flaming-chicken-hot-garlic-wing-sauce-1-gallon/,False,hotsaucedepot.com,2026-09-19T11:09:45.470554Z,2026-09-19T14:01:06.545048Z,sauce-names-1,sauce-match-1,rule:sauce-structured-1,woo,1,2_longtail,,False,0,,single_source:woo,0,,,v1
sauce:|flaming-chicken-hot-garlic-wing,,,flaming-chicken-hot-garlic-wing,The Flaming Chicken Hot Garlic Wing Sauce,12oz,00000060122030,,,retail_listing,https://hotsaucedepot.com/product/the-flaming-chicken-hot-garlic-wing-sauce-12oz/,7.99,USD,https://hotsaucedepot.com/product/the-flaming-chicken-hot-garlic-wing-sauce-12oz/,True,hotsaucedepot.com,2026-09-19T11:09:45.470554Z,2026-09-19T14:01:06.545048Z,sauce-names-1,sauce-match-1,rule:sauce-structured-1,woo,1,2_longtail,,False,0,,single_source:woo,0,,,v1
sauce:|flaming-chicken-mango-heat-wing-sauce-1-gallon,,,flaming-chicken-mango-heat-wing-sauce-1-gallon,"The Flaming Chicken Mango Heat¬¨√¥ Wing Sauce, 1 Gallon",,00000060122011,,,unknown,https://hotsaucedepot.com/product/the-flaming-chicken-mango-heat%c2%ac%c2%a8%e2%88%9a%c2%a5-wing-sauce-1-gallon/,29.95,USD,https://hotsaucedepot.com/product/the-flaming-chicken-mango-heat%c2%ac%c2%a8%e2%88%9a%c2%a5-wing-sauce-1-gallon/,False,hotsaucedepot.com,2026-09-19T11:09:45.470554Z,2026-09-19T14:01:06.545048Z,sauce-names-1,sauce-match-1,rule:sauce-structured-1,woo,1,2_longtail,,False,0,,single_source:woo,0,,,v1
sauce:|flaming-chicken-mango-heat-wing,,,flaming-chicken-mango-heat-wing,The Flaming Chicken Mango Heat Wing Sauce,12oz,00000060122010,,,retail_listing,https://hotsaucedepot.com/product/the-flaming-chicken-mango-heat-wing-sauce-12oz/,6.99,USD,https://hotsaucedepot.com/product/the-flaming-chicken-mango-heat-wing-sauce-12oz/,True,hotsaucedepot.com,2026-09-19T11:09:45.470554Z,2026-09-19T14:01:06.545048Z,sauce-names-1,sauce-match-1,rule:sauce-structured-1,woo,1,2_longtail,,False,0,,single_source:woo,0,,,v1
sauce:|flaming-chicken-original-wing,,,flaming-chicken-original-wing,The Flaming Chicken Original Wing Sauce,12oz,00000060122000,,,unknown,https://hotsaucedepot.com/product/the-flaming-chicken-original-wing-sauce-12oz/,6.99,USD,https://hotsaucedepot.com/product/the-flaming-chicken-original-wing-sauce-12oz/,False,hotsaucedepot.com,2026-09-19T11:09:45.470554Z,2026-09-19T14:01:06.545048Z,sauce-names-1,sauce-match-1,rule:sauce-structured-1,woo,1,2_longtail,,False,0,,single_source:woo,0,,,v1
sauce:|flaming-chicken-scorpion-fire-wing-sauce-1-gallon,,,flaming-chicken-scorpion-fire-wing-sauce-1-gallon,"The Flaming Chicken Scorpion Fire Wing Sauce, 1 gallon",,00000060122036,,,unknown,https://hotsaucedepot.com/product/the-flaming-chicken-scorpion-fire-wing-sauce-1-gallon/,41.95,USD,https://hotsaucedepot.com/product/the-flaming-chicken-scorpion-fire-wing-sauce-1-gallon/,False,hotsaucedepot.com,2026-09-19T11:09:45.470554Z,2026-09-19T14:01:06.545048Z,sauce-names-1,sauce-match-1,rule:sauce-structured-1,woo,1,2_longtail,,False,0,,single_source:woo,0,,,v1
sauce:|flaming-chicken-scorpion-fire-wing,,,flaming-chicken-scorpion-fire-wing,The Flaming Chicken Scorpion Fire Wing Sauce,12oz,00000060122035,,,unknown,https://hotsaucedepot.com/product/the-flaming-chicken-scorpion-fire-wing-sauce-12oz/,8.99,USD,https://hotsaucedepot.com/product/the-flaming-chicken-scorpion-fire-wing-sauce-12oz/,False,hotsaucedepot.com,2026-09-19T11:09:45.470554Z,2026-09-19T14:01:06.545048Z,sauce-names-1,sauce-match-1,rule:sauce-structured-1,woo,1,2_longtail,,False,0,,single_source:woo,0,,,v1
sauce:|flaming-chicken-spicy-bayou-cajun-wing-sauce-1-gallon,,,flaming-chicken-spicy-bayou-cajun-wing-sauce-1-gallon,"The Flaming Chicken Spicy Bayou¬¨√¥ Cajun Wing Sauce, 1 Gallon",,00000060122008,,,unknown,https://hotsaucedepot.com/product/the-flaming-chicken-spicy-bayou%c2%ac%c2%a8%e2%88%9a%c2%a5-cajun-wing-sauce-1-gallon/,33.95,USD,https://hotsaucedepot.com/product/the-flaming-chicken-spicy-bayou%c2%ac%c2%a8%e2%88%9a%c2%a5-cajun-wing-sauce-1-gallon/,False,hotsaucedepot.com,2026-09-19T11:09:45.470554Z,2026-09-19T14:01:06.545048Z,sauce-names-1,sauce-match-1,rule:sauce-structured-1,woo,1,2_longtail,,False,0,,single_source:woo,0,,,v1
sauce:|flaming-chicken-spicy-bayou-cajun-wing,,,flaming-chicken-spicy-bayou-cajun-wing,The Flaming Chicken Spicy Bayou Cajun Wing Sauce,12oz,00000060122007,,,unknown,https://hotsaucedepot.com/product/the-flaming-chicken-spicy-bayou-cajun-wing-sauce-12oz/,7.99,USD,https://hotsaucedepot.com/product/the-flaming-chicken-spicy-bayou-cajun-wing-sauce-12oz/,False,hotsaucedepot.com,2026-09-19T11:09:45.470554Z,2026-09-19T14:01:06.545048Z,sauce-names-1,sauce-match-1,rule:sauce-structured-1,woo,1,2_longtail,,False,0,,single_source:woo,0,,,v1
sauce:|unholy-trinity-tm-by-irazu,,,unholy-trinity-tm-by-irazu,Unholy Trinity TM by Irazu,5oz,00000060151080,,,retail_listing,https://hotsaucedepot.com/product/unholy-trinity-tm-by-irazu-5oz/,9.95,USD,https://hotsaucedepot.com/product/unholy-trinity-tm-by-irazu-5oz/,True,hotsaucedepot.com,2026-09-19T11:09:45.470554Z,2026-09-19T14:01:06.545048Z,sauce-names-1,sauce-match-1,rule:sauce-structured-1,woo,1,2_longtail,,False,0,,single_source:woo,0,,,v1
sauce:|5-alarm,,,5-alarm,5 Alarm,,,,,retail_listing,https://secretaardvark.com/shop/hot-sauce/5-alarm/,42.50,USD,https://secretaardvark.com/shop/hot-sauce/5-alarm/,True,secretaardvark.com,2026-09-19T11:09:45.470554Z,2026-09-19T14:01:06.545048Z,sauce-names-1,sauce-match-1,rule:sauce-structured-1,woo,1,2_longtail,,False,0,,single_source:woo,0,,,v1
sauce:|aardvark-ate,,,aardvark-ate,Aardvark ATE,,,,,retail_listing,https://secretaardvark.com/shop/hot-sauce/aardvark-ate/,60.00,USD,https://secretaardvark.com/shop/hot-sauce/aardvark-ate/,True,secretaardvark.com,2026-09-19T11:09:45.470554Z,2026-09-19T14:01:06.545048Z,sauce-names-1,sauce-match-1,rule:sauce-structured-1,woo,1,2_longtail,,False,0,,single_source:woo,0,,,v1
sauce:|aardvark-habanero,,,aardvark-habanero,Aardvark Habanero Hot Sauce,,,,,retail_listing,https://secretaardvark.com/shop/hot-sauce/aardvark-habanero-hot-sauce/,21.00,USD,https://secretaardvark.com/shop/hot-sauce/aardvark-habanero-hot-sauce/,True,secretaardvark.com,2026-09-19T11:09:45.470554Z,2026-09-19T14:01:06.545048Z,sauce-names-1,sauce-match-1,rule:sauce-structured-1,woo,1,2_longtail,,True,2,sauce:secret-aardvark-trading|aardvark-habanero|sauce:secret-aardvark|aardvark-habanero,single_source:woo,0,,,v1
sauce:|aardvark-reaper-smoked,,,aardvark-reaper-smoked,Aardvark Reaper Smoked Hot Sauce,,,,,retail_listing,https://secretaardvark.com/shop/hot-sauce/aardvark-reaper-smoked-hot-sauce-copy/,21.00,USD,https://secretaardvark.com/shop/hot-sauce/aardvark-reaper-smoked-hot-sauce-copy/,True,secretaardvark.com,2026-09-19T11:09:45.470554Z,2026-09-19T14:01:06.545048Z,sauce-names-1,sauce-match-1,rule:sauce-structured-1,woo,1,2_longtail,,True,1,sauce:secret-aardvark|aardvark-reaper-smoked,single_source:woo,0,,,v1
sauce:|drunken-duo,,,drunken-duo,Drunken Duo,,,,,retail_listing,https://secretaardvark.com/shop/hot-sauce/classic-trio/,21.00,USD,https://secretaardvark.com/shop/hot-sauce/classic-trio/,True,secretaardvark.com,2026-09-19T11:09:45.470554Z,2026-09-19T14:01:06.545048Z,sauce-names-1,sauce-match-1,rule:sauce-structured-1,woo,1,2_longtail,,False,0,,single_source:woo,0,,,v1
sauce:|fabulous-foursome,,,fabulous-foursome,Fabulous Foursome,,,,,retail_listing,https://secretaardvark.com/shop/hot-sauce/fabulous-foursome/,35.50,USD,https://secretaardvark.com/shop/hot-sauce/fabulous-foursome/,True,secretaardvark.com,2026-09-19T11:09:45.470554Z,2026-09-19T14:01:06.545048Z,sauce-names-1,sauce-match-1,rule:sauce-structured-1,woo,1,2_longtail,,False,0,,single_source:woo,0,,,v1
sauce:|go-green,,,go-green,Go Green,,,,,retail_listing,https://secretaardvark.com/shop/hot-sauce/go-green/,21.00,USD,https://secretaardvark.com/shop/hot-sauce/go-green/,True,secretaardvark.com,2026-09-19T11:09:45.470554Z,2026-09-19T14:01:06.545048Z,sauce-names-1,sauce-match-1,rule:sauce-structured-1,woo,1,2_longtail,,False,0,,single_source:woo,0,,,v1
sauce:|hawt-duo,,,hawt-duo,Hawt Duo,,,,,retail_listing,https://secretaardvark.com/shop/hot-sauce/hawt-trio/,21.00,USD,https://secretaardvark.com/shop/hot-sauce/hawt-trio/,True,secretaardvark.com,2026-09-19T11:09:45.470554Z,2026-09-19T14:01:06.545048Z,sauce-names-1,sauce-match-1,rule:sauce-structured-1,woo,1,2_longtail,,False,0,,single_source:woo,0,,,v1
sauce:|hot-dad-summer-starter-pack,,,hot-dad-summer-starter-pack,Hot Dad Summer Starter Pack,,,,,retail_listing,https://secretaardvark.com/shop/hot-sauce/hot-dad-summer-starter-pack/,35.50,USD,https://secretaardvark.com/shop/hot-sauce/hot-dad-summer-starter-pack/,True,secretaardvark.com,2026-09-19T11:09:45.470554Z,2026-09-19T14:01:06.545048Z,sauce-names-1,sauce-match-1,rule:sauce-structured-1,woo,1,2_longtail,,False,0,,single_source:woo,0,,,v1
sauce:|hot-damn,,,hot-damn,Hot Damn,,,,,retail_listing,https://secretaardvark.com/shop/hot-sauce/hotdamn/,21.00,USD,https://secretaardvark.com/shop/hot-sauce/hotdamn/,True,secretaardvark.com,2026-09-19T11:09:45.470554Z,2026-09-19T14:01:06.545048Z,sauce-names-1,sauce-match-1,rule:sauce-structured-1,woo,1,2_longtail,,False,0,,single_source:woo,0,,,v1
sauce:|kick-sting,,,kick-sting,Kick & Sting,,,,,retail_listing,https://secretaardvark.com/shop/hot-sauce/kick-sting/,21.00,USD,https://secretaardvark.com/shop/hot-sauce/kick-sting/,True,secretaardvark.com,2026-09-19T14:01:06.545048Z,2026-09-19T14:01:06.545048Z,sauce-names-1,sauce-match-1,rule:sauce-structured-2,woo,1,2_longtail,,False,0,,single_source:woo,0,,,v1
sauce:|magnificent-7,,,magnificent-7,Magnificent 7,,,,,retail_listing,https://secretaardvark.com/shop/hot-sauce/magnificent-7/,55.50,USD,https://secretaardvark.com/shop/hot-sauce/magnificent-7/,True,secretaardvark.com,2026-09-19T11:09:45.470554Z,2026-09-19T14:01:06.545048Z,sauce-names-1,sauce-match-1,rule:sauce-structured-1,woo,1,2_longtail,,False,0,,single_source:woo,0,,,v1
sauce:|buffadill-green-buffalo,,,buffadill-green-buffalo,BuffaDill Green Buffalo Sauce,,,,,retail_listing,https://secretaardvark.com/shop/hot-sauce/new-sauces/buffadill/,21.00,USD,https://secretaardvark.com/shop/hot-sauce/new-sauces/buffadill/,True,secretaardvark.com,2026-09-19T11:09:45.470554Z,2026-09-19T14:01:06.545048Z,sauce-names-1,sauce-match-1,rule:sauce-structured-1,woo,1,2_longtail,,False,0,,single_source:woo,0,,,v1
sauce:|og-to-omg,,,og-to-omg,OG to OMG,,,,,retail_listing,https://secretaardvark.com/shop/hot-sauce/og-to-omg/,21.00,USD,https://secretaardvark.com/shop/hot-sauce/og-to-omg/,True,secretaardvark.com,2026-09-19T11:09:45.470554Z,2026-09-19T14:01:06.545048Z,sauce-names-1,sauce-match-1,rule:sauce-structured-1,woo,1,2_longtail,,False,0,,single_source:woo,0,,,v1
sauce:|red-scorpion-fiery,,,red-scorpion-fiery,Red Scorpion Fiery Hot Sauce,,,,,retail_listing,https://secretaardvark.com/shop/hot-sauce/red-scorpion-fiery-hot-sauce/,21.00,USD,https://secretaardvark.com/shop/hot-sauce/red-scorpion-fiery-hot-sauce/,True,secretaardvark.com,2026-09-19T11:09:45.470554Z,2026-09-19T14:01:06.545048Z,sauce-names-1,sauce-match-1,rule:sauce-structured-1,woo,1,2_longtail,,True,1,sauce:secret-aardvark|red-scorpion-fiery,single_source:woo,0,,,v1
sauce:|serrabanero-green,,,serrabanero-green,Serrabanero Green Hot Sauce,,,,,retail_listing,https://secretaardvark.com/shop/hot-sauce/serrabanero-green-hot-sauce/,21.00,USD,https://secretaardvark.com/shop/hot-sauce/serrabanero-green-hot-sauce/,True,secretaardvark.com,2026-09-19T11:09:45.470554Z,2026-09-19T14:01:06.545048Z,sauce-names-1,sauce-match-1,rule:sauce-structured-1,woo,1,2_longtail,,True,1,sauce:secret-aardvark|serrabanero-green,single_source:woo,0,,,v1
sauce:|smoke-show,,,smoke-show,Smoke Show,,,,,retail_listing,https://secretaardvark.com/shop/hot-sauce/smoke-show/,21.00,USD,https://secretaardvark.com/shop/hot-sauce/smoke-show/,True,secretaardvark.com,2026-09-19T11:09:45.470554Z,2026-09-19T14:01:06.545048Z,sauce-names-1,sauce-match-1,rule:sauce-structured-1,woo,1,2_longtail,,False,0,,single_source:woo,0,,,v1
sauce:|smoky-aardvark-chipotle-hab,,,smoky-aardvark-chipotle-hab,Smoky Aardvark Chipotle – Hab Sauce,,,,,retail_listing,https://secretaardvark.com/shop/hot-sauce/smoky-aardvark-chipotle-hab-sauce/,21.00,USD,https://secretaardvark.com/shop/hot-sauce/smoky-aardvark-chipotle-hab-sauce/,True,secretaardvark.com,2026-09-19T11:09:45.470554Z,2026-09-19T14:01:06.545048Z,sauce-names-1,sauce-match-1,rule:sauce-structured-1,woo,1,2_longtail,,False,0,,single_source:woo,0,,,v1
sauce:|captain-clyde-s-cannonball-crush,,,captain-clyde-s-cannonball-crush,Captain Clyde’s Cannonball Crush,,,,,retail_listing,https://www.blackeyedspices.com/shop/captain-clyde/,9.99,USD,https://www.blackeyedspices.com/shop/captain-clyde/,True,blackeyedspices.com,2026-09-19T14:01:06.545048Z,2026-09-19T14:01:06.545048Z,sauce-names-1,sauce-match-1,rule:sauce-structured-2,woo,1,2_longtail,,False,0,,single_source:woo,0,,,v1
sauce:|chickpotle,,,chickpotle,Chickpotle,,,,,retail_listing,https://www.blackeyedspices.com/shop/chickpotle/,14.99,USD,https://www.blackeyedspices.com/shop/chickpotle/,True,blackeyedspices.com,2026-09-19T11:09:45.470554Z,2026-09-19T14:01:06.545048Z,sauce-names-1,sauce-match-1,rule:sauce-structured-1,woo,1,2_longtail,,True,1,sauce:louisiana|chipotle,single_source:woo,0,,,v1
sauce:|mild-dbc,,,mild-dbc,(MILD) DBC,,,,,retail_listing,https://www.blackeyedspices.com/shop/death-by-chocolate-mild/,10.00,USD,https://www.blackeyedspices.com/shop/death-by-chocolate-mild/,True,blackeyedspices.com,2026-09-19T11:09:45.470554Z,2026-09-19T14:01:06.545048Z,sauce-names-1,sauce-match-1,rule:sauce-structured-1,woo,1,2_longtail,,False,0,,single_source:woo,0,,,v1
sauce:|edward-peach,,,edward-peach,Edward Peach,,,,,retail_listing,https://www.blackeyedspices.com/shop/edward-peach/,14.99,USD,https://www.blackeyedspices.com/shop/edward-peach/,True,blackeyedspices.com,2026-09-19T11:09:45.470554Z,2026-09-19T14:01:06.545048Z,sauce-names-1,sauce-match-1,rule:sauce-structured-1,woo,1,2_longtail,,False,0,,single_source:woo,0,,,v1
sauce:|mcclintock-s-revenge,,,mcclintock-s-revenge,McClintock’s Revenge,,,,,retail_listing,https://www.blackeyedspices.com/shop/mcclintocks-revenge/,14.99,USD,https://www.blackeyedspices.com/shop/mcclintocks-revenge/,True,blackeyedspices.com,2026-09-19T14:01:06.545048Z,2026-09-19T14:01:06.545048Z,sauce-names-1,sauce-match-1,rule:sauce-structured-2,woo,1,2_longtail,,False,0,,single_source:woo,0,,,v1
sauce:|red-flag,,,red-flag,Red Flag,,,,,retail_listing,https://www.blackeyedspices.com/shop/red-flag/,14.99,USD,https://www.blackeyedspices.com/shop/red-flag/,True,blackeyedspices.com,2026-09-19T11:09:45.470554Z,2026-09-19T14:01:06.545048Z,sauce-names-1,sauce-match-1,rule:sauce-structured-1,woo,1,2_longtail,,True,2,sauce:black-eyed-susan-spice|red-flag|sauce:black-eyed-susan|red-flag,single_source:woo,0,,,v1
sauce:|scotch-berry-cove,,,scotch-berry-cove,Scotch Berry Cove,,,,,retail_listing,https://www.blackeyedspices.com/shop/scotch-berry-cove/,9.99,USD,https://www.blackeyedspices.com/shop/scotch-berry-cove/,True,blackeyedspices.com,2026-09-19T11:09:45.470554Z,2026-09-19T14:01:06.545048Z,sauce-names-1,sauce-match-1,rule:sauce-structured-1,woo,1,2_longtail,,False,0,,single_source:woo,0,,,v1
sauce:|trinidad-thyme-bomb,,,trinidad-thyme-bomb,Trinidad Thyme Bomb,,,,,retail_listing,https://www.blackeyedspices.com/shop/trinidad-thyme-bomb/,14.99,USD,https://www.blackeyedspices.com/shop/trinidad-thyme-bomb/,True,blackeyedspices.com,2026-09-19T11:09:45.470554Z,2026-09-19T14:01:06.545048Z,sauce-names-1,sauce-match-1,rule:sauce-structured-1,woo,1,2_longtail,,True,1,sauce:black-eyed-susan|trinidad-thyme-bomb,single_source:woo,0,,,v1
sauce:|blackwater,,,blackwater,Blackwater Hot Sauce,,,,,unknown,https://www.seasidegrown.com/product/blackwater-hot-sauce/,9.99,USD,https://www.seasidegrown.com/product/blackwater-hot-sauce/,False,seasidegrown.com,2026-09-19T11:09:45.470554Z,2026-09-19T14:01:06.545048Z,sauce-names-1,sauce-match-1,rule:sauce-structured-1,woo,1,2_longtail,,False,0,,single_source:woo,0,,,v1
sauce:08|death-wish,08,08,death-wish,DEATH WISH HOT SAUCE,,,,,retail_listing,https://fantasticfuego.com/products/death-wish-hot-sauce,10.00,USD,https://fantasticfuego.com/products/death-wish-hot-sauce,True,fantasticfuego.com,2026-09-19T11:09:45.470554Z,2026-09-19T14:01:06.545048Z,sauce-names-1,sauce-match-1,rule:sauce-structured-1,shopify,1,2_longtail,,False,0,,single_source:shopify,0,,,v1
sauce:13-stars|holsters,13-stars,13 Stars Hot Sauce,holsters,Holsters,,,,,retail_listing,https://13starshotsauce.com/products/13-stars-hot-sauce-holsters,45.00,USD,https://13starshotsauce.com/products/13-stars-hot-sauce-holsters,True,13starshotsauce.com,2026-09-19T11:09:45.470554Z,2026-09-19T14:01:06.545048Z,sauce-names-1,sauce-match-1,rule:sauce-structured-1,shopify,1,2_longtail,,False,0,,single_source:shopify,0,,,v1
sauce:13-stars|big-red-one-savory-classic-medium,13-stars,13 Stars Hot Sauce,big-red-one-savory-classic-medium,Big Red One - Savory & Classic Medium Hot Sauce,,,,,retail_listing,https://13starshotsauce.com/products/big-red-one,12.99,USD,https://13starshotsauce.com/products/big-red-one,True,13starshotsauce.com,2026-09-19T11:09:45.470554Z,2026-09-19T14:01:06.545048Z,sauce-names-1,sauce-match-1,rule:sauce-structured-1,shopify,1,2_longtail,,False,0,,single_source:shopify,0,,,v1
sauce:13-stars|dragon-s-breath-asian-style-mild-everything,13-stars,13 Stars Hot Sauce,dragon-s-breath-asian-style-mild-everything,Dragon's Breath - Asian Style Mild Everything Sauce,,,,,retail_listing,https://13starshotsauce.com/products/dragons-breath,12.99,USD,https://13starshotsauce.com/products/dragons-breath,True,13starshotsauce.com,2026-09-19T11:09:45.470554Z,2026-09-19T14:01:06.545048Z,sauce-names-1,sauce-match-1,rule:sauce-structured-1,shopify,1,2_longtail,,False,0,,single_source:shopify,0,,,v1
sauce:13-stars|f-u-b-a-r-mind-numbing-black-garlic-reaper,13-stars,13 Stars Hot Sauce,f-u-b-a-r-mind-numbing-black-garlic-reaper,F.U.B.A.R. - Mind-numbing Black Garlic & Reaper Hot Sauce,,,,,retail_listing,https://13starshotsauce.com/products/fubar,17.76,USD,https://13starshotsauce.com/products/fubar,True,13starshotsauce.com,2026-09-19T11:09:45.470554Z,2026-09-19T14:01:06.545048Z,sauce-names-1,sauce-match-1,rule:sauce-structured-1,shopify,1,2_longtail,,False,0,,single_source:shopify,0,,,v1
sauce:13-stars|mean-green-jalapeno-lime-mild,13-stars,13 Stars Hot Sauce,mean-green-jalapeno-lime-mild,Mean Green - Jalapeño & Lime Mild Hot Sauce,,,,,retail_listing,https://13starshotsauce.com/products/mean-green,12.99,USD,https://13starshotsauce.com/products/mean-green,True,13starshotsauce.com,2026-09-19T11:09:45.470554Z,2026-09-19T14:01:06.545048Z,sauce-names-1,sauce-match-1,rule:sauce-structured-1,shopify,1,2_longtail,,False,0,,single_source:shopify,0,,,v1
sauce:13-stars|nuclear-option-superhot-reaper-ghost,13-stars,13 Stars Hot Sauce,nuclear-option-superhot-reaper-ghost,Nuclear Option - Superhot Reaper & Ghost Hot Sauce,,,,,retail_listing,https://13starshotsauce.com/products/nuclear-option,17.76,USD,https://13starshotsauce.com/products/nuclear-option,True,13starshotsauce.com,2026-09-19T11:09:45.470554Z,2026-09-19T14:01:06.545048Z,sauce-names-1,sauce-match-1,rule:sauce-structured-1,shopify,1,2_longtail,,False,0,,single_source:shopify,0,,,v1
sauce:13-stars|tango-mango-tropical-mango-habanero,13-stars,13 Stars Hot Sauce,tango-mango-tropical-mango-habanero,Tango Mango - Tropical Mango Habanero Hot Sauce,,,,,retail_listing,https://13starshotsauce.com/products/tango-mango,12.99,USD,https://13starshotsauce.com/products/tango-mango,True,13starshotsauce.com,2026-09-19T11:09:45.470554Z,2026-09-19T14:01:06.545048Z,sauce-names-1,sauce-match-1,rule:sauce-structured-1,shopify,1,2_longtail,,False,0,,single_source:shopify,0,,,v1
sauce:516|top-secret-truffle,516,516 Sauce Co.,top-secret-truffle,Top Secret Truffle Hot Sauce,,,,,unknown,https://puckerbuttpeppercompany.com/products/516,15.00,USD,https://puckerbuttpeppercompany.com/products/516,False,puckerbuttpeppercompany.com,2026-09-19T11:09:45.470554Z,2026-09-19T14:01:06.545048Z,sauce-names-1,sauce-match-1,rule:sauce-structured-1,shopify,1,2_longtail,,False,0,,single_source:shopify,0,,,v1
sauce:7-siblings|temper-tantrum,7-siblings,7 Siblings,temper-tantrum,Temper Tantrum Sauce,,,,,retail_listing,https://heathotsauce.com/products/temper-tantrum-sauce,5.99,USD,https://heathotsauce.com/products/temper-tantrum-sauce,True,heathotsauce.com,2026-09-19T13:52:25.427841Z,2026-09-19T14:01:06.545048Z,sauce-names-1,sauce-match-1,rule:sauce-structured-1,shopify,1,2_longtail,,False,0,,single_source:shopify,0,,,v1
sauce:akabanga|rwandan-chile-oil,akabanga,Akabanga,rwandan-chile-oil,Rwandan Chile Oil,,,,,retail_listing,https://heathotsauce.com/products/akabanga-rwandan-chile-oil,9.99,USD,https://heathotsauce.com/products/akabanga-rwandan-chile-oil,True,heathotsauce.com,2026-09-19T13:52:25.427841Z,2026-09-19T14:01:06.545048Z,sauce-names-1,sauce-match-1,rule:sauce-structured-1,shopify,1,2_longtail,,False,0,,single_source:shopify,0,,,v1
sauce:alchemy-peppers|extreme-heat-2-pack,alchemy-peppers,Alchemy Peppers,extreme-heat-2-pack,Extreme Heat 2-Pack,,,,,unknown,https://alchemypeppers.com/products/extreme-heat-2-pack,27.99,USD,https://alchemypeppers.com/products/extreme-heat-2-pack,False,alchemypeppers.com,2026-09-19T11:09:45.470554Z,2026-09-19T14:01:06.545048Z,sauce-names-1,sauce-match-1,rule:sauce-structured-1,shopify,1,2_longtail,,False,0,,single_source:shopify,0,,,v1
sauce:alchemy-peppers|fresno-peppers-simcoe-hops,alchemy-peppers,Alchemy Peppers,fresno-peppers-simcoe-hops,Fresno Peppers + Simcoe Hops,,,,,unknown,https://alchemypeppers.com/products/fresno-peppers-simcoe-hops,9.99,USD,https://alchemypeppers.com/products/fresno-peppers-simcoe-hops,False,alchemypeppers.com,2026-09-19T11:09:45.470554Z,2026-09-19T14:01:06.545048Z,sauce-names-1,sauce-match-1,rule:sauce-structured-1,shopify,1,2_longtail,,False,0,,single_source:shopify,0,,,v1
sauce:alchemy-peppers|jalapeno-peppers-citra-hops,alchemy-peppers,Alchemy Peppers,jalapeno-peppers-citra-hops,Jalapeño Peppers + Citra Hops,,,,,unknown,https://alchemypeppers.com/products/jalapeno-peppers-citra-hops,9.99,USD,https://alchemypeppers.com/products/jalapeno-peppers-citra-hops,False,alchemypeppers.com,2026-09-19T11:09:45.470554Z,2026-09-19T14:01:06.545048Z,sauce-names-1,sauce-match-1,rule:sauce-structured-1,shopify,1,2_longtail,,False,0,,single_source:shopify,0,,,v1
sauce:alchemy-peppers|scotch-bonnet-mosaic-hops,alchemy-peppers,Alchemy Peppers,scotch-bonnet-mosaic-hops,Scotch Bonnet + Mosaic Hops,,,,,unknown,https://alchemypeppers.com/products/scotch-bonnet-mosaic-hops,9.99,USD,https://alchemypeppers.com/products/scotch-bonnet-mosaic-hops,False,alchemypeppers.com,2026-09-19T11:09:45.470554Z,2026-09-19T14:01:06.545048Z,sauce-names-1,sauce-match-1,rule:sauce-structured-1,shopify,1,2_longtail,,False,0,,single_source:shopify,0,,,v1
sauce:alchemy-peppers|watermelon-ghost-pepper,alchemy-peppers,Alchemy Peppers,watermelon-ghost-pepper,Watermelon + Ghost Pepper,,,,,unknown,https://alchemypeppers.com/products/watermelon-ghost,14.95,USD,https://alchemypeppers.com/products/watermelon-ghost,False,alchemypeppers.com,2026-09-19T11:09:45.470554Z,2026-09-19T14:01:06.545048Z,sauce-names-1,sauce-match-1,rule:sauce-structured-1,shopify,1,2_longtail,,False,0,,single_source:shopify,0,,,v1
sauce:alchemy-peppers|mango-serrano-hops-alchemy-peppers-c,alchemy-peppers,Alchemy Peppers,mango-serrano-hops-alchemy-peppers-c,Mango Serrano Hops | Alchemy Peppers -C,,,,,retail_listing,https://heatonist.com/products/mango-serrano-hops-alchemy-peppers,7.15,USD,https://heatonist.com/products/mango-serrano-hops-alchemy-peppers,True,heatonist.com,2026-09-19T11:09:45.470554Z,2026-09-19T14:01:06.545048Z,sauce-names-1,sauce-match-1,rule:sauce-structured-1,shopify,1,2_longtail,,False,0,,single_source:shopify,0,,,v1
sauce:alchemy-peppers|serrano-mango-hopp,alchemy-peppers,Alchemy Peppers,serrano-mango-hopp,Serrano Mango Hopp Sauce,,,,,retail_listing,https://heatonist.com/products/mango-serrano-hops-alchemy-peppers-1,9.99,USD,https://heatonist.com/products/mango-serrano-hops-alchemy-peppers-1,True,heatonist.com,2026-09-19T11:09:45.470554Z,2026-09-19T14:01:06.545048Z,sauce-names-1,sauce-match-1,rule:sauce-structured-1,shopify,1,2_longtail,,False,0,,single_source:shopify,0,,,v1
sauce:always-flavored|brady-s-tequila-sunrise,always-flavored,Always Flavored,brady-s-tequila-sunrise,Brady’s Tequila Sunrise Hot Sauce,,,,,retail_listing,https://alwaysflavored.com/products/brady-s-tequila-sunrise,12.99,USD,https://alwaysflavored.com/products/brady-s-tequila-sunrise,True,alwaysflavored.com,2026-09-19T11:09:45.470554Z,2026-09-19T14:01:06.545048Z,sauce-names-1,sauce-match-1,rule:sauce-structured-1,shopify,1,2_longtail,,False,0,,single_source:shopify,0,,,v1
sauce:always-flavored|good-intentions-with-bad-principals,always-flavored,Always Flavored,good-intentions-with-bad-principals,Good Intentions with Bad Principals Hot Sauce,,,,,retail_listing,https://alwaysflavored.com/products/good-intentions-with-bad-principals,12.99,USD,https://alwaysflavored.com/products/good-intentions-with-bad-principals,True,alwaysflavored.com,2026-09-19T11:09:45.470554Z,2026-09-19T14:01:06.545048Z,sauce-names-1,sauce-match-1,rule:sauce-structured-1,shopify,1,2_longtail,,False,0,,single_source:shopify,0,,,v1
sauce:always-flavored|mild,always-flavored,Always Flavored,mild,Mild Hot Sauce,,,,,retail_listing,https://alwaysflavored.com/products/mild-hot-sauce,9.99,USD,https://alwaysflavored.com/products/mild-hot-sauce,True,alwaysflavored.com,2026-09-19T11:09:45.470554Z,2026-09-19T14:01:06.545048Z,sauce-names-1,sauce-match-1,rule:sauce-structured-1,shopify,1,2_longtail,,True,3,sauce:julz-s-creations|mild|sauce:papa-turts|mild|sauce:taco-bell|mild,single_source:shopify,0,,,v1
sauce:always-flavored|everyday,always-flavored,Always Flavored,everyday,Everyday Hot Sauce,,,,,retail_listing,https://alwaysflavored.com/products/ritabeatas-hot-sauce,9.99,USD,https://alwaysflavored.com/products/ritabeatas-hot-sauce,True,alwaysflavored.com,2026-09-19T11:09:45.470554Z,2026-09-19T14:01:06.545048Z,sauce-names-1,sauce-match-1,rule:sauce-structured-1,shopify,1,2_longtail,,False,0,,single_source:shopify,0,,,v1
sauce:always-flavored|peri-peri,always-flavored,Always Flavored,peri-peri,Peri-Peri,,,,,retail_listing,https://alwaysflavored.com/products/ritabeatas-peri-peri,9.99,USD,https://alwaysflavored.com/products/ritabeatas-peri-peri,True,alwaysflavored.com,2026-09-19T11:09:45.470554Z,2026-09-19T14:01:06.545048Z,sauce-names-1,sauce-match-1,rule:sauce-structured-1,shopify,1,2_longtail,,True,4,sauce:culinary-tours|peri-peri|sauce:nando|peri-peri|sauce:trader-joe-s|peri-peri|sauce:|peri-peri,single_source:shopify,0,,,v1
sauce:always-flavored|thai-chili,always-flavored,Always Flavored,thai-chili,Thai Chili Sauce,,00795044249088,,,retail_listing,http://world-en.openfoodfacts.org/product/0795044249088/thai-chili-sauce-always-flavored,9.99,USD,https://alwaysflavored.com/products/ritabeatas-thai-chili-sauce,True,alwaysflavored.com,2026-09-19T11:09:45.470554Z,2026-09-19T14:01:06.545048Z,sauce-names-1,sauce-match-1,rule:sauce-structured-1,off|shopify,2,1_population|2_longtail,,True,7,sauce:apinya|pumpkin-panang-thai-chili|sauce:brady-feast-maine|thai-chili|sauce:gaigan|thai-chili|sauce:harris-teeter-fishermans-market|thai-chili|sauce:harris-teeter|thai-chili,multi_source,0,,,v1
sauce:always-flavored|signal,always-flavored,Always Flavored,signal,Signal,,,,,retail_listing,https://alwaysflavored.com/products/signal-one,15.99,USD,https://alwaysflavored.com/products/signal-one,True,alwaysflavored.com,2026-09-19T11:09:45.470554Z,2026-09-19T14:01:06.545048Z,sauce-names-1,sauce-match-1,rule:sauce-structured-1,shopify,1,2_longtail,,False,0,,single_source:shopify,0,,,v1
sauce:angry-goat-pepper|blistered-shishito-garlic,angry-goat-pepper,Angry Goat Pepper Co.,blistered-shishito-garlic,Blistered Shishito & Garlic Hot Sauce,,00706795003430,,,retail_listing,http://world-en.openfoodfacts.org/product/0706795003430/blistered-shishito-garlic-hot-sauce-angry-goat-pepper-co,11.99,USD,https://heathotsauce.com/products/blistered-shishito-garlic,False,heathotsauce.com,2026-09-19T11:09:45.470554Z,2026-09-19T14:01:06.545048Z,sauce-names-1,sauce-match-1,rule:sauce-structured-1,off|shopify,2,1_population|2_longtail,,False,0,,multi_source,0,,,v1
sauce:angry-goat-pepper|angry-goat-cool-hippo,angry-goat-pepper,Angry Goat Pepper Co.,angry-goat-cool-hippo,"Angry Goat ""Cool"" Hippo",,,,,unknown,https://puckerbuttpeppercompany.com/products/angry-goat-cool-hippo,10.00,USD,https://puckerbuttpeppercompany.com/products/angry-goat-cool-hippo,False,puckerbuttpeppercompany.com,2026-09-19T11:09:45.470554Z,2026-09-19T14:01:06.545048Z,sauce-names-1,sauce-match-1,rule:sauce-structured-1,shopify,1,2_longtail,,False,0,,single_source:shopify,0,,,v1
sauce:angry-goat-pepper|angry-goat-goat-rider,angry-goat-pepper,Angry Goat Pepper Co.,angry-goat-goat-rider,Angry Goat Goat Rider,,,,,unknown,https://puckerbuttpeppercompany.com/products/angry-goat-goat-rider,10.00,USD,https://puckerbuttpeppercompany.com/products/angry-goat-goat-rider,False,puckerbuttpeppercompany.com,2026-09-19T11:09:45.470554Z,2026-09-19T14:01:06.545048Z,sauce-names-1,sauce-match-1,rule:sauce-structured-1,shopify,1,2_longtail,,False,0,,single_source:shopify,0,,,v1
sauce:angry-goat-pepper|angry-goat-pink-elephant,angry-goat-pepper,Angry Goat Pepper Co.,angry-goat-pink-elephant,Angry Goat Pink Elephant,,,,,unknown,https://puckerbuttpeppercompany.com/products/angry-goat-pink-elephant,8.00,USD,https://puckerbuttpeppercompany.com/products/angry-goat-pink-elephant,False,puckerbuttpeppercompany.com,2026-09-19T11:09:45.470554Z,2026-09-19T14:01:06.545048Z,sauce-names-1,sauce-match-1,rule:sauce-structured-1,shopify,1,2_longtail,,False,0,,single_source:shopify,0,,,v1
sauce:angry-goat-pepper|angry-goat-primo-rockpotamus,angry-goat-pepper,Angry Goat Pepper Co.,angry-goat-primo-rockpotamus,Angry Goat Primo Rockpotamus Hot Sauce,,,,,unknown,https://puckerbuttpeppercompany.com/products/angry-goat-primo-rockpotamus-hot-sauce,12.00,USD,https://puckerbuttpeppercompany.com/products/angry-goat-primo-rockpotamus-hot-sauce,False,puckerbuttpeppercompany.com,2026-09-19T11:09:45.470554Z,2026-09-19T14:01:06.545048Z,sauce-names-1,sauce-match-1,rule:sauce-structured-1,shopify,1,2_longtail,,False,0,,single_source:shopify,0,,,v1
sauce:angry-goat-pepper|angry-goat-yellow-flamingo,angry-goat-pepper,Angry Goat Pepper Co.,angry-goat-yellow-flamingo,Angry Goat Yellow Flamingo,,,,,unknown,https://puckerbuttpeppercompany.com/products/angry-goat-yellow-flamingo,8.00,USD,https://puckerbuttpeppercompany.com/products/angry-goat-yellow-flamingo,False,puckerbuttpeppercompany.com,2026-09-19T11:09:45.470554Z,2026-09-19T14:01:06.545048Z,sauce-names-1,sauce-match-1,rule:sauce-structured-1,shopify,1,2_longtail,,False,0,,single_source:shopify,0,,,v1
sauce:angry-goat-pepper|angry-goat-purple-hippo,angry-goat-pepper,Angry Goat Pepper Co.,angry-goat-purple-hippo,Angry Goat Purple Hippo Hot Sauce,,,,,unknown,https://puckerbuttpeppercompany.com/products/purple-hippo-hot-sauce,12.00,USD,https://puckerbuttpeppercompany.com/products/purple-hippo-hot-sauce,False,puckerbuttpeppercompany.com,2026-09-19T11:09:45.470554Z,2026-09-19T14:01:06.545048Z,sauce-names-1,sauce-match-1,rule:sauce-structured-1,shopify,1,2_longtail,,False,0,,single_source:shopify,0,,,v1
sauce:angry-irishman|dill-licious,angry-irishman,Angry Irishman,dill-licious,Dill-licious Hot Sauce,,,,,unknown,https://puckerbuttpeppercompany.com/products/angry-irishman-dill-licious-hot-sauce,8.00,USD,https://puckerbuttpeppercompany.com/products/angry-irishman-dill-licious-hot-sauce,False,puckerbuttpeppercompany.com,2026-09-19T11:09:45.470554Z,2026-09-19T14:01:06.545048Z,sauce-names-1,sauce-match-1,rule:sauce-structured-1,shopify,1,2_longtail,,False,0,,single_source:shopify,0,,,v1
sauce:angry-irishman|garlipeno,angry-irishman,Angry Irishman,garlipeno,Garlipeno Hot Sauce,,,,,unknown,https://puckerbuttpeppercompany.com/products/angry-irishman-garlipeno-hot-sauce,8.00,USD,https://puckerbuttpeppercompany.com/products/angry-irishman-garlipeno-hot-sauce,False,puckerbuttpeppercompany.com,2026-09-19T11:09:45.470554Z,2026-09-19T14:01:06.545048Z,sauce-names-1,sauce-match-1,rule:sauce-structured-1,shopify,1,2_longtail,,True,1,sauce:|garlipeno,single_source:shopify,0,,,v1
sauce:apicklelypse|skydiving-jersey-long-sleeve,apicklelypse,Apicklelypse,skydiving-jersey-long-sleeve,Skydiving Jersey LONG SLEEVE,,,,,retail_listing,https://apicklelypse.com/products/apicklelypse-skydiving-jersey-long-sleeve-preorder,85.00,USD,https://apicklelypse.com/products/apicklelypse-skydiving-jersey-long-sleeve-preorder,True,apicklelypse.com,2026-09-19T11:09:45.470554Z,2026-09-19T14:01:06.545048Z,sauce-names-1,sauce-match-1,rule:sauce-structured-1,shopify,1,2_longtail,,False,0,,single_source:shopify,0,,,v1
sauce:apicklelypse|skydiving-jersey-short-sleeve,apicklelypse,Apicklelypse,skydiving-jersey-short-sleeve,Skydiving Jersey SHORT SLEEVE,,,,,retail_listing,https://apicklelypse.com/products/apicklelypse-skydiving-jersey-short-sleeve-preorder,85.00,USD,https://apicklelypse.com/products/apicklelypse-skydiving-jersey-short-sleeve-preorder,True,apicklelypse.com,2026-09-19T11:09:45.470554Z,2026-09-19T14:01:06.545048Z,sauce-names-1,sauce-match-1,rule:sauce-structured-1,shopify,1,2_longtail,,False,0,,single_source:shopify,0,,,v1
sauce:apicklelypse|executioner-garlic-habanero-reaper-very-hot,apicklelypse,Apicklelypse,executioner-garlic-habanero-reaper-very-hot,Executioner - Garlic Habanero & Reaper - VERY HOT,,,,,retail_listing,https://apicklelypse.com/products/executioner-garlic-habanero-reaper-very-hot,9.99,USD,https://apicklelypse.com/products/executioner-garlic-habanero-reaper-very-hot,True,apicklelypse.com,2026-09-19T11:09:45.470554Z,2026-09-19T14:01:06.545048Z,sauce-names-1,sauce-match-1,rule:sauce-structured-1,shopify,1,2_longtail,,False,0,,single_source:shopify,0,,,v1
sauce:apicklelypse|ghoul-drool-spicy-kimchi-mildish,apicklelypse,Apicklelypse,ghoul-drool-spicy-kimchi-mildish,Ghoul Drool - Spicy Kimchi - Mildish,,,,,unknown,https://apicklelypse.com/products/ghoul-drool-kimchi-roasted-fresno-mildish-hot-sauce,9.99,USD,https://apicklelypse.com/products/ghoul-drool-kimchi-roasted-fresno-mildish-hot-sauce,False,apicklelypse.com,2026-09-19T11:09:45.470554Z,2026-09-19T14:01:06.545048Z,sauce-names-1,sauce-match-1,rule:sauce-structured-1,shopify,1,2_longtail,,False,0,,single_source:shopify,0,,,v1
sauce:bitchin|chipotle,bitchin,BITCHIN' SAUCE,chipotle,CHIPOTLE SAUCE,,00858195003005,,,retail_listing,file:///C:/Users/luke_/Desktop/AI/Scout/state/snapshot-20260919T082412Z/fdc/candidates.csv,20.00,USD,https://bitchinsauce.com/products/chipotle-copy,True,bitchinsauce.com,2026-09-19T11:09:45.470554Z,2026-09-19T14:01:06.545048Z,sauce-names-1,sauce-match-1,rule:sauce-structured-1,fdc|off|shopify,3,1_population|2_longtail,,True,19,sauce:big-moe-cason|chipotle|sauce:cholula|chipotle|sauce:dave-s-gourmet|chipotle|sauce:fire-from-the-mountain|chipotle|sauce:formosa|chipotle,multi_source,0,,,v1
sauce:bombanana|original,bombanana,BOMBANANA,original,Original,,,,,unknown,https://crafthotsauce.com/products/bombanana-hot-sauces,10.00,USD,https://crafthotsauce.com/products/bombanana-hot-sauces,False,crafthotsauce.com,2026-09-19T13:52:25.427841Z,2026-09-19T14:01:06.545048Z,sauce-names-1,sauce-match-1,rule:sauce-structured-1,shopify,1,2_longtail,,True,23,sauce:82-s|original|sauce:bruce|original|sauce:buldak|original|sauce:char-man|original|sauce:cholula|original,single_source:shopify,0,,,v1
sauce:bombanana|muy-muy,bombanana,BOMBANANA,muy-muy,Muy Muy,,,,,unknown,https://crafthotsauce.com/products/bombanana-muy-muy,10.00,USD,https://crafthotsauce.com/products/bombanana-muy-muy,False,crafthotsauce.com,2026-09-19T13:52:25.427841Z,2026-09-19T14:01:06.545048Z,sauce-names-1,sauce-match-1,rule:sauce-structured-1,shopify,1,2_longtail,,False,0,,single_source:shopify,0,,,v1
sauce:born-to-hula|habanero-ancho,born-to-hula,BORN TO HULA,habanero-ancho,HABANERO ANCHO HOT SAUCE,,00729440348274,,,retail_listing,file:///C:/Users/luke_/Desktop/AI/Scout/state/snapshot-20260919T082412Z/fdc/candidates.csv,8.00,USD,https://puckerbuttpeppercompany.com/products/habanero-ancho,False,puckerbuttpeppercompany.com,2026-09-19T11:09:45.470554Z,2026-09-19T14:01:06.545048Z,sauce-names-1,sauce-match-1,rule:sauce-structured-1,fdc|off|shopify,3,1_population|2_longtail,,False,0,,multi_source,0,,,v1
sauce:barbaro-mojo|el-havanero,barbaro-mojo,Barbaro Mojo,el-havanero,El Havanero Hot Sauce,,,,,retail_listing,https://heathotsauce.com/products/el-havanero-cuban-hot-sauce,11.99,USD,https://heathotsauce.com/products/el-havanero-cuban-hot-sauce,True,heathotsauce.com,2026-09-19T13:52:25.427841Z,2026-09-19T14:01:06.545048Z,sauce-names-1,sauce-match-1,rule:sauce-structured-1,shopify,1,2_longtail,,False,0,,single_source:shopify,0,,,v1
sauce:barbaromojo-com|a-jalabao-and-el-havanero-cuban-hot-sauce-2-pack,barbaromojo-com,BarbaroMojo.com,a-jalabao-and-el-havanero-cuban-hot-sauce-2-pack,A Jalabáo and El Havanero Cuban Hot Sauce 2-Pack,,,,,retail_listing,https://barbaromojo.com/products/a-barbaro-mojo-dual-pack-el-havanero-jalabao,18.00,USD,https://barbaromojo.com/products/a-barbaro-mojo-dual-pack-el-havanero-jalabao,True,barbaromojo.com,2026-09-19T11:09:45.470554Z,2026-09-19T14:01:06.545048Z,sauce-names-1,sauce-match-1,rule:sauce-structured-1,shopify,1,2_longtail,,False,0,,single_source:shopify,0,,,v1
sauce:barbaromojo-com|a-jalabao-2-pack-cuban-hot-sauce-award-winning-heat-for-your-dishes,barbaromojo-com,BarbaroMojo.com,a-jalabao-2-pack-cuban-hot-sauce-award-winning-heat-for-your-dishes,A Jalabáo 2-Pack Cuban Hot Sauce – Award-Winning Heat for Your Dishes,,,,,retail_listing,https://barbaromojo.com/products/a-jalabao-dual-pack-by-barbaro-mojo,18.00,USD,https://barbaromojo.com/products/a-jalabao-dual-pack-by-barbaro-mojo,True,barbaromojo.com,2026-09-19T11:09:45.470554Z,2026-09-19T14:01:06.545048Z,sauce-names-1,sauce-match-1,rule:sauce-structured-1,shopify,1,2_longtail,,False,0,,single_source:shopify,0,,,v1
sauce:barbaromojo-com|barbaro-mojo-cuban-hot-sauce-gift-pack-el-havanero-jalabao-pinazo-best-day-ever-flavors,barbaromojo-com,BarbaroMojo.com,barbaro-mojo-cuban-hot-sauce-gift-pack-el-havanero-jalabao-pinazo-best-day-ever-flavors,"Barbaro Mojo Cuban Hot Sauce Gift Pack - El Havanero, Jalabáo, Piñazo, Best Day Ever Flavors",,,,,retail_listing,https://barbaromojo.com/products/barbaro-mojo-4-pack,37.00,USD,https://barbaromojo.com/products/barbaro-mojo-4-pack,True,barbaromojo.com,2026-09-19T11:09:45.470554Z,2026-09-19T14:01:06.545048Z,sauce-names-1,sauce-match-1,rule:sauce-structured-1,shopify,1,2_longtail,,False,0,,single_source:shopify,0,,,v1
sauce:barbaromojo-com|barbaro-mojo-cuban-hot-sauce-gift-pack-el-havanero-pinazo-best-day-ever-matanza,barbaromojo-com,BarbaroMojo.com,barbaro-mojo-cuban-hot-sauce-gift-pack-el-havanero-pinazo-best-day-ever-matanza,"Barbaro Mojo Cuban Hot Sauce Gift Pack - El Havanero, Piñazo, Best Day Ever, Matanza",,,,,retail_listing,https://barbaromojo.com/products/barbaro-mojo-cuban-hot-sauce-gift-pack-only-hot-el-havanero-pinazo-best-day-ever-matanza,39.00,USD,https://barbaromojo.com/products/barbaro-mojo-cuban-hot-sauce-gift-pack-only-hot-el-havanero-pinazo-best-day-ever-matanza,True,barbaromojo.com,2026-09-19T11:09:45.470554Z,2026-09-19T14:01:06.545048Z,sauce-names-1,sauce-match-1,rule:sauce-structured-1,shopify,1,2_longtail,,False,0,,single_source:shopify,0,,,v1
sauce:barbaromojo-com|barbaro-mojo-best-day-ever-cuban-hot-sauce-mango-habanero-reaper,barbaromojo-com,BarbaroMojo.com,barbaro-mojo-best-day-ever-cuban-hot-sauce-mango-habanero-reaper,Barbaro Mojo Best Day Ever Cuban Hot Sauce: Mango Habanero Reaper,,,,,retail_listing,https://barbaromojo.com/products/best-day-ever-cuban-hot-sauce-bde,11.00,USD,https://barbaromojo.com/products/best-day-ever-cuban-hot-sauce-bde,True,barbaromojo.com,2026-09-19T11:09:45.470554Z,2026-09-19T14:01:06.545048Z,sauce-names-1,sauce-match-1,rule:sauce-structured-1,shopify,1,2_longtail,,False,0,,single_source:shopify,0,,,v1
sauce:barbaromojo-com|barbaro-mojo-el-havanero-cuban,barbaromojo-com,BarbaroMojo.com,barbaro-mojo-el-havanero-cuban,Barbaro Mojo El Havanero Cuban Hot Sauce,,,,,retail_listing,https://barbaromojo.com/products/el-havanero,11.00,USD,https://barbaromojo.com/products/el-havanero,True,barbaromojo.com,2026-09-19T11:09:45.470554Z,2026-09-19T14:01:06.545048Z,sauce-names-1,sauce-match-1,rule:sauce-structured-1,shopify,1,2_longtail,,False,0,,single_source:shopify,0,,,v1
sauce:barbaromojo-com|el-havanero-2-pack-cuban-hot-sauce-habanero-spicy-flavor-burst,barbaromojo-com,BarbaroMojo.com,el-havanero-2-pack-cuban-hot-sauce-habanero-spicy-flavor-burst,El Havanero 2-Pack Cuban Hot Sauce Habanero - Spicy Flavor Burst,,,,,retail_listing,https://barbaromojo.com/products/el-havanero-2-pack-cuban-hot-sauce-by-barbaro-mojo,18.00,USD,https://barbaromojo.com/products/el-havanero-2-pack-cuban-hot-sauce-by-barbaro-mojo,True,barbaromojo.com,2026-09-19T11:09:45.470554Z,2026-09-19T14:01:06.545048Z,sauce-names-1,sauce-match-1,rule:sauce-structured-1,shopify,1,2_longtail,,False,0,,single_source:shopify,0,,,v1
sauce:barbaromojo-com|barbaro-mojo-jalabao-cuban,barbaromojo-com,BarbaroMojo.com,barbaro-mojo-jalabao-cuban,Barbaro Mojo Jalabáo Cuban Hot Sauce,,,,,retail_listing,https://barbaromojo.com/products/jalabao,11.00,USD,https://barbaromojo.com/products/jalabao,True,barbaromojo.com,2026-09-19T11:09:45.470554Z,2026-09-19T14:01:06.545048Z,sauce-names-1,sauce-match-1,rule:sauce-structured-1,shopify,1,2_longtail,,False,0,,single_source:shopify,0,,,v1
sauce:barbaromojo-com|jalabao-and-el-havanero-4-pack-cuban-hot-sauce-barbaro-mojo-authentic-flavor,barbaromojo-com,BarbaroMojo.com,jalabao-and-el-havanero-4-pack-cuban-hot-sauce-barbaro-mojo-authentic-flavor,Jalabáo and El Havanero 4-Pack Cuban Hot Sauce - Barbaro Mojo Authentic Flavor,,,,,retail_listing,https://barbaromojo.com/products/jalabao-and-el-havanero-four-pack-cuban-hot-sauce-by-barbaro-mojo,36.00,USD,https://barbaromojo.com/products/jalabao-and-el-havanero-four-pack-cuban-hot-sauce-by-barbaro-mojo,True,barbaromojo.com,2026-09-19T11:09:45.470554Z,2026-09-19T14:01:06.545048Z,sauce-names-1,sauce-match-1,rule:sauce-structured-1,shopify,1,2_longtail,,False,0,,single_source:shopify,0,,,v1
sauce:barbaromojo-com|barbaro-mojo-matanza-limited-edition-cuban,barbaromojo-com,BarbaroMojo.com,barbaro-mojo-matanza-limited-edition-cuban,Barbaro Mojo Matanza Limited Edition Cuban Hot Sauce,,,,,unknown,https://barbaromojo.com/products/matanza,13.00,USD,https://barbaromojo.com/products/matanza,False,barbaromojo.com,2026-09-19T11:09:45.470554Z,2026-09-19T14:01:06.545048Z,sauce-names-1,sauce-match-1,rule:sauce-structured-1,shopify,1,2_longtail,,False,0,,single_source:shopify,0,,,v1
sauce:barefoot-kitchen|apple-habanero,barefoot-kitchen,Barefoot Kitchen,apple-habanero,Apple Habanero,,,,,retail_listing,https://barefootkitchen.com/products/apple-habanero-barbecue-sauce,9.95,USD,https://barefootkitchen.com/products/apple-habanero-barbecue-sauce,True,barefootkitchen.com,2026-09-19T11:09:45.470554Z,2026-09-19T14:01:06.545048Z,sauce-names-1,sauce-match-1,rule:sauce-structured-1,shopify,1,2_longtail,,False,0,,single_source:shopify,0,,,v1
sauce:barefoot-kitchen|korean-gochujang,barefoot-kitchen,Barefoot Kitchen,korean-gochujang,Korean Gochujang,,,,,retail_listing,https://barefootkitchen.com/products/korean-barbecue-sauce,10.95,USD,https://barefootkitchen.com/products/korean-barbecue-sauce,True,barefootkitchen.com,2026-09-19T11:09:45.470554Z,2026-09-19T14:01:06.545048Z,sauce-names-1,sauce-match-1,rule:sauce-structured-1,shopify,1,2_longtail,,True,3,sauce:daesang|korean-gochujang|sauce:trader-joe-s|korean-gochujang|sauce:|korean-gochujang,single_source:shopify,0,,,v1
sauce:barefoot-kitchen|mango-habanero-salsa-sweet-heat-with-bold-tropical-flavor,barefoot-kitchen,Barefoot Kitchen,mango-habanero-salsa-sweet-heat-with-bold-tropical-flavor,Mango Habanero Salsa – Sweet Heat with Bold Tropical Flavor,,,,,retail_listing,https://barefootkitchen.com/products/mango-habanero-salsa-sweet-heat-with-bold-tropical-flavor,9.95,USD,https://barefootkitchen.com/products/mango-habanero-salsa-sweet-heat-with-bold-tropical-flavor,True,barefootkitchen.com,2026-09-19T11:09:45.470554Z,2026-09-19T14:01:06.545048Z,sauce-names-1,sauce-match-1,rule:sauce-structured-1,shopify,1,2_longtail,,False,0,,single_source:shopify,0,,,v1
sauce:barefoot-kitchen|mango-habanero,barefoot-kitchen,Barefoot Kitchen,mango-habanero,Mango Habanero,,,,,retail_listing,https://barefootkitchen.com/products/mango-habanero-wing-sauce,9.95,USD,https://barefootkitchen.com/products/mango-habanero-wing-sauce,True,barefootkitchen.com,2026-09-19T11:09:45.470554Z,2026-09-19T14:01:06.545048Z,sauce-names-1,sauce-match-1,rule:sauce-structured-1,shopify,1,2_longtail,,True,7,sauce:benito-s|mango-habanero|sauce:franks|mango-habanero|sauce:hearth|mango-habanero|sauce:la-meridana|mango-habanero|sauce:marzetti|mango-habanero,single_source:shopify,0,,,v1
sauce:barefoot-kitchen|maple-chipotle,barefoot-kitchen,Barefoot Kitchen,maple-chipotle,Maple Chipotle,,,,,retail_listing,https://barefootkitchen.com/products/maple-chipotle-bbq,9.95,USD,https://barefootkitchen.com/products/maple-chipotle-bbq,True,barefootkitchen.com,2026-09-19T11:09:45.470554Z,2026-09-19T14:01:06.545048Z,sauce-names-1,sauce-match-1,rule:sauce-structured-1,shopify,1,2_longtail,,False,0,,single_source:shopify,0,,,v1
sauce:barefoot-kitchen|mild-wing-sauce-collection,barefoot-kitchen,Barefoot Kitchen,mild-wing-sauce-collection,Mild Wing Sauce Collection,,,,,retail_listing,https://barefootkitchen.com/products/mild-wing-sauce-collection,30.85,USD,https://barefootkitchen.com/products/mild-wing-sauce-collection,True,barefootkitchen.com,2026-09-19T11:09:45.470554Z,2026-09-19T14:01:06.545048Z,sauce-names-1,sauce-match-1,rule:sauce-structured-1,shopify,1,2_longtail,,False,0,,single_source:shopify,0,,,v1
sauce:barefoot-kitchen|raspberry-jalapeno,barefoot-kitchen,Barefoot Kitchen,raspberry-jalapeno,Raspberry Jalapeno,,,,,retail_listing,https://barefootkitchen.com/products/raspberry-jalapeno-southwest-glaze,9.95,USD,https://barefootkitchen.com/products/raspberry-jalapeno-southwest-glaze,True,barefootkitchen.com,2026-09-19T11:09:45.470554Z,2026-09-19T14:01:06.545048Z,sauce-names-1,sauce-match-1,rule:sauce-structured-1,shopify,1,2_longtail,,False,0,,single_source:shopify,0,,,v1
sauce:barefoot-kitchen|wing-sauce-collection,barefoot-kitchen,Barefoot Kitchen,wing-sauce-collection,Wing Sauce Collection,,,,,retail_listing,https://barefootkitchen.com/products/wing-sauce-collection,29.85,USD,https://barefootkitchen.com/products/wing-sauce-collection,True,barefootkitchen.com,2026-09-19T11:09:45.470554Z,2026-09-19T14:01:06.545048Z,sauce-names-1,sauce-match-1,rule:sauce-structured-1,shopify,1,2_longtail,,False,0,,single_source:shopify,0,,,v1
sauce:barnacle|habanero,barnacle,Barnacle Foods,habanero,Habanero Hot Sauce,,,,,retail_listing,https://heathotsauce.com/products/barnacle-foods-habanero-hot-sauce,7.99,USD,https://heathotsauce.com/products/barnacle-foods-habanero-hot-sauce,True,heathotsauce.com,2026-09-19T13:52:25.427841Z,2026-09-19T14:01:06.545048Z,sauce-names-1,sauce-match-1,rule:sauce-structured-1,shopify,1,2_longtail,,True,22,sauce:cabana|habanero|sauce:cien-chiles|habanero|sauce:corn-chiles|habanero|sauce:herdez|habanero|sauce:heredez|habanero,single_source:shopify,0,,,v1
sauce:barnacle|bullwhip-barrel-aged,barnacle,Barnacle Foods,bullwhip-barrel-aged,Bullwhip Barrel Aged Hot Sauce,,,,,retail_listing,https://heathotsauce.com/products/bullwhip-barrel-aged-hot-sauce,11.99,USD,https://heathotsauce.com/products/bullwhip-barrel-aged-hot-sauce,True,heathotsauce.com,2026-09-19T13:52:25.427841Z,2026-09-19T14:01:06.545048Z,sauce-names-1,sauce-match-1,rule:sauce-structured-1,shopify,1,2_longtail,,False,0,,single_source:shopify,0,,,v1
sauce:bayou-gotham|bayou-bourre-louisiana-boil,bayou-gotham,Bayou Gotham,bayou-bourre-louisiana-boil,Bayou Bourré Louisiana Boil,,,,,unknown,https://crafthotsauce.com/products/bayou-bourre-louisiana-boil,9.00,USD,https://crafthotsauce.com/products/bayou-bourre-louisiana-boil,False,crafthotsauce.com,2026-09-19T13:52:25.427841Z,2026-09-19T14:01:06.545048Z,sauce-names-1,sauce-match-1,rule:sauce-structured-1,shopify,1,2_longtail,,False,0,,single_source:shopify,0,,,v1
sauce:bayou-gotham|flambeau-fiya-caribbean-creole,bayou-gotham,Bayou Gotham,flambeau-fiya-caribbean-creole,Flambeau Fiya Caribbean Creole,,,,,unknown,https://crafthotsauce.com/products/flambeau-fiya-caribbean-creole,9.50,USD,https://crafthotsauce.com/products/flambeau-fiya-caribbean-creole,False,crafthotsauce.com,2026-09-19T13:52:25.427841Z,2026-09-19T14:01:06.545048Z,sauce-names-1,sauce-match-1,rule:sauce-structured-1,shopify,1,2_longtail,,False,0,,single_source:shopify,0,,,v1
sauce:bayou-gotham|juju-guru-tropic-jalapeno,bayou-gotham,Bayou Gotham,juju-guru-tropic-jalapeno,Juju Guru Tropic Jalapeño,,,,,unknown,https://crafthotsauce.com/products/juju-guru-tropic-jalapeno,9.50,USD,https://crafthotsauce.com/products/juju-guru-tropic-jalapeno,False,crafthotsauce.com,2026-09-19T13:52:25.427841Z,2026-09-19T14:01:06.545048Z,sauce-names-1,sauce-match-1,rule:sauce-structured-1,shopify,1,2_longtail,,False,0,,single_source:shopify,0,,,v1
sauce:bayou-gotham|ruby-rebelle-bourbon-cayenne,bayou-gotham,Bayou Gotham,ruby-rebelle-bourbon-cayenne,Ruby Rebelle Bourbon Cayenne,,,,,unknown,https://crafthotsauce.com/products/ruby-rebelle-bourbon-cayenne,9.00,USD,https://crafthotsauce.com/products/ruby-rebelle-bourbon-cayenne,False,crafthotsauce.com,2026-09-19T13:52:25.427841Z,2026-09-19T14:01:06.545048Z,sauce-names-1,sauce-match-1,rule:sauce-structured-1,shopify,1,2_longtail,,False,0,,single_source:shopify,0,,,v1
sauce:bear-river-bottling|cajun-ghost-story,bear-river-bottling,Bear River Bottling,cajun-ghost-story,Cajun Ghost Story,,,,,retail_listing,https://heathotsauce.com/products/cajun-ghost-story,10.99,USD,https://heathotsauce.com/products/cajun-ghost-story,True,heathotsauce.com,2026-09-19T13:52:25.427841Z,2026-09-19T14:01:06.545048Z,sauce-names-1,sauce-match-1,rule:sauce-structured-1,shopify,1,2_longtail,,False,0,,single_source:shopify,0,,,v1
sauce:bear-river-bottling|habanero-wonder-tonic,bear-river-bottling,Bear River Bottling,habanero-wonder-tonic,Habanero Wonder Tonic,,,,,retail_listing,https://heathotsauce.com/products/habanero-wonder-tonic,9.99,USD,https://heathotsauce.com/products/habanero-wonder-tonic,True,heathotsauce.com,2026-09-19T13:52:25.427841Z,2026-09-19T14:01:06.545048Z,sauce-names-1,sauce-match-1,rule:sauce-structured-1,shopify,1,2_longtail,,False,0,,single_source:shopify,0,,,v1
sauce:bear-river-bottling|japanese-sake-sriracha,bear-river-bottling,Bear River Bottling,japanese-sake-sriracha,Japanese Saké Sriracha,,,,,retail_listing,https://heathotsauce.com/products/japanese-sake-sriracha,13.99,USD,https://heathotsauce.com/products/japanese-sake-sriracha,True,heathotsauce.com,2026-09-19T13:52:25.427841Z,2026-09-19T14:01:06.545048Z,sauce-names-1,sauce-match-1,rule:sauce-structured-1,shopify,1,2_longtail,,False,0,,single_source:shopify,0,,,v1
sauce:bear-river-bottling|peach-habanero,bear-river-bottling,Bear River Bottling,peach-habanero,Peach Habanero,,,,,unknown,https://puckerbuttpeppercompany.com/products/bear-river-bottling-peach-habanero,8.00,USD,https://puckerbuttpeppercompany.com/products/bear-river-bottling-peach-habanero,False,puckerbuttpeppercompany.com,2026-09-19T11:09:45.470554Z,2026-09-19T14:01:06.545048Z,sauce-names-1,sauce-match-1,rule:sauce-structured-1,shopify,1,2_longtail,,True,1,sauce:neil-s-real-deal|peach-habanero,single_source:shopify,0,,,v1
sauce:bear-river-bottling|bear-river-maple-jalapeno-grassfire,bear-river-bottling,Bear River Bottling,bear-river-maple-jalapeno-grassfire,Bear River Maple Jalapeno Grassfire,,,,,unknown,https://puckerbuttpeppercompany.com/products/bear-river-maple-jalapeno-grassfire,9.00,USD,https://puckerbuttpeppercompany.com/products/bear-river-maple-jalapeno-grassfire,False,puckerbuttpeppercompany.com,2026-09-19T11:09:45.470554Z,2026-09-19T14:01:06.545048Z,sauce-names-1,sauce-match-1,rule:sauce-structured-1,shopify,1,2_longtail,,False,0,,single_source:shopify,0,,,v1
sauce:bear-river-bottling|bear-river-sweet-ginger-thai,bear-river-bottling,Bear River Bottling,bear-river-sweet-ginger-thai,Bear River Sweet Ginger Thai,,,,,unknown,https://puckerbuttpeppercompany.com/products/bear-river-sweet-ginger-thai,9.00,USD,https://puckerbuttpeppercompany.com/products/bear-river-sweet-ginger-thai,False,puckerbuttpeppercompany.com,2026-09-19T11:09:45.470554Z,2026-09-19T14:01:06.545048Z,sauce-names-1,sauce-match-1,rule:sauce-structured-1,shopify,1,2_longtail,,False,0,,single_source:shopify,0,,,v1
sauce:benito-s|local-tang,benito-s,Benito's Hot Sauce,local-tang,Local Tang,,,,,unknown,https://crafthotsauce.com/products/benitos-local-tang,8.00,USD,https://crafthotsauce.com/products/benitos-local-tang,False,crafthotsauce.com,2026-09-19T13:52:25.427841Z,2026-09-19T14:01:06.545048Z,sauce-names-1,sauce-match-1,rule:sauce-structured-1,shopify,1,2_longtail,,False,0,,single_source:shopify,0,,,v1
sauce:benito-s|mango-habanero,benito-s,Benito's Hot Sauce,mango-habanero,Mango Habanero,,,,,unknown,https://crafthotsauce.com/products/benitos-mango-habanero-hot-sauce,7.50,USD,https://crafthotsauce.com/products/benitos-mango-habanero-hot-sauce,False,crafthotsauce.com,2026-09-19T13:52:25.427841Z,2026-09-19T14:01:06.545048Z,sauce-names-1,sauce-match-1,rule:sauce-structured-1,shopify,1,2_longtail,,True,7,sauce:barefoot-kitchen|mango-habanero|sauce:franks|mango-habanero|sauce:hearth|mango-habanero|sauce:la-meridana|mango-habanero|sauce:marzetti|mango-habanero,single_source:shopify,0,,,v1
sauce:benito-s|original-naranja,benito-s,Benito's Hot Sauce,original-naranja,Original Naranja,,,,,unknown,https://crafthotsauce.com/products/benitos-original-naranja,8.00,USD,https://crafthotsauce.com/products/benitos-original-naranja,False,crafthotsauce.com,2026-09-19T13:52:25.427841Z,2026-09-19T14:01:06.545048Z,sauce-names-1,sauce-match-1,rule:sauce-structured-1,shopify,1,2_longtail,,False,0,,single_source:shopify,0,,,v1
sauce:benito-s|benito-s-chiltepin,benito-s,Benito's Hot Sauce,benito-s-chiltepin,Benito's Chiltepin Hot Sauce,,,,,retail_listing,https://heathotsauce.com/products/benitos-chiltepin-hot-sauce,7.99,USD,https://heathotsauce.com/products/benitos-chiltepin-hot-sauce,True,heathotsauce.com,2026-09-19T13:52:25.427841Z,2026-09-19T14:01:06.545048Z,sauce-names-1,sauce-match-1,rule:sauce-structured-1,shopify,1,2_longtail,,False,0,,single_source:shopify,0,,,v1
sauce:benito-s|benito-s-local-tang,benito-s,Benito's Hot Sauce,benito-s-local-tang,Benito's Local Tang,,,,,retail_listing,https://heathotsauce.com/products/benitos-local-tang,9.99,USD,https://heathotsauce.com/products/benitos-local-tang,True,heathotsauce.com,2026-09-19T13:52:25.427841Z,2026-09-19T14:01:06.545048Z,sauce-names-1,sauce-match-1,rule:sauce-structured-1,shopify,1,2_longtail,,False,0,,single_source:shopify,0,,,v1
sauce:benito-s|benito-s-white-hot,benito-s,Benito's Hot Sauce,benito-s-white-hot,Benito's White Hot,,,,,retail_listing,https://heathotsauce.com/products/benitos-white-hot,10.99,USD,https://heathotsauce.com/products/benitos-white-hot,True,heathotsauce.com,2026-09-19T13:52:25.427841Z,2026-09-19T14:01:06.545048Z,sauce-names-1,sauce-match-1,rule:sauce-structured-1,shopify,1,2_longtail,,False,0,,single_source:shopify,0,,,v1
sauce:big-red-s|big-red-s-banana-reaper-split,big-red-s,Big Red's Hot Sauce,big-red-s-banana-reaper-split,Big Red's - Banana Reaper Split,,,,,unknown,https://crafthotsauce.com/products/banana-reaper-split,7.50,USD,https://crafthotsauce.com/products/banana-reaper-split,False,crafthotsauce.com,2026-09-19T13:52:25.427841Z,2026-09-19T14:01:06.545048Z,sauce-names-1,sauce-match-1,rule:sauce-structured-1,shopify,1,2_longtail,,False,0,,single_source:shopify,0,,,v1
sauce:big-red-s|big-red-s-original,big-red-s,Big Red's Hot Sauce,big-red-s-original,Big Red's - Original Sauce,,,,,unknown,https://crafthotsauce.com/products/big-reds-original-hot-sauce,7.50,USD,https://crafthotsauce.com/products/big-reds-original-hot-sauce,False,crafthotsauce.com,2026-09-19T13:52:25.427841Z,2026-09-19T14:01:06.545048Z,sauce-names-1,sauce-match-1,rule:sauce-structured-1,shopify,1,2_longtail,,False,0,,single_source:shopify,0,,,v1
sauce:big-red-s|big-red-s-god-s-wrath-ghost-pepper,big-red-s,Big Red's Hot Sauce,big-red-s-god-s-wrath-ghost-pepper,Big Red's - God's Wrath Ghost Pepper Sauce,,,,,unknown,https://crafthotsauce.com/products/gods-wrath-ghost-pepper-sauce,9.00,USD,https://crafthotsauce.com/products/gods-wrath-ghost-pepper-sauce,False,crafthotsauce.com,2026-09-19T13:52:25.427841Z,2026-09-19T14:01:06.545048Z,sauce-names-1,sauce-match-1,rule:sauce-structured-1,shopify,1,2_longtail,,False,0,,single_source:shopify,0,,,v1
sauce:big-red-s|big-red-s-green-chili-avocado,big-red-s,Big Red's Hot Sauce,big-red-s-green-chili-avocado,Big Red's - Green Chili Avocado,,,,,unknown,https://crafthotsauce.com/products/green-chili-avocado,7.50,USD,https://crafthotsauce.com/products/green-chili-avocado,False,crafthotsauce.com,2026-09-19T13:52:25.427841Z,2026-09-19T14:01:06.545048Z,sauce-names-1,sauce-match-1,rule:sauce-structured-1,shopify,1,2_longtail,,False,0,,single_source:shopify,0,,,v1
sauce:big-red-s|big-red-s-prickly-pear,big-red-s,Big Red's Hot Sauce,big-red-s-prickly-pear,Big Red's - Prickly Pear,,,,,unknown,https://crafthotsauce.com/products/prickly-pear-sauce,7.50,USD,https://crafthotsauce.com/products/prickly-pear-sauce,False,crafthotsauce.com,2026-09-19T13:52:25.427841Z,2026-09-19T14:01:06.545048Z,sauce-names-1,sauce-match-1,rule:sauce-structured-1,shopify,1,2_longtail,,False,0,,single_source:shopify,0,,,v1
sauce:big-red-s|big-red-s-smokey-habanero,big-red-s,Big Red's Hot Sauce,big-red-s-smokey-habanero,Big Red's - Smokey Habanero,,,,,unknown,https://crafthotsauce.com/products/smokey-habanero,7.50,USD,https://crafthotsauce.com/products/smokey-habanero,False,crafthotsauce.com,2026-09-19T13:52:25.427841Z,2026-09-19T14:01:06.545048Z,sauce-names-1,sauce-match-1,rule:sauce-structured-1,shopify,1,2_longtail,,True,1,sauce:|big-red-s-smokey-habanero,single_source:shopify,0,,,v1
sauce:bitchin|organic-roasted-green-chile-pepita,bitchin,Bitchin' Sauce,organic-roasted-green-chile-pepita,Organic Roasted Green Chile & Pepita,,,,,retail_listing,https://bitchinsauce.com/products/roasted-chile-organic-bitchin-sauce-7oz,22.00,USD,https://bitchinsauce.com/products/roasted-chile-organic-bitchin-sauce-7oz,True,bitchinsauce.com,2026-09-19T11:09:45.470554Z,2026-09-19T14:01:06.545048Z,sauce-names-1,sauce-match-1,rule:sauce-structured-1,shopify,1,2_longtail,,False,0,,single_source:shopify,0,,,v1
sauce:black-eyed-susan-spice|red-flag,black-eyed-susan-spice,Black Eyed Susan Spice Co.,red-flag,Red Flag,,,,,retail_listing,https://heatonist.com/products/black-eyed-susan-spice-co-red-flag-hot-sauce,14.00,USD,https://heatonist.com/products/black-eyed-susan-spice-co-red-flag-hot-sauce,True,heatonist.com,2026-09-19T11:09:45.470554Z,2026-09-19T14:01:06.545048Z,sauce-names-1,sauce-match-1,rule:sauce-structured-1,shopify,1,2_longtail,,True,2,sauce:black-eyed-susan|red-flag|sauce:|red-flag,single_source:shopify,0,,,v1
sauce:black-eyed-susan-spice|chickpotle-black-eyed-susan,black-eyed-susan-spice,Black Eyed Susan Spice Co.,chickpotle-black-eyed-susan,Chickpotle | Black Eyed Susan,,,,,retail_listing,https://heatonist.com/products/chickpotle-black-eyed-susan,12.00,USD,https://heatonist.com/products/chickpotle-black-eyed-susan,True,heatonist.com,2026-09-19T11:09:45.470554Z,2026-09-19T14:01:06.545048Z,sauce-names-1,sauce-match-1,rule:sauce-structured-1,shopify,1,2_longtail,,True,1,sauce:hot-ones|chickpotle-black-eyed-susan,single_source:shopify,0,,,v1
sauce:black-eyed-susan|red-flag,black-eyed-susan,Black-Eyed Susan,red-flag,Red Flag Hot Sauce,,,,,unknown,https://puckerbuttpeppercompany.com/products/black-eyed-susan-red-flag-hot-sauce,15.00,USD,https://puckerbuttpeppercompany.com/products/black-eyed-susan-red-flag-hot-sauce,False,puckerbuttpeppercompany.com,2026-09-19T11:09:45.470554Z,2026-09-19T14:01:06.545048Z,sauce-names-1,sauce-match-1,rule:sauce-structured-1,shopify,1,2_longtail,,True,2,sauce:black-eyed-susan-spice|red-flag|sauce:|red-flag,single_source:shopify,0,,,v1
sauce:black-eyed-susan|trinidad-thyme-bomb,black-eyed-susan,Black-Eyed Susan,trinidad-thyme-bomb,Trinidad Thyme Bomb,,,,,retail_listing,https://puckerbuttpeppercompany.com/products/black-eyed-susan-trinidad-thyme-bomb,15.00,USD,https://puckerbuttpeppercompany.com/products/black-eyed-susan-trinidad-thyme-bomb,True,puckerbuttpeppercompany.com,2026-09-19T11:09:45.470554Z,2026-09-19T14:01:06.545048Z,sauce-names-1,sauce-match-1,rule:sauce-structured-1,shopify,1,2_longtail,,True,1,sauce:|trinidad-thyme-bomb,single_source:shopify,0,,,v1
sauce:black-eyed-susan|blacked-eyed-susan-captain-clyde-s-cannonball-crush,black-eyed-susan,Black-Eyed Susan,blacked-eyed-susan-captain-clyde-s-cannonball-crush,Blacked-Eyed Susan Captain Clyde's Cannonball Crush,,,,,retail_listing,https://puckerbuttpeppercompany.com/products/blacked-eyed-susan-captain-clydes-cannonball-crush,10.00,USD,https://puckerbuttpeppercompany.com/products/blacked-eyed-susan-captain-clydes-cannonball-crush,True,puckerbuttpeppercompany.com,2026-09-19T11:09:45.470554Z,2026-09-19T14:01:06.545048Z,sauce-names-1,sauce-match-1,rule:sauce-structured-1,shopify,1,2_longtail,,False,0,,single_source:shopify,0,,,v1
sauce:black-eyed-susan|blacked-eyed-susan-mcclintock-s-revenge,black-eyed-susan,Black-Eyed Susan,blacked-eyed-susan-mcclintock-s-revenge,Blacked-Eyed Susan McClintock's Revenge,,,,,unknown,https://puckerbuttpeppercompany.com/products/blacked-eyed-susan-captain-clydes-cannonball-crush-copy,15.00,USD,https://puckerbuttpeppercompany.com/products/blacked-eyed-susan-captain-clydes-cannonball-crush-copy,False,puckerbuttpeppercompany.com,2026-09-19T11:09:45.470554Z,2026-09-19T14:01:06.545048Z,sauce-names-1,sauce-match-1,rule:sauce-structured-1,shopify,1,2_longtail,,False,0,,single_source:shopify,0,,,v1
sauce:blair-s|after-death,blair-s,Blair's,after-death,After Death Sauce,,,,,retail_listing,https://heathotsauce.com/products/after-death-sauce,11.99,USD,https://heathotsauce.com/products/after-death-sauce,True,heathotsauce.com,2026-09-19T13:52:25.427841Z,2026-09-19T14:01:06.545048Z,sauce-names-1,sauce-match-1,rule:sauce-structured-1,shopify,1,2_longtail,,False,0,,single_source:shopify,0,,,v1
sauce:blair-s|original-death,blair-s,Blair's,original-death,Original Death Sauce,,,,,retail_listing,https://heathotsauce.com/products/original-death-sauce,11.99,USD,https://heathotsauce.com/products/original-death-sauce,True,heathotsauce.com,2026-09-19T13:52:25.427841Z,2026-09-19T14:01:06.545048Z,sauce-names-1,sauce-match-1,rule:sauce-structured-1,shopify,1,2_longtail,,False,0,,single_source:shopify,0,,,v1
sauce:bloodroot-mountain|north-country-cayenne,bloodroot-mountain,Bloodroot Mountain,north-country-cayenne,North Country Cayenne,,,,,unknown,https://heathotsauce.com/products/bloodroot-mountain-north-country-cayenne,9.99,USD,https://heathotsauce.com/products/bloodroot-mountain-north-country-cayenne,False,heathotsauce.com,2026-09-19T13:52:25.427841Z,2026-09-19T14:01:06.545048Z,sauce-names-1,sauce-match-1,rule:sauce-structured-1,shopify,1,2_longtail,,False,0,,single_source:shopify,0,,,v1
sauce:born-to-hula|ghost-of-ancho,born-to-hula,Born To Hula,ghost-of-ancho,Ghost of Ancho,,,,,unknown,https://puckerbuttpeppercompany.com/products/ghost-of-ancho,8.00,USD,https://crafthotsauce.com/products/ghost-of-ancho,False,crafthotsauce.com,2026-09-19T11:09:45.470554Z,2026-09-19T14:01:06.545048Z,sauce-names-1,sauce-match-1,rule:sauce-structured-1,shopify,1,2_longtail,,False,0,,single_source:shopify,0,,,v1
sauce:born-to-hula|cayenne,born-to-hula,Born To Hula,cayenne,Cayenne,,,,,unknown,https://puckerbuttpeppercompany.com/products/born-to-hula-cayenne,7.00,USD,https://puckerbuttpeppercompany.com/products/born-to-hula-cayenne,False,puckerbuttpeppercompany.com,2026-09-19T11:09:45.470554Z,2026-09-19T14:01:06.545048Z,sauce-names-1,sauce-match-1,rule:sauce-structured-1,shopify,1,2_longtail,,True,2,sauce:wild-oats-marketing|cayenne|sauce:|cayenne,single_source:shopify,0,,,v1
sauce:born-to-hula|guajillo-chile,born-to-hula,Born To Hula,guajillo-chile,Guajillo Chile,,,,,unknown,https://puckerbuttpeppercompany.com/products/born-to-hula-guajillo-chile,8.00,USD,https://puckerbuttpeppercompany.com/products/born-to-hula-guajillo-chile,False,puckerbuttpeppercompany.com,2026-09-19T11:09:45.470554Z,2026-09-19T14:01:06.545048Z,sauce-names-1,sauce-match-1,rule:sauce-structured-1,shopify,1,2_longtail,,False,0,,single_source:shopify,0,,,v1
sauce:born-to-hula|guajillo-monster,born-to-hula,Born To Hula,guajillo-monster,Guajillo Monster Hot Sauce,,,,,unknown,https://puckerbuttpeppercompany.com/products/born-to-hula-guajillo-monster-hot-sauce,10.00,USD,https://puckerbuttpeppercompany.com/products/born-to-hula-guajillo-monster-hot-sauce,False,puckerbuttpeppercompany.com,2026-09-19T11:09:45.470554Z,2026-09-19T14:01:06.545048Z,sauce-names-1,sauce-match-1,rule:sauce-structured-1,shopify,1,2_longtail,,False,0,,single_source:shopify,0,,,v1
sauce:born-to-hula|harvest,born-to-hula,Born To Hula,harvest,Harvest,,,,,unknown,https://puckerbuttpeppercompany.com/products/born-to-hula-harvest,8.00,USD,https://puckerbuttpeppercompany.com/products/born-to-hula-harvest,False,puckerbuttpeppercompany.com,2026-09-19T11:09:45.470554Z,2026-09-19T14:01:06.545048Z,sauce-names-1,sauce-match-1,rule:sauce-structured-1,shopify,1,2_longtail,,False,0,,single_source:shopify,0,,,v1
sauce:born-to-hula|hurricane,born-to-hula,Born To Hula,hurricane,Hurricane,,,,,unknown,https://puckerbuttpeppercompany.com/products/born-to-hula-hurricane,9.00,USD,https://puckerbuttpeppercompany.com/products/born-to-hula-hurricane,False,puckerbuttpeppercompany.com,2026-09-19T11:09:45.470554Z,2026-09-19T14:01:06.545048Z,sauce-names-1,sauce-match-1,rule:sauce-structured-1,shopify,1,2_longtail,,False,0,,single_source:shopify,0,,,v1
sauce:born-to-hula|los-mangos,born-to-hula,Born To Hula,los-mangos,Los Mangos,,,,,unknown,https://puckerbuttpeppercompany.com/products/born-to-hula-los-mangos,7.00,USD,https://puckerbuttpeppercompany.com/products/born-to-hula-los-mangos,False,puckerbuttpeppercompany.com,2026-09-19T11:09:45.470554Z,2026-09-19T14:01:06.545048Z,sauce-names-1,sauce-match-1,rule:sauce-structured-1,shopify,1,2_longtail,,False,0,,single_source:shopify,0,,,v1
sauce:born-to-hula|smokehaus-blues,born-to-hula,Born To Hula,smokehaus-blues,Smokehaus Blues,,,,,unknown,https://puckerbuttpeppercompany.com/products/born-to-hula-smokehaus-blues,9.00,USD,https://puckerbuttpeppercompany.com/products/born-to-hula-smokehaus-blues,False,puckerbuttpeppercompany.com,2026-09-19T11:09:45.470554Z,2026-09-19T14:01:06.545048Z,sauce-names-1,sauce-match-1,rule:sauce-structured-1,shopify,1,2_longtail,,False,0,,single_source:shopify,0,,,v1
sauce:born-to-hula|reaper-of-sorrow,born-to-hula,Born To Hula,reaper-of-sorrow,Reaper Of Sorrow,,,,,unknown,https://puckerbuttpeppercompany.com/products/reaper-of-sorrow,8.00,USD,https://puckerbuttpeppercompany.com/products/reaper-of-sorrow,False,puckerbuttpeppercompany.com,2026-09-19T11:09:45.470554Z,2026-09-19T14:01:06.545048Z,sauce-names-1,sauce-match-1,rule:sauce-structured-1,shopify,1,2_longtail,,True,1,sauce:|reaper-of-sorrow,single_source:shopify,0,,,v1
sauce:born-to-hula|smokin-pineapple,born-to-hula,Born To Hula,smokin-pineapple,Smokin' Pineapple,,,,,unknown,https://puckerbuttpeppercompany.com/products/smokin-pineapple,9.00,USD,https://puckerbuttpeppercompany.com/products/smokin-pineapple,False,puckerbuttpeppercompany.com,2026-09-19T11:09:45.470554Z,2026-09-19T14:01:06.545048Z,sauce-names-1,sauce-match-1,rule:sauce-structured-1,shopify,1,2_longtail,,False,0,,single_source:shopify,0,,,v1
sauce:born-to-hula|harvest-seasonal,born-to-hula,Born to Hula,harvest-seasonal,Harvest Seasonal,,,,,unknown,https://crafthotsauce.com/products/born-to-hula-harvest-seasonal,8.50,USD,https://crafthotsauce.com/products/born-to-hula-harvest-seasonal,False,crafthotsauce.com,2026-09-19T13:52:25.427841Z,2026-09-19T14:01:06.545048Z,sauce-names-1,sauce-match-1,rule:sauce-structured-1,shopify,1,2_longtail,,False,0,,single_source:shopify,0,,,v1
sauce:bravado-spice|crimson,bravado-spice,Bravado Spice Co,crimson,Crimson Hot Sauce,,,,,unknown,https://crafthotsauce.com/products/bravado-spice-co-crimson-hot-sauce,8.00,USD,https://crafthotsauce.com/products/bravado-spice-co-crimson-hot-sauce,False,crafthotsauce.com,2026-09-19T13:52:25.427841Z,2026-09-19T14:01:06.545048Z,sauce-names-1,sauce-match-1,rule:sauce-structured-1,shopify,1,2_longtail,,True,1,sauce:|crimson,single_source:shopify,0,,,v1
sauce:bravado-spice|aka-miso-ghost-reaper,bravado-spice,Bravado Spice Co,aka-miso-ghost-reaper,AKA Miso Ghost-Reaper Hot Sauce,,,,,unknown,https://puckerbuttpeppercompany.com/products/aka-miso-ghost-reaper-hot-sauce,11.00,USD,https://puckerbuttpeppercompany.com/products/aka-miso-ghost-reaper-hot-sauce,False,puckerbuttpeppercompany.com,2026-09-19T11:09:45.470554Z,2026-09-19T14:01:06.545048Z,sauce-names-1,sauce-match-1,rule:sauce-structured-1,shopify,1,2_longtail,,False,0,,single_source:shopify,0,,,v1
sauce:bravado-spice|bravado-ghost-pepper-blueberry,bravado-spice,Bravado Spice Co,bravado-ghost-pepper-blueberry,Bravado Ghost Pepper & Blueberry,,,,,unknown,https://puckerbuttpeppercompany.com/products/bravado-ghost-pepper-blueberry,8.00,USD,https://puckerbuttpeppercompany.com/products/bravado-ghost-pepper-blueberry,False,puckerbuttpeppercompany.com,2026-09-19T11:09:45.470554Z,2026-09-19T14:01:06.545048Z,sauce-names-1,sauce-match-1,rule:sauce-structured-1,shopify,1,2_longtail,,False,0,,single_source:shopify,0,,,v1
sauce:bravado-spice|bravado-pineapple-habanero,bravado-spice,Bravado Spice Co,bravado-pineapple-habanero,Bravado Pineapple & Habanero,,,,,unknown,https://puckerbuttpeppercompany.com/products/bravado-pineapple-habanero,8.00,USD,https://puckerbuttpeppercompany.com/products/bravado-pineapple-habanero,False,puckerbuttpeppercompany.com,2026-09-19T11:09:45.470554Z,2026-09-19T14:01:06.545048Z,sauce-names-1,sauce-match-1,rule:sauce-structured-1,shopify,1,2_longtail,,False,0,,single_source:shopify,0,,,v1
sauce:bravado-spice|bravado-serrano-basil,bravado-spice,Bravado Spice Co,bravado-serrano-basil,Bravado Serrano & Basil,,,,,unknown,https://puckerbuttpeppercompany.com/products/bravado-serrano-basil,9.00,USD,https://puckerbuttpeppercompany.com/products/bravado-serrano-basil,False,puckerbuttpeppercompany.com,2026-09-19T11:09:45.470554Z,2026-09-19T14:01:06.545048Z,sauce-names-1,sauce-match-1,rule:sauce-structured-1,shopify,1,2_longtail,,False,0,,single_source:shopify,0,,,v1
sauce:bravado-spice|bravado-spice-black-garlic-and-reaper,bravado-spice,Bravado Spice Co,bravado-spice-black-garlic-and-reaper,Bravado Spice Black Garlic and Reaper,,,,,unknown,https://puckerbuttpeppercompany.com/products/bravado-spice-black-garlic-and-reaper,11.00,USD,https://puckerbuttpeppercompany.com/products/bravado-spice-black-garlic-and-reaper,False,puckerbuttpeppercompany.com,2026-09-19T11:09:45.470554Z,2026-09-19T14:01:06.545048Z,sauce-names-1,sauce-match-1,rule:sauce-structured-1,shopify,1,2_longtail,,False,0,,single_source:shopify,0,,,v1
sauce:bravado-spice|bravado-spice-creamy-herb-and-jalapeno,bravado-spice,Bravado Spice Co,bravado-spice-creamy-herb-and-jalapeno,Bravado Spice Creamy Herb and Jalapeno,,,,,unknown,https://puckerbuttpeppercompany.com/products/creamy-herb-and-jalapeno,7.00,USD,https://puckerbuttpeppercompany.com/products/creamy-herb-and-jalapeno,False,puckerbuttpeppercompany.com,2026-09-19T11:09:45.470554Z,2026-09-19T14:01:06.545048Z,sauce-names-1,sauce-match-1,rule:sauce-structured-1,shopify,1,2_longtail,,False,0,,single_source:shopify,0,,,v1
sauce:bravado-spice|bravado-mango-chamoy,bravado-spice,Bravado Spice Co.,bravado-mango-chamoy,Bravado Mango & Chamoy,,,,,retail_listing,https://heathotsauce.com/products/bravado-mango-chamoy,10.99,USD,https://heathotsauce.com/products/bravado-mango-chamoy,True,heathotsauce.com,2026-09-19T13:52:25.427841Z,2026-09-19T14:01:06.545048Z,sauce-names-1,sauce-match-1,rule:sauce-structured-1,shopify,1,2_longtail,,False,0,,single_source:shopify,0,,,v1
sauce:bravado-spice|aka-miso-ghost-reaper-hot-sauce-hot-ones-season-10,bravado-spice,Bravado Spice,aka-miso-ghost-reaper-hot-sauce-hot-ones-season-10,Aka Miso Ghost-Reaper Hot Sauce - Hot Ones Season 10,,,,,retail_listing,https://bravadospice.com/products/aka-miso-ghost-reaper,12.00,USD,https://bravadospice.com/products/aka-miso-ghost-reaper,True,bravadospice.com,2026-09-19T11:09:45.470554Z,2026-09-19T14:01:06.545048Z,sauce-names-1,sauce-match-1,rule:sauce-structured-1,shopify,1,2_longtail,,False,0,,single_source:shopify,0,,,v1
sauce:bravado-spice|ancho-masala-scorpion-reaper,bravado-spice,Bravado Spice,ancho-masala-scorpion-reaper,Ancho Masala Scorpion-Reaper Hot Sauce,,,,,retail_listing,https://bravadospice.com/products/ancho-masala-scorpion-reaper-hot,12.00,USD,https://bravadospice.com/products/ancho-masala-scorpion-reaper-hot,True,bravadospice.com,2026-09-19T11:09:45.470554Z,2026-09-19T14:01:06.545048Z,sauce-names-1,sauce-match-1,rule:sauce-structured-1,shopify,1,2_longtail,,False,0,,single_source:shopify,0,,,v1
sauce:bravado-spice|arbol-chili-garlic,bravado-spice,Bravado Spice,arbol-chili-garlic,Árbol Chili & Garlic Hot Sauce,,,,,retail_listing,https://bravadospice.com/products/arbol-chili-garlic-hot-sauce,7.00,USD,https://bravadospice.com/products/arbol-chili-garlic-hot-sauce,True,bravadospice.com,2026-09-19T11:09:45.470554Z,2026-09-19T14:01:06.545048Z,sauce-names-1,sauce-match-1,rule:sauce-structured-1,shopify,1,2_longtail,,False,0,,single_source:shopify,0,,,v1
sauce:bravado-spice|black-garlic-carolina-reaper-hot-sauce-hot-ones-season-6,bravado-spice,Bravado Spice,black-garlic-carolina-reaper-hot-sauce-hot-ones-season-6,Black Garlic Carolina Reaper Hot Sauce - Hot Ones Season 6,,,,,unknown,https://bravadospice.com/products/black-garlic-carolina-reaper-hot-sauce,12.00,USD,https://bravadospice.com/products/black-garlic-carolina-reaper-hot-sauce,False,bravadospice.com,2026-09-19T11:09:45.470554Z,2026-09-19T14:01:06.545048Z,sauce-names-1,sauce-match-1,rule:sauce-structured-1,shopify,1,2_longtail,,False,0,,single_source:shopify,0,,,v1
sauce:bravado-spice|creamy-herb-jalapeno,bravado-spice,Bravado Spice,creamy-herb-jalapeno,Creamy Herb & Jalapeño Hot Sauce,,,,,retail_listing,https://bravadospice.com/products/creamy-herb-jalapeno-hot-sauce,7.00,USD,https://bravadospice.com/products/creamy-herb-jalapeno-hot-sauce,True,bravadospice.com,2026-09-19T11:09:45.470554Z,2026-09-19T14:01:06.545048Z,sauce-names-1,sauce-match-1,rule:sauce-structured-1,shopify,1,2_longtail,,False,0,,single_source:shopify,0,,,v1
sauce:bravado-spice|garlic-arbol-moruga-scorpion,bravado-spice,Bravado Spice,garlic-arbol-moruga-scorpion,Garlic & Árbol Moruga Scorpion Hot Sauce,,,,,retail_listing,https://bravadospice.com/products/garlic-arbol-moruga-scorpion-hot-sauce,12.00,USD,https://bravadospice.com/products/garlic-arbol-moruga-scorpion-hot-sauce,True,bravadospice.com,2026-09-19T11:09:45.470554Z,2026-09-19T14:01:06.545048Z,sauce-names-1,sauce-match-1,rule:sauce-structured-1,shopify,1,2_longtail,,False,0,,single_source:shopify,0,,,v1
sauce:bravado-spice|ghost-pepper-blueberry-hot-sauce-hot-ones-season-3,bravado-spice,Bravado Spice,ghost-pepper-blueberry-hot-sauce-hot-ones-season-3,Ghost Pepper & Blueberry Hot Sauce - Hot Ones Season 3,,,,,retail_listing,https://bravadospice.com/products/ghost-pepper-blueberry-hot-sauce,7.00,USD,https://bravadospice.com/products/ghost-pepper-blueberry-hot-sauce,True,bravadospice.com,2026-09-19T11:09:45.470554Z,2026-09-19T14:01:06.545048Z,sauce-names-1,sauce-match-1,rule:sauce-structured-1,shopify,1,2_longtail,,False,0,,single_source:shopify,0,,,v1
sauce:bravado-spice|hot-sauce-variety-set,bravado-spice,Bravado Spice,hot-sauce-variety-set,Hot Sauce Variety Set,,,,,unknown,https://bravadospice.com/products/hot-sauce-variety-set,64.00,USD,https://bravadospice.com/products/hot-sauce-variety-set,False,bravadospice.com,2026-09-19T11:09:45.470554Z,2026-09-19T14:01:06.545048Z,sauce-names-1,sauce-match-1,rule:sauce-structured-1,shopify,1,2_longtail,,False,0,,single_source:shopify,0,,,v1
sauce:bravado-spice|pineapple-habanero,bravado-spice,Bravado Spice,pineapple-habanero,Pineapple & Habanero Hot Sauce,,,,,retail_listing,https://bravadospice.com/products/pineapple-habanero-hot-sauce,7.00,USD,https://bravadospice.com/products/pineapple-habanero-hot-sauce,True,bravadospice.com,2026-09-19T11:09:45.470554Z,2026-09-19T14:01:06.545048Z,sauce-names-1,sauce-match-1,rule:sauce-structured-1,shopify,1,2_longtail,,True,6,sauce:acid-league|pineapple-habanero|sauce:bj-s-wholesale-club-corporate|pineapple-habanero|sauce:jack-s-pepper-heist|pineapple-habanero|sauce:sauce-shop|pineapple-habanero|sauce:terrapin-ridge-farms|pineapple-habanero,single_source:shopify,0,,,v1
sauce:bravado-spice|serrano-basil,bravado-spice,Bravado Spice,serrano-basil,Serrano & Basil Hot Sauce,,,,,retail_listing,https://bravadospice.com/products/serrano-basil-hot-sauce,7.00,USD,https://bravadospice.com/products/serrano-basil-hot-sauce,True,bravadospice.com,2026-09-19T11:09:45.470554Z,2026-09-19T14:01:06.545048Z,sauce-names-1,sauce-match-1,rule:sauce-structured-1,shopify,1,2_longtail,,False,0,,single_source:shopify,0,,,v1
sauce:brooklyn-delhi|roasted-garlic-achaar,brooklyn-delhi,Brooklyn Delhi,roasted-garlic-achaar,Roasted Garlic Achaar,,,,,retail_listing,https://brooklyndelhi.com/products/roasted-garlic-achaar,12.00,USD,https://brooklyndelhi.com/products/roasted-garlic-achaar,True,brooklyndelhi.com,2026-09-19T11:09:45.470554Z,2026-09-19T14:01:06.545048Z,sauce-names-1,sauce-match-1,rule:sauce-structured-1,shopify,1,2_longtail,,False,0,,single_source:shopify,0,,,v1
sauce:bushwick-kitchen|super-spicy-weak-knees-gochujang-sriracha,bushwick-kitchen,Bushwick Kitchen,super-spicy-weak-knees-gochujang-sriracha,Super Spicy Weak Knees Gochujang Sriracha,,,,,retail_listing,https://bushwickkitchen.com/products/super-spicy-weak-knees-gochujang-sriracha,12.99,USD,https://bushwickkitchen.com/products/super-spicy-weak-knees-gochujang-sriracha,True,bushwickkitchen.com,2026-09-19T11:09:45.470554Z,2026-09-19T14:01:06.545048Z,sauce-names-1,sauce-match-1,rule:sauce-structured-1,shopify,1,2_longtail,,False,0,,single_source:shopify,0,,,v1
sauce:bushwick-kitchen|weak-knees-curry-sriracha,bushwick-kitchen,Bushwick Kitchen,weak-knees-curry-sriracha,Weak Knees Curry Sriracha,,,,,retail_listing,https://bushwickkitchen.com/products/weak-knees-curry-sriracha,12.99,USD,https://bushwickkitchen.com/products/weak-knees-curry-sriracha,True,bushwickkitchen.com,2026-09-19T11:09:45.470554Z,2026-09-19T14:01:06.545048Z,sauce-names-1,sauce-match-1,rule:sauce-structured-1,shopify,1,2_longtail,,True,1,sauce:|weak-knees-curry-sriracha,single_source:shopify,0,,,v1
sauce:bushwick-kitchen|weak-knees-gochujang-sriracha,bushwick-kitchen,Bushwick Kitchen,weak-knees-gochujang-sriracha,Weak Knees Gochujang Sriracha,,,,,retail_listing,https://bushwickkitchen.com/products/weak-knees-gochujang-sriracha,12.99,USD,https://bushwickkitchen.com/products/weak-knees-gochujang-sriracha,True,bushwickkitchen.com,2026-09-19T11:09:45.470554Z,2026-09-19T14:01:06.545048Z,sauce-names-1,sauce-match-1,rule:sauce-structured-1,shopify,1,2_longtail,,False,0,,single_source:shopify,0,,,v1
sauce:butterfly-bakery-of-vermont|mellow-vibes-only,butterfly-bakery-of-vermont,Butterfly Bakery Of Vermont,mellow-vibes-only,Mellow Vibes Only Hot Sauce,,00856369001376,,,retail_listing,http://world-en.openfoodfacts.org/product/0856369001376/mellow-vibes-only-hot-sauce-butterfly-bakery-of-vermont,6.00,USD,https://butterflybakeryvt.com/products/mellow-vibes-only-taco-hot-sauce,True,butterflybakeryvt.com,2026-09-19T11:09:45.470554Z,2026-09-19T14:01:06.545048Z,sauce-names-1,sauce-match-1,rule:sauce-structured-1,off|shopify,2,1_population|2_longtail,,True,1,sauce:butterfly-bakery|mellow-vibes-only,multi_source,0,,,v1
sauce:butterfly-bakery-of-vermont|pepper-patron-addon-name-a-pepper,butterfly-bakery-of-vermont,Butterfly Bakery of Vermont,pepper-patron-addon-name-a-pepper,Pepper Patron AddOn - Name a Pepper,,,,,retail_listing,https://butterflybakeryvt.com/products/2026-pepper-patron-addon-name-a-pepper,20.00,USD,https://butterflybakeryvt.com/products/2026-pepper-patron-addon-name-a-pepper,True,butterflybakeryvt.com,2026-09-19T11:09:45.470554Z,2026-09-19T14:01:06.545048Z,sauce-names-1,sauce-match-1,rule:sauce-structured-1,shopify,1,2_longtail,,False,0,,single_source:shopify,0,,,v1
sauce:butterfly-bakery-of-vermont|pepper-patron-addon-sauce-dj,butterfly-bakery-of-vermont,Butterfly Bakery of Vermont,pepper-patron-addon-sauce-dj,Pepper Patron AddOn - Sauce DJ,,,,,retail_listing,https://butterflybakeryvt.com/products/2026-pepper-patron-addon-sauce-dj,20.00,USD,https://butterflybakeryvt.com/products/2026-pepper-patron-addon-sauce-dj,True,butterflybakeryvt.com,2026-09-19T11:09:45.470554Z,2026-09-19T14:01:06.545048Z,sauce-names-1,sauce-match-1,rule:sauce-structured-1,shopify,1,2_longtail,,False,0,,single_source:shopify,0,,,v1
sauce:butterfly-bakery-of-vermont|pepper-patron-addon-sauce-stir,butterfly-bakery-of-vermont,Butterfly Bakery of Vermont,pepper-patron-addon-sauce-stir,Pepper Patron AddOn - Sauce Stir,,,,,retail_listing,https://butterflybakeryvt.com/products/2026-pepper-patron-addon-sauce-stir,20.00,USD,https://butterflybakeryvt.com/products/2026-pepper-patron-addon-sauce-stir,True,butterflybakeryvt.com,2026-09-19T11:09:45.470554Z,2026-09-19T14:01:06.545048Z,sauce-names-1,sauce-match-1,rule:sauce-structured-1,shopify,1,2_longtail,,False,0,,single_source:shopify,0,,,v1
sauce:butterfly-bakery-of-vermont|pepper-patron-hot-sauce-bottle,butterfly-bakery-of-vermont,Butterfly Bakery of Vermont,pepper-patron-hot-sauce-bottle,Pepper Patron Hot Sauce Bottle,,,,,retail_listing,https://butterflybakeryvt.com/products/2026-pepper-patron-hot-sauce-bottle,30.00,USD,https://butterflybakeryvt.com/products/2026-pepper-patron-hot-sauce-bottle,True,butterflybakeryvt.com,2026-09-19T11:09:45.470554Z,2026-09-19T14:01:06.545048Z,sauce-names-1,sauce-match-1,rule:sauce-structured-1,shopify,1,2_longtail,,False,0,,single_source:shopify,0,,,v1
sauce:butterfly-bakery-of-vermont|pepper-patron-hot-sauce-class,butterfly-bakery-of-vermont,Butterfly Bakery of Vermont,pepper-patron-hot-sauce-class,Pepper Patron Hot Sauce Class,,,,,retail_listing,https://butterflybakeryvt.com/products/2026-pepper-patron-hot-sauce-class,150.00,USD,https://butterflybakeryvt.com/products/2026-pepper-patron-hot-sauce-class,True,butterflybakeryvt.com,2026-09-19T11:09:45.470554Z,2026-09-19T14:01:06.545048Z,sauce-names-1,sauce-match-1,rule:sauce-structured-1,shopify,1,2_longtail,,False,0,,single_source:shopify,0,,,v1
sauce:butterfly-bakery-of-vermont|as-seen-on-hot-ones-quartet,butterfly-bakery-of-vermont,Butterfly Bakery of Vermont,as-seen-on-hot-ones-quartet,As Seen on Hot Ones Quartet,,,,,retail_listing,https://butterflybakeryvt.com/products/as-seen-on-hot-ones-quartet,48.50,USD,https://butterflybakeryvt.com/products/as-seen-on-hot-ones-quartet,True,butterflybakeryvt.com,2026-09-19T11:09:45.470554Z,2026-09-19T14:01:06.545048Z,sauce-names-1,sauce-match-1,rule:sauce-structured-1,shopify,1,2_longtail,,False,0,,single_source:shopify,0,,,v1
sauce:butterfly-bakery-of-vermont|black-currant-ginger,butterfly-bakery-of-vermont,Butterfly Bakery of Vermont,black-currant-ginger,Black Currant Ginger Hot Sauce,,,,,retail_listing,https://butterflybakeryvt.com/products/black-currant-ginger-hot-sauce,11.00,USD,https://butterflybakeryvt.com/products/black-currant-ginger-hot-sauce,True,butterflybakeryvt.com,2026-09-19T11:09:45.470554Z,2026-09-19T14:01:06.545048Z,sauce-names-1,sauce-match-1,rule:sauce-structured-1,shopify,1,2_longtail,,False,0,,single_source:shopify,0,,,v1
sauce:butterfly-bakery-of-vermont|blackberry-hibiscus,butterfly-bakery-of-vermont,Butterfly Bakery of Vermont,blackberry-hibiscus,Blackberry Hibiscus Hot Sauce,,,,,retail_listing,https://butterflybakeryvt.com/products/blackberry-hibiscus-hot-sauce,11.00,USD,https://butterflybakeryvt.com/products/blackberry-hibiscus-hot-sauce,True,butterflybakeryvt.com,2026-09-19T11:09:45.470554Z,2026-09-19T14:01:06.545048Z,sauce-names-1,sauce-match-1,rule:sauce-structured-1,shopify,1,2_longtail,,False,0,,single_source:shopify,0,,,v1
sauce:butterfly-bakery-of-vermont|tomatillo-chipotle-salsa,butterfly-bakery-of-vermont,Butterfly Bakery of Vermont,tomatillo-chipotle-salsa,Tomatillo Chipotle Salsa,,,,,retail_listing,https://butterflybakeryvt.com/products/chipotle-tomatillo-salsa,11.00,USD,https://butterflybakeryvt.com/products/chipotle-tomatillo-salsa,True,butterflybakeryvt.com,2026-09-19T11:09:45.470554Z,2026-09-19T14:01:06.545048Z,sauce-names-1,sauce-match-1,rule:sauce-structured-1,shopify,1,2_longtail,,False,0,,single_source:shopify,0,,,v1
sauce:butterfly-bakery-of-vermont|chipotles-in-adobo,butterfly-bakery-of-vermont,Butterfly Bakery of Vermont,chipotles-in-adobo,Chipotles In Adobo Hot Sauce,,,,,retail_listing,https://butterflybakeryvt.com/products/chipotles-in-adobo-hot-sauce,11.00,USD,https://butterflybakeryvt.com/products/chipotles-in-adobo-hot-sauce,True,butterflybakeryvt.com,2026-09-19T11:09:45.470554Z,2026-09-19T14:01:06.545048Z,sauce-names-1,sauce-match-1,rule:sauce-structured-1,shopify,1,2_longtail,,False,0,,single_source:shopify,0,,,v1
sauce:butterfly-bakery-of-vermont|cilantro-onion,butterfly-bakery-of-vermont,Butterfly Bakery of Vermont,cilantro-onion,Cilantro Onion Hot Sauce,,,,,retail_listing,https://butterflybakeryvt.com/products/cilantro-onion-hot-sauce,6.00,USD,https://butterflybakeryvt.com/products/cilantro-onion-hot-sauce,True,butterflybakeryvt.com,2026-09-19T11:09:45.470554Z,2026-09-19T14:01:06.545048Z,sauce-names-1,sauce-match-1,rule:sauce-structured-1,shopify,1,2_longtail,,False,0,,single_source:shopify,0,,,v1
sauce:butterfly-bakery-of-vermont|dutchess-mystery-pepper-single-varietal,butterfly-bakery-of-vermont,Butterfly Bakery of Vermont,dutchess-mystery-pepper-single-varietal,Dutchess Mystery Pepper Single Varietal Hot Sauce,,,,,retail_listing,https://butterflybakeryvt.com/products/dutchess-mystery-pepper-single-varietal-hot-sauce,11.00,USD,https://butterflybakeryvt.com/products/dutchess-mystery-pepper-single-varietal-hot-sauce,True,butterflybakeryvt.com,2026-09-19T11:09:45.470554Z,2026-09-19T14:01:06.545048Z,sauce-names-1,sauce-match-1,rule:sauce-structured-1,shopify,1,2_longtail,,False,0,,single_source:shopify,0,,,v1
sauce:butterfly-bakery-of-vermont|elderflower-ghost,butterfly-bakery-of-vermont,Butterfly Bakery of Vermont,elderflower-ghost,Elderflower Ghost Hot Sauce,,,,,retail_listing,https://butterflybakeryvt.com/products/elderflower-ghost,11.00,USD,https://butterflybakeryvt.com/products/elderflower-ghost,True,butterflybakeryvt.com,2026-09-19T11:09:45.470554Z,2026-09-19T14:01:06.545048Z,sauce-names-1,sauce-match-1,rule:sauce-structured-1,shopify,1,2_longtail,,False,0,,single_source:shopify,0,,,v1
sauce:butterfly-bakery-of-vermont|garlic-ginger-fermented-serrano,butterfly-bakery-of-vermont,Butterfly Bakery of Vermont,garlic-ginger-fermented-serrano,Garlic Ginger Fermented Serrano Hot Sauce,,,,,retail_listing,https://butterflybakeryvt.com/products/garlic-ginger-fermented-serrano-hot-sauce,11.00,USD,https://butterflybakeryvt.com/products/garlic-ginger-fermented-serrano-hot-sauce,True,butterflybakeryvt.com,2026-09-19T11:09:45.470554Z,2026-09-19T14:01:06.545048Z,sauce-names-1,sauce-match-1,rule:sauce-structured-1,shopify,1,2_longtail,,False,0,,single_source:shopify,0,,,v1
sauce:butterfly-bakery-of-vermont|go-green-hot-sauce-set,butterfly-bakery-of-vermont,Butterfly Bakery of Vermont,go-green-hot-sauce-set,Go Green Hot Sauce Set,,,,,unknown,https://butterflybakeryvt.com/products/go-green,30.00,USD,https://butterflybakeryvt.com/products/go-green,False,butterflybakeryvt.com,2026-09-19T11:09:45.470554Z,2026-09-19T14:01:06.545048Z,sauce-names-1,sauce-match-1,rule:sauce-structured-1,shopify,1,2_longtail,,False,0,,single_source:shopify,0,,,v1
sauce:butterfly-bakery-of-vermont|heady-topper,butterfly-bakery-of-vermont,Butterfly Bakery of Vermont,heady-topper,Heady Topper Hot Sauce,,,,,retail_listing,https://butterflybakeryvt.com/products/heady-topper-hot-sauce,11.00,USD,https://butterflybakeryvt.com/products/heady-topper-hot-sauce,True,butterflybakeryvt.com,2026-09-19T11:09:45.470554Z,2026-09-19T14:01:06.545048Z,sauce-names-1,sauce-match-1,rule:sauce-structured-1,shopify,1,2_longtail,,False,0,,single_source:shopify,0,,,v1
sauce:butterfly-bakery-of-vermont|honey-habanero-strawberry,butterfly-bakery-of-vermont,Butterfly Bakery of Vermont,honey-habanero-strawberry,Honey Habanero Strawberry Hot Sauce,,,,,retail_listing,https://butterflybakeryvt.com/products/honey-habanero-strawberry-hot-sauce,11.00,USD,https://butterflybakeryvt.com/products/honey-habanero-strawberry-hot-sauce,True,butterflybakeryvt.com,2026-09-19T11:09:45.470554Z,2026-09-19T14:01:06.545048Z,sauce-names-1,sauce-match-1,rule:sauce-structured-1,shopify,1,2_longtail,,False,0,,single_source:shopify,0,,,v1
sauce:butterfly-bakery-of-vermont|hot-house,butterfly-bakery-of-vermont,Butterfly Bakery of Vermont,hot-house,Hot House Hot Sauce,,,,,retail_listing,https://butterflybakeryvt.com/products/hot-house-hot-sauce,6.00,USD,https://butterflybakeryvt.com/products/hot-house-hot-sauce,True,butterflybakeryvt.com,2026-09-19T11:09:45.470554Z,2026-09-19T14:01:06.545048Z,sauce-names-1,sauce-match-1,rule:sauce-structured-1,shopify,1,2_longtail,,True,1,sauce:butterfly-bakery|hot-house,single_source:shopify,0,,,v1
sauce:butterfly-bakery-of-vermont|hot-sauce-of-the-season,butterfly-bakery-of-vermont,Butterfly Bakery of Vermont,hot-sauce-of-the-season,Hot Sauce of the Season,,,,,retail_listing,https://butterflybakeryvt.com/products/hot-sauce-of-the-season,156.00,USD,https://butterflybakeryvt.com/products/hot-sauce-of-the-season,True,butterflybakeryvt.com,2026-09-19T11:09:45.470554Z,2026-09-19T14:01:06.545048Z,sauce-names-1,sauce-match-1,rule:sauce-structured-1,shopify,1,2_longtail,,False,0,,single_source:shopify,0,,,v1
sauce:butterfly-bakery-of-vermont|maple-sparkle-sriracha-pride,butterfly-bakery-of-vermont,Butterfly Bakery of Vermont,maple-sparkle-sriracha-pride,Maple Sparkle Sriracha Pride Hot Sauce,,,,,unknown,https://butterflybakeryvt.com/products/limited-maple-sparkle-sriracha-pride-hot-sauce,11.00,USD,https://butterflybakeryvt.com/products/limited-maple-sparkle-sriracha-pride-hot-sauce,False,butterflybakeryvt.com,2026-09-19T11:09:45.470554Z,2026-09-19T14:01:06.545048Z,sauce-names-1,sauce-match-1,rule:sauce-structured-1,shopify,1,2_longtail,,False,0,,single_source:shopify,0,,,v1
sauce:butterfly-bakery-of-vermont|maple-pear-scotch-bonnet,butterfly-bakery-of-vermont,Butterfly Bakery of Vermont,maple-pear-scotch-bonnet,Maple Pear Scotch Bonnet Hot Sauce,,,,,retail_listing,https://butterflybakeryvt.com/products/maple-pear-scotch-bonnet-hot-sauce,11.00,USD,https://butterflybakeryvt.com/products/maple-pear-scotch-bonnet-hot-sauce,True,butterflybakeryvt.com,2026-09-19T11:09:45.470554Z,2026-09-19T14:01:06.545048Z,sauce-names-1,sauce-match-1,rule:sauce-structured-1,shopify,1,2_longtail,,False,0,,single_source:shopify,0,,,v1
sauce:butterfly-bakery-of-vermont|maple-rum-chipotle,butterfly-bakery-of-vermont,Butterfly Bakery of Vermont,maple-rum-chipotle,Maple Rum Chipotle Hot Sauce,,,,,unknown,https://butterflybakeryvt.com/products/maple-rum-chipotle-hot-sauce,11.00,USD,https://butterflybakeryvt.com/products/maple-rum-chipotle-hot-sauce,False,butterflybakeryvt.com,2026-09-19T11:09:45.470554Z,2026-09-19T14:01:06.545048Z,sauce-names-1,sauce-match-1,rule:sauce-structured-1,shopify,1,2_longtail,,False,0,,single_source:shopify,0,,,v1
sauce:butterfly-bakery-of-vermont|maple-sugar-shack-sriracha,butterfly-bakery-of-vermont,Butterfly Bakery of Vermont,maple-sugar-shack-sriracha,Maple Sugar Shack Sriracha Hot Sauce,,,,,retail_listing,https://butterflybakeryvt.com/products/maple-sugar-shack-sriracha-hot-sauce,6.00,USD,https://butterflybakeryvt.com/products/maple-sugar-shack-sriracha-hot-sauce,True,butterflybakeryvt.com,2026-09-19T11:09:45.470554Z,2026-09-19T14:01:06.545048Z,sauce-names-1,sauce-match-1,rule:sauce-structured-1,shopify,1,2_longtail,,False,0,,single_source:shopify,0,,,v1
sauce:butterfly-bakery-of-vermont|maple-wood-smoked-onion,butterfly-bakery-of-vermont,Butterfly Bakery of Vermont,maple-wood-smoked-onion,Maple Wood Smoked Onion Hot Sauce,,,,,retail_listing,https://butterflybakeryvt.com/products/maplewood-smoked-onion-hot-sauce,6.00,USD,https://butterflybakeryvt.com/products/maplewood-smoked-onion-hot-sauce,True,butterflybakeryvt.com,2026-09-19T11:09:45.470554Z,2026-09-19T14:01:06.545048Z,sauce-names-1,sauce-match-1,rule:sauce-structured-1,shopify,1,2_longtail,,False,0,,single_source:shopify,0,,,v1
sauce:butterfly-bakery-of-vermont|onion-dill-jalapeno,butterfly-bakery-of-vermont,Butterfly Bakery of Vermont,onion-dill-jalapeno,Onion Dill Jalapeño Hot Sauce,,,,,retail_listing,https://butterflybakeryvt.com/products/onion-jalapeno-dill-hot-sauce,11.00,USD,https://butterflybakeryvt.com/products/onion-jalapeno-dill-hot-sauce,True,butterflybakeryvt.com,2026-09-19T11:09:45.470554Z,2026-09-19T14:01:06.545048Z,sauce-names-1,sauce-match-1,rule:sauce-structured-1,shopify,1,2_longtail,,False,0,,single_source:shopify,0,,,v1
sauce:butterfly-bakery-of-vermont|ooh-la-la-a-guster,butterfly-bakery-of-vermont,Butterfly Bakery of Vermont,ooh-la-la-a-guster,Ooh La La - A Guster Hot Sauce,,,,,retail_listing,https://butterflybakeryvt.com/products/ooh-la-la-hot-sauce,11.00,USD,https://butterflybakeryvt.com/products/ooh-la-la-hot-sauce,True,butterflybakeryvt.com,2026-09-19T11:09:45.470554Z,2026-09-19T14:01:06.545048Z,sauce-names-1,sauce-match-1,rule:sauce-structured-1,shopify,1,2_longtail,,False,0,,single_source:shopify,0,,,v1
sauce:butterfly-bakery-of-vermont|pride-pack,butterfly-bakery-of-vermont,Butterfly Bakery of Vermont,pride-pack,Pride Pack 🌈,,,,,unknown,https://butterflybakeryvt.com/products/pride-pack,35.00,USD,https://butterflybakeryvt.com/products/pride-pack,False,butterflybakeryvt.com,2026-09-19T11:09:45.470554Z,2026-09-19T14:01:06.545048Z,sauce-names-1,sauce-match-1,rule:sauce-structured-1,shopify,1,2_longtail,,False,0,,single_source:shopify,0,,,v1
sauce:butterfly-bakery-of-vermont|quill-hill-farm-ghost-single-varietal,butterfly-bakery-of-vermont,Butterfly Bakery of Vermont,quill-hill-farm-ghost-single-varietal,Quill Hill Farm Ghost Single Varietal Hot Sauce,,,,,retail_listing,https://butterflybakeryvt.com/products/quill-hill-farm-ghost-hot-sauce,11.00,USD,https://butterflybakeryvt.com/products/quill-hill-farm-ghost-hot-sauce,True,butterflybakeryvt.com,2026-09-19T11:09:45.470554Z,2026-09-19T14:01:06.545048Z,sauce-names-1,sauce-match-1,rule:sauce-structured-1,shopify,1,2_longtail,,False,0,,single_source:shopify,0,,,v1
sauce:butterfly-bakery-of-vermont|red-ghost-reaper,butterfly-bakery-of-vermont,Butterfly Bakery of Vermont,red-ghost-reaper,Red Ghost Reaper Hot Sauce,,,,,retail_listing,https://butterflybakeryvt.com/products/red-ghost-reaper-hot-sauce,11.00,USD,https://butterflybakeryvt.com/products/red-ghost-reaper-hot-sauce,True,butterflybakeryvt.com,2026-09-19T11:09:45.470554Z,2026-09-19T14:01:06.545048Z,sauce-names-1,sauce-match-1,rule:sauce-structured-1,shopify,1,2_longtail,,False,0,,single_source:shopify,0,,,v1
sauce:butterfly-bakery-of-vermont|rhubarb-ginger,butterfly-bakery-of-vermont,Butterfly Bakery of Vermont,rhubarb-ginger,Rhubarb Ginger Hot Sauce,,,,,retail_listing,https://butterflybakeryvt.com/products/rhubarb-ginger-hot-sauce,11.00,USD,https://butterflybakeryvt.com/products/rhubarb-ginger-hot-sauce,True,butterflybakeryvt.com,2026-09-19T11:09:45.470554Z,2026-09-19T14:01:06.545048Z,sauce-names-1,sauce-match-1,rule:sauce-structured-1,shopify,1,2_longtail,,False,0,,single_source:shopify,0,,,v1
sauce:butterfly-bakery-of-vermont|scape-lime-serrano,butterfly-bakery-of-vermont,Butterfly Bakery of Vermont,scape-lime-serrano,Scape Lime Serrano Hot Sauce,,,,,retail_listing,https://butterflybakeryvt.com/products/scape-lime-serrano-hot-sauce,11.00,USD,https://butterflybakeryvt.com/products/scape-lime-serrano-hot-sauce,True,butterflybakeryvt.com,2026-09-19T11:09:45.470554Z,2026-09-19T14:01:06.545048Z,sauce-names-1,sauce-match-1,rule:sauce-structured-1,shopify,1,2_longtail,,False,0,,single_source:shopify,0,,,v1
sauce:butterfly-bakery-of-vermont|scape,butterfly-bakery-of-vermont,Butterfly Bakery of Vermont,scape,Scape Sauce,,,,,retail_listing,https://butterflybakeryvt.com/products/scape-sauce,6.00,USD,https://butterflybakeryvt.com/products/scape-sauce,True,butterflybakeryvt.com,2026-09-19T11:09:45.470554Z,2026-09-19T14:01:06.545048Z,sauce-names-1,sauce-match-1,rule:sauce-structured-1,shopify,1,2_longtail,,False,0,,single_source:shopify,0,,,v1
sauce:butterfly-bakery-of-vermont|signature-hot-sauce-sampler,butterfly-bakery-of-vermont,Butterfly Bakery of Vermont,signature-hot-sauce-sampler,Signature Hot Sauce Sampler,,,,,retail_listing,https://butterflybakeryvt.com/products/signature-series-hot-sauce-sampler,35.00,USD,https://butterflybakeryvt.com/products/signature-series-hot-sauce-sampler,True,butterflybakeryvt.com,2026-09-19T11:09:45.470554Z,2026-09-19T14:01:06.545048Z,sauce-names-1,sauce-match-1,rule:sauce-structured-1,shopify,1,2_longtail,,False,0,,single_source:shopify,0,,,v1
sauce:butterfly-bakery-of-vermont|rum-barrel-fermented-smoked-jalapeno,butterfly-bakery-of-vermont,Butterfly Bakery of Vermont,rum-barrel-fermented-smoked-jalapeno,Rum Barrel Fermented Smoked Jalapeno Hot Sauce,,,,,unknown,https://butterflybakeryvt.com/products/smoked-jalapeno-rumcask,15.00,USD,https://butterflybakeryvt.com/products/smoked-jalapeno-rumcask,False,butterflybakeryvt.com,2026-09-19T11:09:45.470554Z,2026-09-19T14:01:06.545048Z,sauce-names-1,sauce-match-1,rule:sauce-structured-1,shopify,1,2_longtail,,False,0,,single_source:shopify,0,,,v1
sauce:butterfly-bakery-of-vermont|smoked-onion-maple-habanero,butterfly-bakery-of-vermont,Butterfly Bakery of Vermont,smoked-onion-maple-habanero,Smoked Onion Maple Habanero Hot Sauce,,,,,retail_listing,https://butterflybakeryvt.com/products/smoked-onion-maple-habanero-hot-sauce,11.00,USD,https://butterflybakeryvt.com/products/smoked-onion-maple-habanero-hot-sauce,True,butterflybakeryvt.com,2026-09-19T11:09:45.470554Z,2026-09-19T14:01:06.545048Z,sauce-names-1,sauce-match-1,rule:sauce-structured-1,shopify,1,2_longtail,,False,0,,single_source:shopify,0,,,v1
sauce:butterfly-bakery-of-vermont|smoked-serrano-squash-reaper-x,butterfly-bakery-of-vermont,Butterfly Bakery of Vermont,smoked-serrano-squash-reaper-x,Smoked Serrano Squash Reaper X Hot Sauce,,,,,retail_listing,https://butterflybakeryvt.com/products/smoked-serrano-squash-reaper-x-hot-sauce,15.00,USD,https://butterflybakeryvt.com/products/smoked-serrano-squash-reaper-x-hot-sauce,True,butterflybakeryvt.com,2026-09-19T11:09:45.470554Z,2026-09-19T14:01:06.545048Z,sauce-names-1,sauce-match-1,rule:sauce-structured-1,shopify,1,2_longtail,,True,1,sauce:butterfly-bakery|smoked-serrano-squash-reaper-x,single_source:shopify,0,,,v1
sauce:butterfly-bakery-of-vermont|super-hot-odds-and-ends,butterfly-bakery-of-vermont,Butterfly Bakery of Vermont,super-hot-odds-and-ends,Super Hot Odds and Ends Hot Sauce,,,,,retail_listing,https://butterflybakeryvt.com/products/super-hot-odds-and-ends,11.00,USD,https://butterflybakeryvt.com/products/super-hot-odds-and-ends,True,butterflybakeryvt.com,2026-09-19T11:09:45.470554Z,2026-09-19T14:01:06.545048Z,sauce-names-1,sauce-match-1,rule:sauce-structured-1,shopify,1,2_longtail,,False,0,,single_source:shopify,0,,,v1
sauce:butterfly-bakery-of-vermont|taco-vibes-only,butterfly-bakery-of-vermont,Butterfly Bakery of Vermont,taco-vibes-only,Taco Vibes Only Hot Sauce,,,,,retail_listing,https://butterflybakeryvt.com/products/tacovibesonly,8.00,USD,https://butterflybakeryvt.com/products/tacovibesonly,True,butterflybakeryvt.com,2026-09-19T11:09:45.470554Z,2026-09-19T14:01:06.545048Z,sauce-names-1,sauce-match-1,rule:sauce-structured-1,shopify,1,2_longtail,,True,1,sauce:butterfly-backery-of-vermont|taco-vibes-only,single_source:shopify,0,,,v1
sauce:butterfly-bakery-of-vermont|teetotaler-hot-sauce-set,butterfly-bakery-of-vermont,Butterfly Bakery of Vermont,teetotaler-hot-sauce-set,Teetotaler Hot Sauce Set,,,,,retail_listing,https://butterflybakeryvt.com/products/teetotaler-hot-sauce-set,41.00,USD,https://butterflybakeryvt.com/products/teetotaler-hot-sauce-set,True,butterflybakeryvt.com,2026-09-19T11:09:45.470554Z,2026-09-19T14:01:06.545048Z,sauce-names-1,sauce-match-1,rule:sauce-structured-1,shopify,1,2_longtail,,False,0,,single_source:shopify,0,,,v1
sauce:butterfly-bakery-of-vermont|tomato-corn-chipotle,butterfly-bakery-of-vermont,Butterfly Bakery of Vermont,tomato-corn-chipotle,Tomato Corn Chipotle Hot Sauce,,,,,retail_listing,https://butterflybakeryvt.com/products/tomato-corn-chipotle-hot-sauce,11.00,USD,https://butterflybakeryvt.com/products/tomato-corn-chipotle-hot-sauce,True,butterflybakeryvt.com,2026-09-19T11:09:45.470554Z,2026-09-19T14:01:06.545048Z,sauce-names-1,sauce-match-1,rule:sauce-structured-1,shopify,1,2_longtail,,False,0,,single_source:shopify,0,,,v1
sauce:butterfly-bakery-of-vermont|tomato-ghost-eggplant,butterfly-bakery-of-vermont,Butterfly Bakery of Vermont,tomato-ghost-eggplant,Tomato Ghost Eggplant Hot Sauce,,,,,retail_listing,https://butterflybakeryvt.com/products/tomato-ghost-eggplant-hot-sauce,11.00,USD,https://butterflybakeryvt.com/products/tomato-ghost-eggplant-hot-sauce,True,butterflybakeryvt.com,2026-09-19T11:09:45.470554Z,2026-09-19T14:01:06.545048Z,sauce-names-1,sauce-match-1,rule:sauce-structured-1,shopify,1,2_longtail,,False,0,,single_source:shopify,0,,,v1
sauce:butterfly-bakery-of-vermont|vermont-habs,butterfly-bakery-of-vermont,Butterfly Bakery of Vermont,vermont-habs,Vermont Habs Hot Sauce,,,,,retail_listing,https://butterflybakeryvt.com/products/vermont-habs-hot-sauce,11.00,USD,https://butterflybakeryvt.com/products/vermont-habs-hot-sauce,True,butterflybakeryvt.com,2026-09-19T11:09:45.470554Z,2026-09-19T14:01:06.545048Z,sauce-names-1,sauce-match-1,rule:sauce-structured-1,shopify,1,2_longtail,,False,0,,single_source:shopify,0,,,v1
sauce:butterfly-bakery-of-vermont|vermont-paprika,butterfly-bakery-of-vermont,Butterfly Bakery of Vermont,vermont-paprika,Vermont Paprika Hot Sauce,,,,,retail_listing,https://butterflybakeryvt.com/products/vermont-paprika-hot-sauce,11.00,USD,https://butterflybakeryvt.com/products/vermont-paprika-hot-sauce,True,butterflybakeryvt.com,2026-09-19T11:09:45.470554Z,2026-09-19T14:01:06.545048Z,sauce-names-1,sauce-match-1,rule:sauce-structured-1,shopify,1,2_longtail,,False,0,,single_source:shopify,0,,,v1
sauce:butterfly-bakery|smoked-serrano-squash-reaper-x,butterfly-bakery,Butterfly Bakery,smoked-serrano-squash-reaper-x,Smoked Serrano Squash Reaper X,,,,,retail_listing,https://heatonist.com/products/smoked-serrano-squash-reaper-x-hot-sauce-butterfly-bakery,14.99,USD,https://heathotsauce.com/products/butterfly-bakery-smoked-serrano-squash-reaper-x,True,heathotsauce.com,2026-09-19T11:09:45.470554Z,2026-09-19T14:01:06.545048Z,sauce-names-1,sauce-match-1,rule:sauce-structured-1,shopify,1,2_longtail,,True,1,sauce:butterfly-bakery-of-vermont|smoked-serrano-squash-reaper-x,single_source:shopify,0,,,v1
sauce:butterfly-bakery|mellow-vibes-only,butterfly-bakery,Butterfly Bakery,mellow-vibes-only,Mellow Vibes Only,,,,,retail_listing,https://heathotsauce.com/products/mellow-vibes-only,9.99,USD,https://heathotsauce.com/products/mellow-vibes-only,True,heathotsauce.com,2026-09-19T13:52:25.427841Z,2026-09-19T14:01:06.545048Z,sauce-names-1,sauce-match-1,rule:sauce-structured-1,shopify,1,2_longtail,,True,1,sauce:butterfly-bakery-of-vermont|mellow-vibes-only,single_source:shopify,0,,,v1
sauce:butterfly-bakery|hot-house,butterfly-bakery,Butterfly Bakery,hot-house,Hot House Hot Sauce,,,,,retail_listing,https://heatonist.com/products/butterfly-bakery-hot-house-hot-sauce,7.00,USD,https://heatonist.com/products/butterfly-bakery-hot-house-hot-sauce,True,heatonist.com,2026-09-19T11:09:45.470554Z,2026-09-19T14:01:06.545048Z,sauce-names-1,sauce-match-1,rule:sauce-structured-1,shopify,1,2_longtail,,True,1,sauce:butterfly-bakery-of-vermont|hot-house,single_source:shopify,0,,,v1
sauce:butterfly-bakery|mellow-vibes,butterfly-bakery,Butterfly Bakery,mellow-vibes,Mellow Vibes,,,,,retail_listing,https://heatonist.com/products/butterfly-bakery-mellow-vibes-hot-sauce,12.00,USD,https://heatonist.com/products/butterfly-bakery-mellow-vibes-hot-sauce,True,heatonist.com,2026-09-19T11:09:45.470554Z,2026-09-19T14:01:06.545048Z,sauce-names-1,sauce-match-1,rule:sauce-structured-1,shopify,1,2_longtail,,False,0,,single_source:shopify,0,,,v1
sauce:butterfly-bakery|hot-house-hot-sauce-c,butterfly-bakery,Butterfly Bakery,hot-house-hot-sauce-c,| Hot House Hot Sauce-C,,,,,retail_listing,https://heatonist.com/products/butterfly-bakery-tomato-herb-serrano-c,8.00,USD,https://heatonist.com/products/butterfly-bakery-tomato-herb-serrano-c,True,heatonist.com,2026-09-19T11:09:45.470554Z,2026-09-19T14:01:06.545048Z,sauce-names-1,sauce-match-1,rule:sauce-structured-1,shopify,1,2_longtail,,False,0,,single_source:shopify,0,,,v1
sauce:butterfly-bakery|maple-smoked-basil-lime,butterfly-bakery,Butterfly Bakery,maple-smoked-basil-lime,Maple Smoked Basil Lime,,,,,retail_listing,https://heatonist.com/products/maple-smoked-basil-lime-butterfly-bakery,12.00,USD,https://heatonist.com/products/maple-smoked-basil-lime-butterfly-bakery,True,heatonist.com,2026-09-19T11:09:45.470554Z,2026-09-19T14:01:06.545048Z,sauce-names-1,sauce-match-1,rule:sauce-structured-1,shopify,1,2_longtail,,False,0,,single_source:shopify,0,,,v1
sauce:butterfly-bakery|smoked-serrano-squash-reaper-x-butterfly-bakery-c,butterfly-bakery,Butterfly Bakery,smoked-serrano-squash-reaper-x-butterfly-bakery-c,Smoked Serrano Squash Reaper X | Butterfly Bakery -C,,,,,retail_listing,https://heatonist.com/products/smoked-serrano-squash-reaper-x-butterfly-bakery-c-1,7.15,USD,https://heatonist.com/products/smoked-serrano-squash-reaper-x-butterfly-bakery-c-1,True,heatonist.com,2026-09-19T11:09:45.470554Z,2026-09-19T14:01:06.545048Z,sauce-names-1,sauce-match-1,rule:sauce-structured-1,shopify,1,2_longtail,,False,0,,single_source:shopify,0,,,v1
sauce:california-hot-sauce-solutions|j-s-small-batch-bean-chili,california-hot-sauce-solutions,California Hot Sauce Solutions,j-s-small-batch-bean-chili,J's Small Batch - BEAN Chili Sauce,,,,,retail_listing,https://californiahotsaucesolutions.com/products/bean-chili-sauce,10.95,USD,https://californiahotsaucesolutions.com/products/bean-chili-sauce,True,californiahotsaucesolutions.com,2026-09-19T11:09:45.470554Z,2026-09-19T14:01:06.545048Z,sauce-names-1,sauce-match-1,rule:sauce-structured-1,shopify,1,2_longtail,,False,0,,single_source:shopify,0,,,v1
sauce:california-hot-sauce-solutions|chss-calexico-rojo,california-hot-sauce-solutions,California Hot Sauce Solutions,chss-calexico-rojo,CHSS - Calexico Rojo Hot Sauce,,,,,retail_listing,https://californiahotsaucesolutions.com/products/calexico-sauce,10.95,USD,https://californiahotsaucesolutions.com/products/calexico-sauce,True,californiahotsaucesolutions.com,2026-09-19T11:09:45.470554Z,2026-09-19T14:01:06.545048Z,sauce-names-1,sauce-match-1,rule:sauce-structured-1,shopify,1,2_longtail,,False,0,,single_source:shopify,0,,,v1
sauce:california-hot-sauce-solutions|paulman-acre-don-t-pear-the-reaper,california-hot-sauce-solutions,California Hot Sauce Solutions,paulman-acre-don-t-pear-the-reaper,Paulman Acre - Don’t Pear the Reaper Hot Sauce,,,,,retail_listing,https://californiahotsaucesolutions.com/products/don-t-pear-the-reaper-a-carolina-reaper-hot-sauce,10.95,USD,https://californiahotsaucesolutions.com/products/don-t-pear-the-reaper-a-carolina-reaper-hot-sauce,True,californiahotsaucesolutions.com,2026-09-19T11:09:45.470554Z,2026-09-19T14:01:06.545048Z,sauce-names-1,sauce-match-1,rule:sauce-structured-1,shopify,1,2_longtail,,False,0,,single_source:shopify,0,,,v1
sauce:california-hot-sauce-solutions|chss-el-tapalula,california-hot-sauce-solutions,California Hot Sauce Solutions,chss-el-tapalula,CHSS - El Tapalula Hot Sauce,,,,,retail_listing,https://californiahotsaucesolutions.com/products/el-tapalula,6.95,USD,https://californiahotsaucesolutions.com/products/el-tapalula,True,californiahotsaucesolutions.com,2026-09-19T11:09:45.470554Z,2026-09-19T14:01:06.545048Z,sauce-names-1,sauce-match-1,rule:sauce-structured-1,shopify,1,2_longtail,,False,0,,single_source:shopify,0,,,v1
sauce:california-hot-sauce-solutions|chss-el-tapalula-hot-sauce-4-pack,california-hot-sauce-solutions,California Hot Sauce Solutions,chss-el-tapalula-hot-sauce-4-pack,CHSS - El Tapalula Hot Sauce 4-Pack,,,,,retail_listing,https://californiahotsaucesolutions.com/products/el-tapalula-test-copy,22.00,USD,https://californiahotsaucesolutions.com/products/el-tapalula-test-copy,True,californiahotsaucesolutions.com,2026-09-19T11:09:45.470554Z,2026-09-19T14:01:06.545048Z,sauce-names-1,sauce-match-1,rule:sauce-structured-1,shopify,1,2_longtail,,False,0,,single_source:shopify,0,,,v1
sauce:california-hot-sauce-solutions|paulman-acre-electric-pumpkin,california-hot-sauce-solutions,California Hot Sauce Solutions,paulman-acre-electric-pumpkin,Paulman Acre - Electric Pumpkin Hot Sauce,,,,,unknown,https://californiahotsaucesolutions.com/products/electric-pumpkin,10.95,USD,https://californiahotsaucesolutions.com/products/electric-pumpkin,False,californiahotsaucesolutions.com,2026-09-19T11:09:45.470554Z,2026-09-19T14:01:06.545048Z,sauce-names-1,sauce-match-1,rule:sauce-structured-1,shopify,1,2_longtail,,False,0,,single_source:shopify,0,,,v1
sauce:california-hot-sauce-solutions|paulman-acre-fermented-garlic,california-hot-sauce-solutions,California Hot Sauce Solutions,paulman-acre-fermented-garlic,Paulman Acre - Fermented Garlic Hot Sauce,,,,,retail_listing,https://californiahotsaucesolutions.com/products/fermented-garlic-hot-sauce,10.95,USD,https://californiahotsaucesolutions.com/products/fermented-garlic-hot-sauce,True,californiahotsaucesolutions.com,2026-09-19T11:09:45.470554Z,2026-09-19T14:01:06.545048Z,sauce-names-1,sauce-match-1,rule:sauce-structured-1,shopify,1,2_longtail,,False,0,,single_source:shopify,0,,,v1
sauce:california-hot-sauce-solutions|j-s-small-batch-fire-truck,california-hot-sauce-solutions,California Hot Sauce Solutions,j-s-small-batch-fire-truck,J's Small Batch - Fire Truck Hot Sauce,,,,,retail_listing,https://californiahotsaucesolutions.com/products/fire-truck,10.95,USD,https://californiahotsaucesolutions.com/products/fire-truck,True,californiahotsaucesolutions.com,2026-09-19T11:09:45.470554Z,2026-09-19T14:01:06.545048Z,sauce-names-1,sauce-match-1,rule:sauce-structured-1,shopify,1,2_longtail,,False,0,,single_source:shopify,0,,,v1
sauce:california-hot-sauce-solutions|chssxhdsc-green-moe-rockin,california-hot-sauce-solutions,California Hot Sauce Solutions,chssxhdsc-green-moe-rockin,CHSSxHDSC - Green Moe Rockin’ Hot Sauce,,,,,unknown,https://californiahotsaucesolutions.com/products/green-moe-rockin-1,11.95,USD,https://californiahotsaucesolutions.com/products/green-moe-rockin-1,False,californiahotsaucesolutions.com,2026-09-19T11:09:45.470554Z,2026-09-19T14:01:06.545048Z,sauce-names-1,sauce-match-1,rule:sauce-structured-1,shopify,1,2_longtail,,False,0,,single_source:shopify,0,,,v1
sauce:california-hot-sauce-solutions|paulman-acre-grilled-nopales,california-hot-sauce-solutions,California Hot Sauce Solutions,paulman-acre-grilled-nopales,Paulman Acre - Grilled Nopales Hot Sauce,,,,,retail_listing,https://californiahotsaucesolutions.com/products/grilled-nopales,10.95,USD,https://californiahotsaucesolutions.com/products/grilled-nopales,True,californiahotsaucesolutions.com,2026-09-19T11:09:45.470554Z,2026-09-19T14:01:06.545048Z,sauce-names-1,sauce-match-1,rule:sauce-structured-1,shopify,1,2_longtail,,False,0,,single_source:shopify,0,,,v1
sauce:california-hot-sauce-solutions|new-j-s-small-batch-lime-inna-coconut,california-hot-sauce-solutions,California Hot Sauce Solutions,new-j-s-small-batch-lime-inna-coconut,NEW! J's Small Batch - Lime Inna Coconut,,,,,retail_listing,https://californiahotsaucesolutions.com/products/js-small-batch-lime-inna-coconut,12.95,USD,https://californiahotsaucesolutions.com/products/js-small-batch-lime-inna-coconut,True,californiahotsaucesolutions.com,2026-09-19T11:09:45.470554Z,2026-09-19T14:01:06.545048Z,sauce-names-1,sauce-match-1,rule:sauce-structured-1,shopify,1,2_longtail,,False,0,,single_source:shopify,0,,,v1
sauce:california-hot-sauce-solutions|chss-mexicali-verde,california-hot-sauce-solutions,California Hot Sauce Solutions,chss-mexicali-verde,CHSS - Mexicali Verde Hot Sauce,,,,,unknown,https://californiahotsaucesolutions.com/products/mexicali-sauce,10.95,USD,https://californiahotsaucesolutions.com/products/mexicali-sauce,False,californiahotsaucesolutions.com,2026-09-19T11:09:45.470554Z,2026-09-19T14:01:06.545048Z,sauce-names-1,sauce-match-1,rule:sauce-structured-1,shopify,1,2_longtail,,False,0,,single_source:shopify,0,,,v1
sauce:california-hot-sauce-solutions|j-s-small-batch-raisin-the-bar,california-hot-sauce-solutions,California Hot Sauce Solutions,j-s-small-batch-raisin-the-bar,J's Small Batch - Raisin the Bar Hot Sauce,,,,,retail_listing,https://californiahotsaucesolutions.com/products/raisin-the-bar,14.95,USD,https://californiahotsaucesolutions.com/products/raisin-the-bar,True,californiahotsaucesolutions.com,2026-09-19T11:09:45.470554Z,2026-09-19T14:01:06.545048Z,sauce-names-1,sauce-match-1,rule:sauce-structured-1,shopify,1,2_longtail,,False,0,,single_source:shopify,0,,,v1
sauce:california-hot-sauce-solutions|paulman-acre-roasted-garlic,california-hot-sauce-solutions,California Hot Sauce Solutions,paulman-acre-roasted-garlic,Paulman Acre - Roasted Garlic Hot Sauce,,,,,unknown,https://californiahotsaucesolutions.com/products/roasted-garlic-hot-sauce,11.95,USD,https://californiahotsaucesolutions.com/products/roasted-garlic-hot-sauce,False,californiahotsaucesolutions.com,2026-09-19T11:09:45.470554Z,2026-09-19T14:01:06.545048Z,sauce-names-1,sauce-match-1,rule:sauce-structured-1,shopify,1,2_longtail,,False,0,,single_source:shopify,0,,,v1
sauce:california-hot-sauce-solutions|j-s-small-batch-rock-hill-red-hot-sauce,california-hot-sauce-solutions,California Hot Sauce Solutions,j-s-small-batch-rock-hill-red-hot-sauce,J's Small Batch - Rock Hill Red Hot Sauce ( ),2oz,,,,retail_listing,https://californiahotsaucesolutions.com/products/rock-hill-red-2oz,6.95,USD,https://californiahotsaucesolutions.com/products/rock-hill-red-2oz,True,californiahotsaucesolutions.com,2026-09-19T11:09:45.470554Z,2026-09-19T14:01:06.545048Z,sauce-names-1,sauce-match-1,rule:sauce-structured-1,shopify,1,2_longtail,,False,0,,single_source:shopify,0,,,v1
sauce:california-hot-sauce-solutions|chss-sir-atcha,california-hot-sauce-solutions,California Hot Sauce Solutions,chss-sir-atcha,CHSS - Sir Atcha Hot Sauce,,,,,retail_listing,https://californiahotsaucesolutions.com/products/sir-atcha,10.95,USD,https://californiahotsaucesolutions.com/products/sir-atcha,True,californiahotsaucesolutions.com,2026-09-19T11:09:45.470554Z,2026-09-19T14:01:06.545048Z,sauce-names-1,sauce-match-1,rule:sauce-structured-1,shopify,1,2_longtail,,False,0,,single_source:shopify,0,,,v1
sauce:california-hot-sauce-solutions|paulman-acre-smoke-a-peach,california-hot-sauce-solutions,California Hot Sauce Solutions,paulman-acre-smoke-a-peach,Paulman Acre - Smoke a Peach Hot Sauce,,,,,retail_listing,https://californiahotsaucesolutions.com/products/smoke-a-peach,10.95,USD,https://californiahotsaucesolutions.com/products/smoke-a-peach,True,californiahotsaucesolutions.com,2026-09-19T11:09:45.470554Z,2026-09-19T14:01:06.545048Z,sauce-names-1,sauce-match-1,rule:sauce-structured-1,shopify,1,2_longtail,,False,0,,single_source:shopify,0,,,v1
sauce:california-hot-sauce-solutions|paulman-acre-smoked-pepper,california-hot-sauce-solutions,California Hot Sauce Solutions,paulman-acre-smoked-pepper,Paulman Acre - Smoked Pepper Hot Sauce,,,,,retail_listing,https://californiahotsaucesolutions.com/products/smoked-pepper-hot-sauce,10.95,USD,https://californiahotsaucesolutions.com/products/smoked-pepper-hot-sauce,True,californiahotsaucesolutions.com,2026-09-19T11:09:45.470554Z,2026-09-19T14:01:06.545048Z,sauce-names-1,sauce-match-1,rule:sauce-structured-1,shopify,1,2_longtail,,False,0,,single_source:shopify,0,,,v1
sauce:california-hot-sauce-solutions|chss-la-pistola,california-hot-sauce-solutions,California Hot Sauce Solutions,chss-la-pistola,CHSS - La Pistola Hot Sauce,,,,,retail_listing,https://californiahotsaucesolutions.com/products/smoked-strawberry-habanero-sauce,10.95,USD,https://californiahotsaucesolutions.com/products/smoked-strawberry-habanero-sauce,True,californiahotsaucesolutions.com,2026-09-19T11:09:45.470554Z,2026-09-19T14:01:06.545048Z,sauce-names-1,sauce-match-1,rule:sauce-structured-1,shopify,1,2_longtail,,False,0,,single_source:shopify,0,,,v1
sauce:california-hot-sauce-solutions|j-s-small-batch-taco,california-hot-sauce-solutions,California Hot Sauce Solutions,j-s-small-batch-taco,J's Small Batch - Taco Hot Sauce,,,,,retail_listing,https://californiahotsaucesolutions.com/products/taco,8.95,USD,https://californiahotsaucesolutions.com/products/taco,True,californiahotsaucesolutions.com,2026-09-19T11:09:45.470554Z,2026-09-19T14:01:06.545048Z,sauce-names-1,sauce-match-1,rule:sauce-structured-1,shopify,1,2_longtail,,False,0,,single_source:shopify,0,,,v1
sauce:california-hot-sauce-solutions|j-s-small-batch-thai-d-down,california-hot-sauce-solutions,California Hot Sauce Solutions,j-s-small-batch-thai-d-down,J's Small Batch - Thai'd Down Hot Sauce,,,,,retail_listing,https://californiahotsaucesolutions.com/products/thaid-down,10.95,USD,https://californiahotsaucesolutions.com/products/thaid-down,True,californiahotsaucesolutions.com,2026-09-19T11:09:45.470554Z,2026-09-19T14:01:06.545048Z,sauce-names-1,sauce-match-1,rule:sauce-structured-1,shopify,1,2_longtail,,False,0,,single_source:shopify,0,,,v1
sauce:california-hot-sauce-solutions|j-s-small-batch-the-5th-henchman,california-hot-sauce-solutions,California Hot Sauce Solutions,j-s-small-batch-the-5th-henchman,J's Small Batch - The 5th Henchman Hot Sauce,,,,,retail_listing,https://californiahotsaucesolutions.com/products/the-5th-henchman,12.95,USD,https://californiahotsaucesolutions.com/products/the-5th-henchman,True,californiahotsaucesolutions.com,2026-09-19T11:09:45.470554Z,2026-09-19T14:01:06.545048Z,sauce-names-1,sauce-match-1,rule:sauce-structured-1,shopify,1,2_longtail,,False,0,,single_source:shopify,0,,,v1
sauce:california-hot-sauce-solutions|j-s-small-batch-the-exorcist,california-hot-sauce-solutions,California Hot Sauce Solutions,j-s-small-batch-the-exorcist,J's Small Batch - The Exorcist Hot Sauce,,,,,retail_listing,https://californiahotsaucesolutions.com/products/the-exorcist,13.95,USD,https://californiahotsaucesolutions.com/products/the-exorcist,True,californiahotsaucesolutions.com,2026-09-19T11:09:45.470554Z,2026-09-19T14:01:06.545048Z,sauce-names-1,sauce-match-1,rule:sauce-structured-1,shopify,1,2_longtail,,False,0,,single_source:shopify,0,,,v1
sauce:california-hot-sauce-solutions|j-s-small-batch-the-og,california-hot-sauce-solutions,California Hot Sauce Solutions,j-s-small-batch-the-og,J's Small Batch - The OG Hot Sauce,,,,,retail_listing,https://californiahotsaucesolutions.com/products/the-o-g,8.95,USD,https://californiahotsaucesolutions.com/products/the-o-g,True,californiahotsaucesolutions.com,2026-09-19T11:09:45.470554Z,2026-09-19T14:01:06.545048Z,sauce-names-1,sauce-match-1,rule:sauce-structured-1,shopify,1,2_longtail,,False,0,,single_source:shopify,0,,,v1
sauce:california-hot-sauce-solutions|chss-the-subtle-tease,california-hot-sauce-solutions,California Hot Sauce Solutions,chss-the-subtle-tease,CHSS - The Subtle Tease Hot Sauce,,,,,retail_listing,https://californiahotsaucesolutions.com/products/the-subtle-tease,10.95,USD,https://californiahotsaucesolutions.com/products/the-subtle-tease,True,californiahotsaucesolutions.com,2026-09-19T11:09:45.470554Z,2026-09-19T14:01:06.545048Z,sauce-names-1,sauce-match-1,rule:sauce-structured-1,shopify,1,2_longtail,,False,0,,single_source:shopify,0,,,v1
sauce:california-hot-sauce-solutions|el-tapalula,california-hot-sauce-solutions,California Hot Sauce Solutions,el-tapalula,El Tapalula Hot Sauce,,,,,retail_listing,https://heathotsauce.com/products/el-tapalula-hot-sauce,7.99,USD,https://heathotsauce.com/products/el-tapalula-hot-sauce,True,heathotsauce.com,2026-09-19T13:52:25.427841Z,2026-09-19T14:01:06.545048Z,sauce-names-1,sauce-match-1,rule:sauce-structured-1,shopify,1,2_longtail,,False,0,,single_source:shopify,0,,,v1
sauce:california-hot-sauce-solutions|mexicali,california-hot-sauce-solutions,California Hot Sauce Solutions,mexicali,Mexicali,,,,,retail_listing,https://heatonist.com/products/mexicali-california-hot-sauce-solutions,12.00,USD,https://heatonist.com/products/mexicali-california-hot-sauce-solutions,True,heatonist.com,2026-09-19T11:09:45.470554Z,2026-09-19T14:01:06.545048Z,sauce-names-1,sauce-match-1,rule:sauce-structured-1,shopify,1,2_longtail,,True,1,sauce:paulman-acre|mexicali,single_source:shopify,0,,,v1
sauce:cantina-royal|heatonist-no-eleven,cantina-royal,Cantina Royal,heatonist-no-eleven,HEATONIST No. Eleven,,,,,retail_listing,https://heatonist.com/products/heatonist-no-11-anniversary-hot-sauce,14.00,USD,https://heatonist.com/products/heatonist-no-11-anniversary-hot-sauce,True,heatonist.com,2026-09-19T11:09:45.470554Z,2026-09-19T14:01:06.545048Z,sauce-names-1,sauce-match-1,rule:sauce-structured-1,shopify,1,2_longtail,,False,0,,single_source:shopify,0,,,v1
sauce:caulfield-provision|minty-jalapeno-tomatillo,caulfield-provision,Caulfield Provision,minty-jalapeno-tomatillo,Minty Jalapeno Tomatillo Sauce,,,,,unknown,https://crafthotsauce.com/products/minty-jalapeno-tomatillo-sauce,7.00,USD,https://crafthotsauce.com/products/minty-jalapeno-tomatillo-sauce,False,crafthotsauce.com,2026-09-19T13:52:25.427841Z,2026-09-19T14:01:06.545048Z,sauce-names-1,sauce-match-1,rule:sauce-structured-1,shopify,1,2_longtail,,False,0,,single_source:shopify,0,,,v1
sauce:caulfield-provision|smokey-red-pepper-chipotle-sauce-56,caulfield-provision,Caulfield Provision,smokey-red-pepper-chipotle-sauce-56,Smokey Red Pepper Chipotle Sauce #56,,,,,unknown,https://crafthotsauce.com/products/smokey-red-pepper-chipotle-sauce,7.00,USD,https://crafthotsauce.com/products/smokey-red-pepper-chipotle-sauce,False,crafthotsauce.com,2026-09-19T13:52:25.427841Z,2026-09-19T14:01:06.545048Z,sauce-names-1,sauce-match-1,rule:sauce-structured-1,shopify,1,2_longtail,,False,0,,single_source:shopify,0,,,v1
sauce:char-man|caribbean,char-man,Char Man Brand,caribbean,Caribbean,,,,,unknown,https://crafthotsauce.com/products/char-man-caribbean,8.50,USD,https://crafthotsauce.com/products/char-man-caribbean,False,crafthotsauce.com,2026-09-19T13:52:25.427841Z,2026-09-19T14:01:06.545048Z,sauce-names-1,sauce-match-1,rule:sauce-structured-1,shopify,1,2_longtail,,True,2,sauce:el-yucateco-salsas-y-condimentos-s-a-de-c-v|caribbean|sauce:|caribbean,single_source:shopify,0,,,v1
sauce:char-man|original,char-man,Char Man Brand,original,Original,,,,,unknown,https://crafthotsauce.com/products/char-man-original,7.50,USD,https://crafthotsauce.com/products/char-man-original,False,crafthotsauce.com,2026-09-19T13:52:25.427841Z,2026-09-19T14:01:06.545048Z,sauce-names-1,sauce-match-1,rule:sauce-structured-1,shopify,1,2_longtail,,True,23,sauce:82-s|original|sauce:bombanana|original|sauce:bruce|original|sauce:buldak|original|sauce:cholula|original,single_source:shopify,0,,,v1
sauce:char-man|picante,char-man,Char Man Brand,picante,Picante,,,,,unknown,https://crafthotsauce.com/products/char-man-picante,8.00,USD,https://crafthotsauce.com/products/char-man-picante,False,crafthotsauce.com,2026-09-19T13:52:25.427841Z,2026-09-19T14:01:06.545048Z,sauce-names-1,sauce-match-1,rule:sauce-structured-1,shopify,1,2_longtail,,True,1,sauce:pace|picante,single_source:shopify,0,,,v1
sauce:char-man|sriracha,char-man,Char Man Brand,sriracha,Sriracha,,,,,unknown,https://crafthotsauce.com/products/char-man-sriracha,8.00,USD,https://crafthotsauce.com/products/char-man-sriracha,False,crafthotsauce.com,2026-09-19T13:52:25.427841Z,2026-09-19T14:01:06.545048Z,sauce-names-1,sauce-match-1,rule:sauce-structured-1,shopify,1,2_longtail,,True,49,sauce:24vegan|sriracha|sauce:505-southwestern|sriracha|sauce:a-taste-of-thai|sriracha|sauce:a1|sriracha|sauce:ahold-usa|sriracha,single_source:shopify,0,,,v1
sauce:char-man|verde,char-man,Char Man Brand,verde,Verde,,,,,unknown,https://crafthotsauce.com/products/char-man-verde,8.00,USD,https://crafthotsauce.com/products/char-man-verde,False,crafthotsauce.com,2026-09-19T13:52:25.427841Z,2026-09-19T14:01:06.545048Z,sauce-names-1,sauce-match-1,rule:sauce-structured-1,shopify,1,2_longtail,,True,3,sauce:freaky-ferments-food-beverage|verde|sauce:red-clay|verde|sauce:|verde,single_source:shopify,0,,,v1
sauce:char-man|char-man-caribbean,char-man,Char-man,char-man-caribbean,Char Man Caribbean Hot Sauce,,,,,unknown,https://puckerbuttpeppercompany.com/products/char-man-caribbean-hot-sauce,9.00,USD,https://puckerbuttpeppercompany.com/products/char-man-caribbean-hot-sauce,False,puckerbuttpeppercompany.com,2026-09-19T11:09:45.470554Z,2026-09-19T14:01:06.545048Z,sauce-names-1,sauce-match-1,rule:sauce-structured-1,shopify,1,2_longtail,,False,0,,single_source:shopify,0,,,v1
sauce:char-man|char-man-dos-locals,char-man,Char-man,char-man-dos-locals,Char Man Dos Locals,,,,,unknown,https://puckerbuttpeppercompany.com/products/char-man-dos-locals,9.00,USD,https://puckerbuttpeppercompany.com/products/char-man-dos-locals,False,puckerbuttpeppercompany.com,2026-09-19T11:09:45.470554Z,2026-09-19T14:01:06.545048Z,sauce-names-1,sauce-match-1,rule:sauce-structured-1,shopify,1,2_longtail,,False,0,,single_source:shopify,0,,,v1
sauce:char-man|char-man-original,char-man,Char-man,char-man-original,Char Man Original Hot Sauce,,,,,unknown,https://puckerbuttpeppercompany.com/products/char-man-original-hot-sauce,9.00,USD,https://puckerbuttpeppercompany.com/products/char-man-original-hot-sauce,False,puckerbuttpeppercompany.com,2026-09-19T11:09:45.470554Z,2026-09-19T14:01:06.545048Z,sauce-names-1,sauce-match-1,rule:sauce-structured-1,shopify,1,2_longtail,,False,0,,single_source:shopify,0,,,v1
sauce:char-man|char-man-picante,char-man,Char-man,char-man-picante,Char Man Picante Hot Sauce,,,,,unknown,https://puckerbuttpeppercompany.com/products/char-man-picante-hot-sauce,9.00,USD,https://puckerbuttpeppercompany.com/products/char-man-picante-hot-sauce,False,puckerbuttpeppercompany.com,2026-09-19T11:09:45.470554Z,2026-09-19T14:01:06.545048Z,sauce-names-1,sauce-match-1,rule:sauce-structured-1,shopify,1,2_longtail,,False,0,,single_source:shopify,0,,,v1
sauce:char-man|char-man-pinya,char-man,Char-man,char-man-pinya,Char Man Pinya,,,,,retail_listing,https://puckerbuttpeppercompany.com/products/char-man-pinya,12.00,USD,https://puckerbuttpeppercompany.com/products/char-man-pinya,True,puckerbuttpeppercompany.com,2026-09-19T11:09:45.470554Z,2026-09-19T14:01:06.545048Z,sauce-names-1,sauce-match-1,rule:sauce-structured-1,shopify,1,2_longtail,,False,0,,single_source:shopify,0,,,v1
sauce:char-man|char-man-sriracha,char-man,Char-man,char-man-sriracha,Char Man Sriracha,,,,,unknown,https://puckerbuttpeppercompany.com/products/char-man-sriracha,9.00,USD,https://puckerbuttpeppercompany.com/products/char-man-sriracha,False,puckerbuttpeppercompany.com,2026-09-19T11:09:45.470554Z,2026-09-19T14:01:06.545048Z,sauce-names-1,sauce-match-1,rule:sauce-structured-1,shopify,1,2_longtail,,False,0,,single_source:shopify,0,,,v1
sauce:char-man|char-man-verde,char-man,Char-man,char-man-verde,Char Man Verde Hot Sauce,,,,,unknown,https://puckerbuttpeppercompany.com/products/char-man-verde-hot-sauce,9.00,USD,https://puckerbuttpeppercompany.com/products/char-man-verde-hot-sauce,False,puckerbuttpeppercompany.com,2026-09-19T11:09:45.470554Z,2026-09-19T14:01:06.545048Z,sauce-names-1,sauce-match-1,rule:sauce-structured-1,shopify,1,2_longtail,,False,0,,single_source:shopify,0,,,v1
sauce:chile-lengua-de-fuego|passiflora-fire,chile-lengua-de-fuego,Chile Lengua De Fuego,passiflora-fire,Passiflora Fire,,,,,retail_listing,https://heatonist.com/products/chile-lengua-de-fuego-passiflora-fire-hot-sauce,14.00,USD,https://heatonist.com/products/chile-lengua-de-fuego-passiflora-fire-hot-sauce,True,heatonist.com,2026-09-19T11:09:45.470554Z,2026-09-19T14:01:06.545048Z,sauce-names-1,sauce-match-1,rule:sauce-structured-1,shopify,1,2_longtail,,False,0,,single_source:shopify,0,,,v1
sauce:chile-lengua-de-fuego|passiflora-fire-chile-lengua-de-fuego-c,chile-lengua-de-fuego,Chile Lengua De Fuego,passiflora-fire-chile-lengua-de-fuego-c,Passiflora Fire | Chile Lengua De Fuego -C,,,,,retail_listing,https://heatonist.com/products/passiflora-fire-chile-lengua-de-fuego-c,8.00,USD,https://heatonist.com/products/passiflora-fire-chile-lengua-de-fuego-c,True,heatonist.com,2026-09-19T11:09:45.470554Z,2026-09-19T14:01:06.545048Z,sauce-names-1,sauce-match-1,rule:sauce-structured-1,shopify,1,2_longtail,,False,0,,single_source:shopify,0,,,v1
sauce:chile-lengua-de-fuego|piri-piri,chile-lengua-de-fuego,Chile Lengua de Fuego,piri-piri,Piri-Piri,,,,,retail_listing,https://heathotsauce.com/products/chile-lengua-de-fuego-piri-piri,10.99,USD,https://heathotsauce.com/products/chile-lengua-de-fuego-piri-piri,True,heathotsauce.com,2026-09-19T13:52:25.427841Z,2026-09-19T14:01:06.545048Z,sauce-names-1,sauce-match-1,rule:sauce-structured-1,shopify,1,2_longtail,,True,3,sauce:sauce-shop|piri-piri|sauce:taste-of-portugal|piri-piri|sauce:|piri-piri,single_source:shopify,0,,,v1
sauce:chile-lengua-de-fuego|choco-ghost,chile-lengua-de-fuego,Chile Lengua de Fuego,choco-ghost,Choco-Ghost Hot Sauce,,07423381400475,,,retail_listing,http://world-en.openfoodfacts.org/product/7423381400475/choco-ghost-hot-sauce-chile-lengua-de-fuego,10.99,USD,https://heathotsauce.com/products/choco-ghost-hot-sauce,True,heathotsauce.com,2026-09-19T11:09:45.470554Z,2026-09-19T14:01:06.545048Z,sauce-names-1,sauce-match-1,rule:sauce-structured-1,off|shopify,2,1_population|2_longtail,,False,0,,multi_source,0,,,v1
sauce:chile-lengua-de-fuego|me-so-hot-miso-shallot,chile-lengua-de-fuego,Chile Lengua de Fuego,me-so-hot-miso-shallot,Me-So Hot Miso Shallot,,,,,retail_listing,https://heatonist.com/products/me-so-hot-miso-shallot-chile-lengua-de-fuego,14.00,USD,https://heatonist.com/products/me-so-hot-miso-shallot-chile-lengua-de-fuego,True,heatonist.com,2026-09-19T11:09:45.470554Z,2026-09-19T14:01:06.545048Z,sauce-names-1,sauce-match-1,rule:sauce-structured-1,shopify,1,2_longtail,,False,0,,single_source:shopify,0,,,v1
sauce:chiporro|uchu-hot,chiporro,Chiporro Sauce Co.,uchu-hot,Uchu Hot,,,,,unknown,https://heathotsauce.com/products/uchu-hot,7.99,USD,https://heathotsauce.com/products/uchu-hot,False,heathotsauce.com,2026-09-19T13:52:25.427841Z,2026-09-19T14:01:06.545048Z,sauce-names-1,sauce-match-1,rule:sauce-structured-1,shopify,1,2_longtail,,False,0,,single_source:shopify,0,,,v1
sauce:clark-hopkins|arizona,clark-hopkins,Clark & Hopkins,arizona,Arizona,,,,,retail_listing,https://heathotsauce.com/products/clark-hopkins-arizona,9.99,USD,https://heathotsauce.com/products/clark-hopkins-arizona,True,heathotsauce.com,2026-09-19T13:52:25.427841Z,2026-09-19T14:01:06.545048Z,sauce-names-1,sauce-match-1,rule:sauce-structured-1,shopify,1,2_longtail,,False,0,,single_source:shopify,0,,,v1
sauce:coleman-s-pepper-farm|coleman-s-carolina-reaper,coleman-s-pepper-farm,Coleman's Pepper Farm,coleman-s-carolina-reaper,Coleman's Carolina Reaper,,,,,unknown,https://heathotsauce.com/products/colemans-carolina-reaper,10.99,USD,https://heathotsauce.com/products/colemans-carolina-reaper,False,heathotsauce.com,2026-09-19T13:52:25.427841Z,2026-09-19T14:01:06.545048Z,sauce-names-1,sauce-match-1,rule:sauce-structured-1,shopify,1,2_longtail,,False,0,,single_source:shopify,0,,,v1
sauce:coleman-s-pepper-farm|coleman-s-cayenne,coleman-s-pepper-farm,Coleman's Pepper Farm,coleman-s-cayenne,Coleman's Cayenne,,,,,retail_listing,https://heathotsauce.com/products/colemans-cayenne,8.99,USD,https://heathotsauce.com/products/colemans-cayenne,True,heathotsauce.com,2026-09-19T13:52:25.427841Z,2026-09-19T14:01:06.545048Z,sauce-names-1,sauce-match-1,rule:sauce-structured-1,shopify,1,2_longtail,,False,0,,single_source:shopify,0,,,v1
sauce:coleman-s-pepper-farm|coleman-s-ghost-pepper,coleman-s-pepper-farm,Coleman's Pepper Farm,coleman-s-ghost-pepper,Coleman's Ghost Pepper Hot Sauce,,,,,unknown,https://heathotsauce.com/products/colemans-ghost-pepper-hot-sauce,9.99,USD,https://heathotsauce.com/products/colemans-ghost-pepper-hot-sauce,False,heathotsauce.com,2026-09-19T13:52:25.427841Z,2026-09-19T14:01:06.545048Z,sauce-names-1,sauce-match-1,rule:sauce-structured-1,shopify,1,2_longtail,,False,0,,single_source:shopify,0,,,v1
sauce:coleman-s-pepper-farm|coleman-s-medium-habanero,coleman-s-pepper-farm,Coleman's Pepper Farm,coleman-s-medium-habanero,Coleman's Medium Habanero,,,,,retail_listing,https://heathotsauce.com/products/colemans-medium-habanero,8.99,USD,https://heathotsauce.com/products/colemans-medium-habanero,True,heathotsauce.com,2026-09-19T13:52:25.427841Z,2026-09-19T14:01:06.545048Z,sauce-names-1,sauce-match-1,rule:sauce-structured-1,shopify,1,2_longtail,,False,0,,single_source:shopify,0,,,v1
sauce:coleman-s-pepper-farm|coleman-s-tabasco-cayenne,coleman-s-pepper-farm,Coleman's Pepper Farm,coleman-s-tabasco-cayenne,Coleman's Tabasco Cayenne Hot Sauce,,,,,retail_listing,https://heathotsauce.com/products/colemans-tabasco-cayenne-hot-sauce,8.99,USD,https://heathotsauce.com/products/colemans-tabasco-cayenne-hot-sauce,True,heathotsauce.com,2026-09-19T13:52:25.427841Z,2026-09-19T14:01:06.545048Z,sauce-names-1,sauce-match-1,rule:sauce-structured-1,shopify,1,2_longtail,,False,0,,single_source:shopify,0,,,v1
sauce:colorado-colorful-creations|colorado-colorful-creation-lemon-reaper-creeper,colorado-colorful-creations,Colorado Colorful Creations,colorado-colorful-creation-lemon-reaper-creeper,Colorado Colorful Creation- Lemon Reaper Creeper,,,,,unknown,https://puckerbuttpeppercompany.com/products/colorado-colorful-creation-lemon-reaper-creeper,12.00,USD,https://puckerbuttpeppercompany.com/products/colorado-colorful-creation-lemon-reaper-creeper,False,puckerbuttpeppercompany.com,2026-09-19T11:09:45.470554Z,2026-09-19T14:01:06.545048Z,sauce-names-1,sauce-match-1,rule:sauce-structured-1,shopify,1,2_longtail,,False,0,,single_source:shopify,0,,,v1
sauce:colorado-colorful-creations|colorful-colorado-creation-angry-orange,colorado-colorful-creations,Colorado Colorful Creations,colorful-colorado-creation-angry-orange,Colorful Colorado Creation- Angry Orange,,,,,unknown,https://puckerbuttpeppercompany.com/products/colorful-colorado-creation-angry-orange,12.00,USD,https://puckerbuttpeppercompany.com/products/colorful-colorado-creation-angry-orange,False,puckerbuttpeppercompany.com,2026-09-19T11:09:45.470554Z,2026-09-19T14:01:06.545048Z,sauce-names-1,sauce-match-1,rule:sauce-structured-1,shopify,1,2_longtail,,False,0,,single_source:shopify,0,,,v1
sauce:colorado-colorful-creations|colorful-colorado-creation-colorado-red-extreme,colorado-colorful-creations,Colorado Colorful Creations,colorful-colorado-creation-colorado-red-extreme,Colorful Colorado Creation- Colorado Red Extreme,,,,,unknown,https://puckerbuttpeppercompany.com/products/colorful-colorado-creation-colorado-red-extreme,10.00,USD,https://puckerbuttpeppercompany.com/products/colorful-colorado-creation-colorado-red-extreme,False,puckerbuttpeppercompany.com,2026-09-19T11:09:45.470554Z,2026-09-19T14:01:06.545048Z,sauce-names-1,sauce-match-1,rule:sauce-structured-1,shopify,1,2_longtail,,False,0,,single_source:shopify,0,,,v1
sauce:colorado-colorful-creations|colorful-colorado-creation-roasted-toasted,colorado-colorful-creations,Colorado Colorful Creations,colorful-colorado-creation-roasted-toasted,Colorful Colorado Creation- Roasted & Toasted,,,,,unknown,https://puckerbuttpeppercompany.com/products/colorful-colorado-creation-roasted-toasted,10.00,USD,https://puckerbuttpeppercompany.com/products/colorful-colorado-creation-roasted-toasted,False,puckerbuttpeppercompany.com,2026-09-19T11:09:45.470554Z,2026-09-19T14:01:06.545048Z,sauce-names-1,sauce-match-1,rule:sauce-structured-1,shopify,1,2_longtail,,False,0,,single_source:shopify,0,,,v1
sauce:colorado-colorful-creations|colorful-colorado-creations-black-garlic-buffalo,colorado-colorful-creations,Colorado Colorful Creations,colorful-colorado-creations-black-garlic-buffalo,Colorful Colorado Creations - Black Garlic Buffalo,,,,,unknown,https://puckerbuttpeppercompany.com/products/colorful-colorado-creations-black-garlic-buffalo,10.00,USD,https://puckerbuttpeppercompany.com/products/colorful-colorado-creations-black-garlic-buffalo,False,puckerbuttpeppercompany.com,2026-09-19T11:09:45.470554Z,2026-09-19T14:01:06.545048Z,sauce-names-1,sauce-match-1,rule:sauce-structured-1,shopify,1,2_longtail,,False,0,,single_source:shopify,0,,,v1
sauce:colorado-colorful-creations|colorful-colorado-creations-colorado-green,colorado-colorful-creations,Colorado Colorful Creations,colorful-colorado-creations-colorado-green,Colorful Colorado Creations - Colorado Green,,,,,unknown,https://puckerbuttpeppercompany.com/products/colorful-colorado-creations-colorado-green,10.00,USD,https://puckerbuttpeppercompany.com/products/colorful-colorado-creations-colorado-green,False,puckerbuttpeppercompany.com,2026-09-19T11:09:45.470554Z,2026-09-19T14:01:06.545048Z,sauce-names-1,sauce-match-1,rule:sauce-structured-1,shopify,1,2_longtail,,False,0,,single_source:shopify,0,,,v1
sauce:colorado-colorful-creations|colorful-colorado-creations-junkie-s-revenge,colorado-colorful-creations,Colorado Colorful Creations,colorful-colorado-creations-junkie-s-revenge,Colorful Colorado Creations- Junkie's Revenge,,,,,unknown,https://puckerbuttpeppercompany.com/products/colorful-colorado-creations-junkies-revenge,10.00,USD,https://puckerbuttpeppercompany.com/products/colorful-colorado-creations-junkies-revenge,False,puckerbuttpeppercompany.com,2026-09-19T11:09:45.470554Z,2026-09-19T14:01:06.545048Z,sauce-names-1,sauce-match-1,rule:sauce-structured-1,shopify,1,2_longtail,,False,0,,single_source:shopify,0,,,v1
sauce:cooper-s-small-batch|grundle-thumper,cooper-s-small-batch,Cooper's Small Batch,grundle-thumper,Grundle Thumper,,,,,unknown,https://puckerbuttpeppercompany.com/products/coopers-small-batch-grundle-thunder,7.00,USD,https://puckerbuttpeppercompany.com/products/coopers-small-batch-grundle-thunder,False,puckerbuttpeppercompany.com,2026-09-19T11:09:45.470554Z,2026-09-19T14:01:06.545048Z,sauce-names-1,sauce-match-1,rule:sauce-structured-1,shopify,1,2_longtail,,False,0,,single_source:shopify,0,,,v1
sauce:cooper-s-small-batch|peaches-en-regalia,cooper-s-small-batch,Cooper's Small Batch,peaches-en-regalia,Peaches En Regalia,,,,,unknown,https://puckerbuttpeppercompany.com/products/coopers-small-batch-peaches-en-regalia,9.00,USD,https://puckerbuttpeppercompany.com/products/coopers-small-batch-peaches-en-regalia,False,puckerbuttpeppercompany.com,2026-09-19T11:09:45.470554Z,2026-09-19T14:01:06.545048Z,sauce-names-1,sauce-match-1,rule:sauce-structured-1,shopify,1,2_longtail,,False,0,,single_source:shopify,0,,,v1
sauce:craft|box-o-sweet-heat,craft,Craft Hot Sauce,box-o-sweet-heat,Box ‘O Sweet Heat,,,,,unknown,https://crafthotsauce.com/products/box-o-sweet-heat,39.00,USD,https://crafthotsauce.com/products/box-o-sweet-heat,False,crafthotsauce.com,2026-09-19T13:52:25.427841Z,2026-09-19T14:01:06.545048Z,sauce-names-1,sauce-match-1,rule:sauce-structured-1,shopify,1,2_longtail,,False,0,,single_source:shopify,0,,,v1
sauce:craft|grill-box,craft,Craft Hot Sauce,grill-box,Grill Box,,,,,unknown,https://crafthotsauce.com/products/craft-hot-sauce-grill-box,35.00,USD,https://crafthotsauce.com/products/craft-hot-sauce-grill-box,False,crafthotsauce.com,2026-09-19T13:52:25.427841Z,2026-09-19T14:01:06.545048Z,sauce-names-1,sauce-match-1,rule:sauce-structured-1,shopify,1,2_longtail,,False,0,,single_source:shopify,0,,,v1
sauce:craft|pumpkin-hot-sauce-box,craft,Craft Hot Sauce,pumpkin-hot-sauce-box,Pumpkin Hot Sauce Box,,,,,unknown,https://crafthotsauce.com/products/its-spicy-pumpkin-season,32.00,USD,https://crafthotsauce.com/products/its-spicy-pumpkin-season,False,crafthotsauce.com,2026-09-19T13:52:25.427841Z,2026-09-19T14:01:06.545048Z,sauce-names-1,sauce-match-1,rule:sauce-structured-1,shopify,1,2_longtail,,False,0,,single_source:shopify,0,,,v1
sauce:craft|super-hot-hot-sauce-box,craft,Craft Hot Sauce,super-hot-hot-sauce-box,Super Hot Hot Sauce Box,,,,,unknown,https://crafthotsauce.com/products/super-hot-hot-sauce-box,45.00,USD,https://crafthotsauce.com/products/super-hot-hot-sauce-box,False,crafthotsauce.com,2026-09-19T13:52:25.427841Z,2026-09-19T14:01:06.545048Z,sauce-names-1,sauce-match-1,rule:sauce-structured-1,shopify,1,2_longtail,,False,0,,single_source:shopify,0,,,v1
sauce:craft|thanksgiving-hot-sauce-box,craft,Craft Hot Sauce,thanksgiving-hot-sauce-box,Thanksgiving Hot Sauce Box,,,,,unknown,https://crafthotsauce.com/products/thanksgiving-hot-sauce-box,36.00,USD,https://crafthotsauce.com/products/thanksgiving-hot-sauce-box,False,crafthotsauce.com,2026-09-19T13:52:25.427841Z,2026-09-19T14:01:06.545048Z,sauce-names-1,sauce-match-1,rule:sauce-structured-1,shopify,1,2_longtail,,False,0,,single_source:shopify,0,,,v1
sauce:craic|40-shades-of-green-chilli,craic,Craic Sauce,40-shades-of-green-chilli,40 Shades of Green Chilli,,,,,retail_listing,https://crafthotsauce.com/products/40-shades-of-green-chilli,10.00,USD,https://crafthotsauce.com/products/40-shades-of-green-chilli,True,crafthotsauce.com,2026-09-19T13:52:25.427841Z,2026-09-19T14:01:06.545048Z,sauce-names-1,sauce-match-1,rule:sauce-structured-1,shopify,1,2_longtail,,False,0,,single_source:shopify,0,,,v1
sauce:craic|brian-boru-s-curry,craic,Craic Sauce,brian-boru-s-curry,Brian Boru's Curry,,,,,retail_listing,https://crafthotsauce.com/products/brian-borus-curry,10.00,USD,https://crafthotsauce.com/products/brian-borus-curry,True,crafthotsauce.com,2026-09-19T13:52:25.427841Z,2026-09-19T14:01:06.545048Z,sauce-names-1,sauce-match-1,rule:sauce-structured-1,shopify,1,2_longtail,,False,0,,single_source:shopify,0,,,v1
sauce:craic|clark-farm-harvest,craic,Craic Sauce,clark-farm-harvest,Clark Farm Harvest,,,,,unknown,https://crafthotsauce.com/products/craic-sauce-clark-farm-harvest,12.00,USD,https://crafthotsauce.com/products/craic-sauce-clark-farm-harvest,False,crafthotsauce.com,2026-09-19T13:52:25.427841Z,2026-09-19T14:01:06.545048Z,sauce-names-1,sauce-match-1,rule:sauce-structured-1,shopify,1,2_longtail,,False,0,,single_source:shopify,0,,,v1
sauce:craic|complete-collection,craic,Craic Sauce,complete-collection,Complete Collection,,,,,retail_listing,https://crafthotsauce.com/products/craic-sauce-collection,35.00,USD,https://crafthotsauce.com/products/craic-sauce-collection,True,crafthotsauce.com,2026-09-19T13:52:25.427841Z,2026-09-19T14:01:06.545048Z,sauce-names-1,sauce-match-1,rule:sauce-structured-1,shopify,1,2_longtail,,False,0,,single_source:shopify,0,,,v1
sauce:craic|jartera,craic,Craic Sauce,jartera,Jartera,,,,,unknown,https://crafthotsauce.com/products/craic-sauce-jartera,12.00,USD,https://crafthotsauce.com/products/craic-sauce-jartera,False,crafthotsauce.com,2026-09-19T13:52:25.427841Z,2026-09-19T14:01:06.545048Z,sauce-names-1,sauce-match-1,rule:sauce-structured-1,shopify,1,2_longtail,,False,0,,single_source:shopify,0,,,v1
sauce:craic|rum-barrel-aged-brian-boru-s-curry,craic,Craic Sauce,rum-barrel-aged-brian-boru-s-curry,Rum Barrel Aged Brian Boru's Curry,,,,,unknown,https://crafthotsauce.com/products/craic-sauce-rum-barrel-aged-brian-borus-curry,18.00,USD,https://crafthotsauce.com/products/craic-sauce-rum-barrel-aged-brian-borus-curry,False,crafthotsauce.com,2026-09-19T13:52:25.427841Z,2026-09-19T14:01:06.545048Z,sauce-names-1,sauce-match-1,rule:sauce-structured-1,shopify,1,2_longtail,,False,0,,single_source:shopify,0,,,v1
sauce:craic|whiskey-barrel-aged-mill-city-red,craic,Craic Sauce,whiskey-barrel-aged-mill-city-red,Whiskey Barrel Aged Mill City Red,,,,,retail_listing,https://crafthotsauce.com/products/craic-sauce-whiskey-barrel-aged-mill-city-red,18.00,USD,https://crafthotsauce.com/products/craic-sauce-whiskey-barrel-aged-mill-city-red,True,crafthotsauce.com,2026-09-19T13:52:25.427841Z,2026-09-19T14:01:06.545048Z,sauce-names-1,sauce-match-1,rule:sauce-structured-1,shopify,1,2_longtail,,False,0,,single_source:shopify,0,,,v1
sauce:craic|farmer-dave-s-harvest,craic,Craic Sauce,farmer-dave-s-harvest,Farmer Dave's Harvest,,,,,unknown,https://crafthotsauce.com/products/farmer-daves-harvest,12.00,USD,https://crafthotsauce.com/products/farmer-daves-harvest,False,crafthotsauce.com,2026-09-19T13:52:25.427841Z,2026-09-19T14:01:06.545048Z,sauce-names-1,sauce-match-1,rule:sauce-structured-1,shopify,1,2_longtail,,False,0,,single_source:shopify,0,,,v1
sauce:craic|hutchins-farm-harvest,craic,Craic Sauce,hutchins-farm-harvest,Hutchins Farm Harvest,,,,,retail_listing,https://crafthotsauce.com/products/hutchins-farm-harvest,12.00,USD,https://crafthotsauce.com/products/hutchins-farm-harvest,True,crafthotsauce.com,2026-09-19T13:52:25.427841Z,2026-09-19T14:01:06.545048Z,sauce-names-1,sauce-match-1,rule:sauce-structured-1,shopify,1,2_longtail,,False,0,,single_source:shopify,0,,,v1
sauce:craic|mill-city-red,craic,Craic Sauce,mill-city-red,Mill City Red,,,,,retail_listing,https://crafthotsauce.com/products/mill-city-red,10.00,USD,https://crafthotsauce.com/products/mill-city-red,True,crafthotsauce.com,2026-09-19T13:52:25.427841Z,2026-09-19T14:01:06.545048Z,sauce-names-1,sauce-match-1,rule:sauce-structured-1,shopify,1,2_longtail,,False,0,,single_source:shopify,0,,,v1
sauce:craic|single-source-farm-harvest-box-3-sauces,craic,Craic Sauce,single-source-farm-harvest-box-3-sauces,Single Source Farm Harvest Box (3 sauces),,,,,unknown,https://crafthotsauce.com/products/single-source-series-box-3-sauces,35.00,USD,https://crafthotsauce.com/products/single-source-series-box-3-sauces,False,crafthotsauce.com,2026-09-19T13:52:25.427841Z,2026-09-19T14:01:06.545048Z,sauce-names-1,sauce-match-1,rule:sauce-structured-1,shopify,1,2_longtail,,False,0,,single_source:shopify,0,,,v1
sauce:craic|golden-pumpkin,craic,Craic Sauce,golden-pumpkin,Golden Pumpkin,,,,,retail_listing,https://crafthotsauce.com/products/the-golden-pumpkin,10.00,USD,https://crafthotsauce.com/products/the-golden-pumpkin,True,crafthotsauce.com,2026-09-19T13:52:25.427841Z,2026-09-19T14:01:06.545048Z,sauce-names-1,sauce-match-1,rule:sauce-structured-1,shopify,1,2_longtail,,False,0,,single_source:shopify,0,,,v1
sauce:cry-baby-craig-s|hot-honey,cry-baby-craig-s,Cry Baby Craig's,hot-honey,Hot Honey,,,,,retail_listing,https://heathotsauce.com/products/cry-baby-craigs-hot-honey,14.99,USD,https://heathotsauce.com/products/cry-baby-craigs-hot-honey,True,heathotsauce.com,2026-09-19T13:52:25.427841Z,2026-09-19T14:01:06.545048Z,sauce-names-1,sauce-match-1,rule:sauce-structured-1,shopify,1,2_longtail,,True,44,sauce:beetown|hot-honey|sauce:berryhill|hot-honey|sauce:bettergood|hot-honey|sauce:chef-ray-sheehan|hot-honey|sauce:clif-family|hot-honey,single_source:shopify,0,,,v1
sauce:dat-s-nice|original-datil,dat-s-nice,Dat's Nice,original-datil,Original Datil Sauce,,,,,unknown,https://crafthotsauce.com/products/dats-nice,8.00,USD,https://crafthotsauce.com/products/dats-nice,False,crafthotsauce.com,2026-09-19T13:52:25.427841Z,2026-09-19T14:01:06.545048Z,sauce-names-1,sauce-match-1,rule:sauce-structured-1,shopify,1,2_longtail,,False,0,,single_source:shopify,0,,,v1
sauce:dat-s-nice|hotter-n-hell,dat-s-nice,Dat's Nice,hotter-n-hell,Hotter-N-Hell,,,,,unknown,https://crafthotsauce.com/products/hotter-than-hell,8.00,USD,https://crafthotsauce.com/products/hotter-than-hell,False,crafthotsauce.com,2026-09-19T13:52:25.427841Z,2026-09-19T14:01:06.545048Z,sauce-names-1,sauce-match-1,rule:sauce-structured-1,shopify,1,2_longtail,,False,0,,single_source:shopify,0,,,v1
sauce:dawson-s|dawson-s-apple-caraway,dawson-s,Dawson's Hot Sauce,dawson-s-apple-caraway,Dawson's Apple Caraway,,,,,retail_listing,https://heathotsauce.com/products/dawsons-apple-caraway,11.99,USD,https://heathotsauce.com/products/dawsons-apple-caraway,True,heathotsauce.com,2026-09-19T13:52:25.427841Z,2026-09-19T14:01:06.545048Z,sauce-names-1,sauce-match-1,rule:sauce-structured-1,shopify,1,2_longtail,,False,0,,single_source:shopify,0,,,v1
sauce:dawson-s|apple-caraway,dawson-s,Dawson's Hot Sauce,apple-caraway,Apple Caraway,,,,,retail_listing,https://heatonist.com/products/apple-caraway-dawsons-hot-sauce,11.00,USD,https://heatonist.com/products/apple-caraway-dawsons-hot-sauce,True,heatonist.com,2026-09-19T11:09:45.470554Z,2026-09-19T14:01:06.545048Z,sauce-names-1,sauce-match-1,rule:sauce-structured-1,shopify,1,2_longtail,,False,0,,single_source:shopify,0,,,v1
sauce:dawson-s|zuzu-s-7-pot-sauce-dawson-s,dawson-s,Dawson's Hot Sauce,zuzu-s-7-pot-sauce-dawson-s,Zuzu's 7-Pot Sauce | Dawson's,,,,,retail_listing,https://heatonist.com/products/dawsons-hot-sauce-zuzus-7-pot-sauce,16.00,USD,https://heatonist.com/products/dawsons-hot-sauce-zuzus-7-pot-sauce,True,heatonist.com,2026-09-19T11:09:45.470554Z,2026-09-19T14:01:06.545048Z,sauce-names-1,sauce-match-1,rule:sauce-structured-1,shopify,1,2_longtail,,False,0,,single_source:shopify,0,,,v1
sauce:day-of-the-dead|baja-arbol-sola,day-of-the-dead,Day of the Dead,baja-arbol-sola,Baja Arbol Sola,,,,,retail_listing,https://heathotsauce.com/products/day-of-the-dead-baja-arbol-sola,9.99,USD,https://heathotsauce.com/products/day-of-the-dead-baja-arbol-sola,True,heathotsauce.com,2026-09-19T13:52:25.427841Z,2026-09-19T14:01:06.545048Z,sauce-names-1,sauce-match-1,rule:sauce-structured-1,shopify,1,2_longtail,,False,0,,single_source:shopify,0,,,v1
sauce:day-of-the-dead|peach-bonnet-reaper,day-of-the-dead,Day of the Dead,peach-bonnet-reaper,Peach Bonnet Reaper,,,,,retail_listing,https://heathotsauce.com/products/peach-bonnet-reaper,9.99,USD,https://heathotsauce.com/products/peach-bonnet-reaper,True,heathotsauce.com,2026-09-19T13:52:25.427841Z,2026-09-19T14:01:06.545048Z,sauce-names-1,sauce-match-1,rule:sauce-structured-1,shopify,1,2_longtail,,False,0,,single_source:shopify,0,,,v1
sauce:delgado-s-fuego|4-creamy-rocoto-habanero-hot-sauce-sabancaya-by,delgado-s-fuego,Delgado's Fuego,4-creamy-rocoto-habanero-hot-sauce-sabancaya-by,4. Creamy Rocoto & Habanero Hot Sauce - Sabancaya by,,,,,retail_listing,https://delgadosfuego.com/products/creamy-rocoto-habanero-hot-sauce-sabancaya,16.77,USD,https://delgadosfuego.com/products/creamy-rocoto-habanero-hot-sauce-sabancaya,True,delgadosfuego.com,2026-09-19T11:09:45.470554Z,2026-09-19T14:01:06.545048Z,sauce-names-1,sauce-match-1,rule:sauce-structured-1,shopify,1,2_longtail,,False,0,,single_source:shopify,0,,,v1
sauce:delgado-s-fuego|1-peruvian-rocoto-hot-sauce-misti-uchu-by-delgado-s-fuego,delgado-s-fuego,Delgado's Fuego,1-peruvian-rocoto-hot-sauce-misti-uchu-by-delgado-s-fuego,1. Peruvian Rocoto Hot Sauce - Misti-Uchu by Delgado's Fuego.,,,,,retail_listing,https://delgadosfuego.com/products/peruvian-rocoto-hot-sauce-misti-uchu,16.77,USD,https://delgadosfuego.com/products/peruvian-rocoto-hot-sauce-misti-uchu,True,delgadosfuego.com,2026-09-19T11:09:45.470554Z,2026-09-19T14:01:06.545048Z,sauce-names-1,sauce-match-1,rule:sauce-structured-1,shopify,1,2_longtail,,False,0,,single_source:shopify,0,,,v1
sauce:delgado-s-fuego|3-peruvian-rocoto-huacatay-hot-sauce-ticsani-by,delgado-s-fuego,Delgado's Fuego,3-peruvian-rocoto-huacatay-hot-sauce-ticsani-by,3. Peruvian Rocoto & Huacatay Hot Sauce - Ticsani by,,,,,retail_listing,https://delgadosfuego.com/products/peruvian-rocoto-huacatay-hot-sauce-ticsani,16.77,USD,https://delgadosfuego.com/products/peruvian-rocoto-huacatay-hot-sauce-ticsani,True,delgadosfuego.com,2026-09-19T11:09:45.470554Z,2026-09-19T14:01:06.545048Z,sauce-names-1,sauce-match-1,rule:sauce-structured-1,shopify,1,2_longtail,,False,0,,single_source:shopify,0,,,v1
sauce:delgado-s-fuego|2-sweeter-peruvian-hot-sauce-coropuna-by,delgado-s-fuego,Delgado's Fuego,2-sweeter-peruvian-hot-sauce-coropuna-by,2. Sweeter Peruvian Hot Sauce - Coropuna by,,,,,retail_listing,https://delgadosfuego.com/products/peruvian-sweet-hot-sauce-coropuna,16.77,USD,https://delgadosfuego.com/products/peruvian-sweet-hot-sauce-coropuna,True,delgadosfuego.com,2026-09-19T11:09:45.470554Z,2026-09-19T14:01:06.545048Z,sauce-names-1,sauce-match-1,rule:sauce-structured-1,shopify,1,2_longtail,,False,0,,single_source:shopify,0,,,v1
sauce:dirty-dick-s|peachy-green,dirty-dick-s,Dirty Dick's,peachy-green,Peachy Green,,,,,unknown,https://crafthotsauce.com/products/dicks-peachy-green,8.50,USD,https://crafthotsauce.com/products/dicks-peachy-green,False,crafthotsauce.com,2026-09-19T13:52:25.427841Z,2026-09-19T14:01:06.545048Z,sauce-names-1,sauce-match-1,rule:sauce-structured-1,shopify,1,2_longtail,,False,0,,single_source:shopify,0,,,v1
sauce:dirty-dick-s|hot-pepper-sauce-with-a-tropical-twist,dirty-dick-s,Dirty Dick's,hot-pepper-sauce-with-a-tropical-twist,Hot Pepper Sauce with a Tropical Twist,,,,,unknown,https://crafthotsauce.com/products/dirty-dicks-hot-pepper-sauce,9.00,USD,https://crafthotsauce.com/products/dirty-dicks-hot-pepper-sauce,False,crafthotsauce.com,2026-09-19T13:52:25.427841Z,2026-09-19T14:01:06.545048Z,sauce-names-1,sauce-match-1,rule:sauce-structured-1,shopify,1,2_longtail,,True,1,sauce:|hot-pepper-sauce-with-a-tropical-twist,single_source:shopify,0,,,v1
sauce:dirty-dick-s|dick-s-peachy-green,dirty-dick-s,Dirty Dick's,dick-s-peachy-green,Dick's Peachy Green,,,,,retail_listing,https://heathotsauce.com/products/dicks-peachy-green,7.99,USD,https://heathotsauce.com/products/dicks-peachy-green,True,heathotsauce.com,2026-09-19T13:52:25.427841Z,2026-09-19T14:01:06.545048Z,sauce-names-1,sauce-match-1,rule:sauce-structured-1,shopify,1,2_longtail,,False,0,,single_source:shopify,0,,,v1
sauce:dirty-dick-s|ghostzilla,dirty-dick-s,Dirty Dick's,ghostzilla,Ghostzilla,,,,,retail_listing,https://heatonist.com/products/ghostzilla-dirty-dicks,10.99,USD,https://heathotsauce.com/products/dirty-dicks-ghostzilla,True,heathotsauce.com,2026-09-19T11:09:45.470554Z,2026-09-19T14:01:06.545048Z,sauce-names-1,sauce-match-1,rule:sauce-structured-1,shopify,1,2_longtail,,False,0,,single_source:shopify,0,,,v1
sauce:dirty-dick-s|no-name-chipotle,dirty-dick-s,Dirty Dick's,no-name-chipotle,No Name Chipotle,,,,,retail_listing,https://heathotsauce.com/products/dirty-dicks-no-name-chipotle,6.99,USD,https://heathotsauce.com/products/dirty-dicks-no-name-chipotle,True,heathotsauce.com,2026-09-19T13:52:25.427841Z,2026-09-19T14:01:06.545048Z,sauce-names-1,sauce-match-1,rule:sauce-structured-1,shopify,1,2_longtail,,False,0,,single_source:shopify,0,,,v1
sauce:djablo|djablo-filipino,djablo,Djablo Sauce,djablo-filipino,Djablo Filipino Hot Sauce,,,,,retail_listing,https://heathotsauce.com/products/djablo-filipino-hot-sauce,8.99,USD,https://heathotsauce.com/products/djablo-filipino-hot-sauce,True,heathotsauce.com,2026-09-19T13:52:25.427841Z,2026-09-19T14:01:06.545048Z,sauce-names-1,sauce-match-1,rule:sauce-structured-1,shopify,1,2_longtail,,False,0,,single_source:shopify,0,,,v1
sauce:double-comfort|beach-bonnet-double-comfort,double-comfort,Double Comfort Foods,beach-bonnet-double-comfort,Beach Bonnet | Double Comfort,,,,,retail_listing,https://heatonist.com/products/beach-bonnet-double-comfort,12.00,USD,https://heatonist.com/products/beach-bonnet-double-comfort,True,heatonist.com,2026-09-19T11:09:45.470554Z,2026-09-19T14:01:06.545048Z,sauce-names-1,sauce-match-1,rule:sauce-structured-1,shopify,1,2_longtail,,True,1,sauce:hot-ones|beach-bonnet-double-comfort,single_source:shopify,0,,,v1
sauce:down-to-ferment|2-year-anniversary-carolina-creeper-limited,down-to-ferment,Down to Ferment,2-year-anniversary-carolina-creeper-limited,2 Year Anniversary: Carolina Creeper (limited),,,,,retail_listing,https://downtoferment.com/products/2-year-carolina-creeper,15.00,USD,https://down2ferment.com/products/2-year-carolina-creeper,True,down2ferment.com,2026-09-19T11:09:45.470554Z,2026-09-19T14:01:06.545048Z,sauce-names-1,sauce-match-1,rule:sauce-structured-1,shopify,1,2_longtail,,False,0,,single_source:shopify,0,,,v1
sauce:down-to-ferment|4-year-anniversary-mark-buffalo-limited,down-to-ferment,Down to Ferment,4-year-anniversary-mark-buffalo-limited,4 Year Anniversary: Mark Buffalo (limited),,,,,retail_listing,https://down2ferment.com/products/4-year-mark-buffalo-limited,15.00,USD,https://down2ferment.com/products/4-year-mark-buffalo-limited,True,down2ferment.com,2026-09-19T11:09:45.470554Z,2026-09-19T14:01:06.545048Z,sauce-names-1,sauce-match-1,rule:sauce-structured-1,shopify,1,2_longtail,,False,0,,single_source:shopify,0,,,v1
sauce:down-to-ferment|beet-your-meat,down-to-ferment,Down to Ferment,beet-your-meat,Beet Your Meat,32oz,,,,retail_listing,https://downtoferment.com/products/beet-your-meat,10.00,USD,https://down2ferment.com/products/beet-your-meat,True,down2ferment.com,2026-09-19T11:09:45.470554Z,2026-09-19T14:01:06.545048Z,sauce-names-1,sauce-match-1,rule:sauce-structured-1,shopify,1,2_longtail,,False,0,,single_source:shopify,0,,,v1
sauce:down-to-ferment|cornhub,down-to-ferment,Down to Ferment,cornhub,Cornhub,32oz,,,,retail_listing,https://down2ferment.com/products/32oz-cornhub,10.00,USD,https://down2ferment.com/products/cornhub,True,down2ferment.com,2026-09-19T11:09:45.470554Z,2026-09-19T14:01:06.545048Z,sauce-names-1,sauce-match-1,rule:sauce-structured-1,shopify,1,2_longtail,,False,0,,single_source:shopify,0,,,v1
sauce:down-to-ferment|dadbod-hop,down-to-ferment,Down to Ferment,dadbod-hop,Dadbod Hop Sauce,,,,,retail_listing,https://down2ferment.com/products/dadbod-hop-sauce,10.00,USD,https://down2ferment.com/products/dadbod-hop-sauce,True,down2ferment.com,2026-09-19T11:09:45.470554Z,2026-09-19T14:01:06.545048Z,sauce-names-1,sauce-match-1,rule:sauce-structured-1,shopify,1,2_longtail,,False,0,,single_source:shopify,0,,,v1
sauce:down-to-ferment|down-for-a-three-way,down-to-ferment,Down to Ferment,down-for-a-three-way,Down For a Three Way?,,,,,retail_listing,https://down2ferment.com/products/down-for-a-3-way,27.00,USD,https://down2ferment.com/products/down-for-a-3-way,True,down2ferment.com,2026-09-19T11:09:45.470554Z,2026-09-19T14:01:06.545048Z,sauce-names-1,sauce-match-1,rule:sauce-structured-1,shopify,1,2_longtail,,False,0,,single_source:shopify,0,,,v1
sauce:down-to-ferment|one-pump-chumps-fermented-chili-garlic,down-to-ferment,Down to Ferment,one-pump-chumps-fermented-chili-garlic,One Pump Chumps: Fermented Chili Garlic Sauce,,,,,unknown,https://downtoferment.com/products/fermented-chili-garlic-sauce,12.00,USD,https://down2ferment.com/products/fermented-chili-garlic-sauce,False,down2ferment.com,2026-09-19T11:09:45.470554Z,2026-09-19T14:01:06.545048Z,sauce-names-1,sauce-match-1,rule:sauce-structured-1,shopify,1,2_longtail,,False,0,,single_source:shopify,0,,,v1
sauce:down-to-ferment|flavor-journey-in-a-box,down-to-ferment,Down to Ferment,flavor-journey-in-a-box,The Flavor Journey (in a box),,,,,retail_listing,https://downtoferment.com/products/holiday-gift-pack,45.00,USD,https://down2ferment.com/products/holiday-gift-pack,True,down2ferment.com,2026-09-19T11:09:45.470554Z,2026-09-19T14:01:06.545048Z,sauce-names-1,sauce-match-1,rule:sauce-structured-1,shopify,1,2_longtail,,False,0,,single_source:shopify,0,,,v1
sauce:down-to-ferment|1-year-jerkiversary-limited,down-to-ferment,Down to Ferment,1-year-jerkiversary-limited,1 Year Jerkiversary (limited),,,,,retail_listing,https://downtoferment.com/products/jerkiversary,15.00,USD,https://down2ferment.com/products/jerkiversary,True,down2ferment.com,2026-09-19T11:09:45.470554Z,2026-09-19T14:01:06.545048Z,sauce-names-1,sauce-match-1,rule:sauce-structured-1,shopify,1,2_longtail,,False,0,,single_source:shopify,0,,,v1
sauce:down-to-ferment|kbbqt,down-to-ferment,Down to Ferment,kbbqt,KBBQT,,,,,retail_listing,https://downtoferment.com/products/kbbqt,12.00,USD,https://down2ferment.com/products/kbbqt,True,down2ferment.com,2026-09-19T11:09:45.470554Z,2026-09-19T14:01:06.545048Z,sauce-names-1,sauce-match-1,rule:sauce-structured-1,shopify,1,2_longtail,,False,0,,single_source:shopify,0,,,v1
sauce:down-to-ferment|smokin-hot-date,down-to-ferment,Down to Ferment,smokin-hot-date,Smokin' Hot Date,32oz,,,,retail_listing,https://down2ferment.com/products/smokin-hot-date,10.00,USD,https://down2ferment.com/products/smokin-hot-date,True,down2ferment.com,2026-09-19T11:09:45.470554Z,2026-09-19T14:01:06.545048Z,sauce-names-1,sauce-match-1,rule:sauce-structured-1,shopify,1,2_longtail,,False,0,,single_source:shopify,0,,,v1
sauce:down-to-ferment|that-s-what-shishito-said,down-to-ferment,Down to Ferment,that-s-what-shishito-said,That’s What Shishito Said,32oz,,,,retail_listing,https://downtoferment.com/products/thats-what-shishito-said,10.00,USD,https://down2ferment.com/products/thats-what-shishito-said,True,down2ferment.com,2026-09-19T11:09:45.470554Z,2026-09-19T14:01:06.545048Z,sauce-names-1,sauce-match-1,rule:sauce-structured-1,shopify,1,2_longtail,,False,0,,single_source:shopify,0,,,v1
sauce:down-to-ferment|kitchen-sink,down-to-ferment,Down to Ferment,kitchen-sink,The Kitchen Sink,,,,,retail_listing,https://downtoferment.com/products/the-kitchen-sink,104.00,USD,https://down2ferment.com/products/the-kitchen-sink,True,down2ferment.com,2026-09-19T11:09:45.470554Z,2026-09-19T14:01:06.545048Z,sauce-names-1,sauce-match-1,rule:sauce-structured-1,shopify,1,2_longtail,,False,0,,single_source:shopify,0,,,v1
sauce:down-to-ferment|3-year-anniversary-har-issa-vibe-limited,down-to-ferment,Down to Ferment,3-year-anniversary-har-issa-vibe-limited,3 Year Anniversary: Har-issa Vibe! (limited),,,,,retail_listing,https://downtoferment.com/products/3-year-anniversary-sauce-har-issa-vibe,15.00,USD,https://downtoferment.com/products/3-year-anniversary-sauce-har-issa-vibe,True,downtoferment.com,2026-09-19T11:09:45.470554Z,2026-09-19T14:01:06.545048Z,sauce-names-1,sauce-match-1,rule:sauce-structured-1,shopify,1,2_longtail,,False,0,,single_source:shopify,0,,,v1
sauce:down-to-ferment|dadbod,down-to-ferment,Down to Ferment,dadbod,Dadbod,32oz,,,,retail_listing,https://down2ferment.com/products/32oz-dadbod,39.00,USD,https://downtoferment.com/products/32oz-dadbod,True,downtoferment.com,2026-09-19T11:09:45.470554Z,2026-09-19T14:01:06.545048Z,sauce-names-1,sauce-match-1,rule:sauce-structured-1,shopify,1,2_longtail,,False,0,,single_source:shopify,0,,,v1
sauce:down-to-ferment|5-year-anniversary-beri-beri-knotty-limited,down-to-ferment,Down to Ferment,5-year-anniversary-beri-beri-knotty-limited,5 Year Anniversary: Beri Beri Knotty (limited),,,,,retail_listing,https://downtoferment.com/products/5-year-anniversary-beri-beri-knotty,15.00,USD,https://downtoferment.com/products/5-year-anniversary-beri-beri-knotty,True,downtoferment.com,2026-09-19T11:09:45.470554Z,2026-09-19T14:01:06.545048Z,sauce-names-1,sauce-match-1,rule:sauce-structured-1,shopify,1,2_longtail,,False,0,,single_source:shopify,0,,,v1
sauce:down-to-ferment|complete-anniversary-pack-limited,down-to-ferment,Down to Ferment,complete-anniversary-pack-limited,COMPLETE ANNIVERSARY PACK (limited),,,,,retail_listing,https://down2ferment.com/products/complete-anniversary-pack,89.00,USD,https://downtoferment.com/products/complete-anniversary-pack,True,downtoferment.com,2026-09-19T11:09:45.470554Z,2026-09-19T14:01:06.545048Z,sauce-names-1,sauce-match-1,rule:sauce-structured-1,shopify,1,2_longtail,,False,0,,single_source:shopify,0,,,v1
sauce:down-to-ferment|ghosted,down-to-ferment,Down to Ferment,ghosted,Ghosted,32oz,,,,retail_listing,https://down2ferment.com/products/32oz-ghosted,12.00,USD,https://downtoferment.com/products/ghosted,True,downtoferment.com,2026-09-19T11:09:45.470554Z,2026-09-19T14:01:06.545048Z,sauce-names-1,sauce-match-1,rule:sauce-structured-1,shopify,1,2_longtail,,False,0,,single_source:shopify,0,,,v1
sauce:down-to-ferment|haban-guero-pina,down-to-ferment,Down to Ferment,haban-guero-pina,Haban-guero Piña,32oz,,,,retail_listing,https://downtoferment.com/products/haban-guero-pina,10.00,USD,https://downtoferment.com/products/haban-guero-pina,True,downtoferment.com,2026-09-19T11:09:45.470554Z,2026-09-19T14:01:06.545048Z,sauce-names-1,sauce-match-1,rule:sauce-structured-1,shopify,1,2_longtail,,False,0,,single_source:shopify,0,,,v1
sauce:down-to-ferment|haban-guero,down-to-ferment,Down to Ferment,haban-guero,Haban-Guero,32oz,,,,retail_listing,https://downtoferment.com/products/32oz-haban-guero,10.00,USD,https://downtoferment.com/products/habanguero,True,downtoferment.com,2026-09-19T11:09:45.470554Z,2026-09-19T14:01:06.545048Z,sauce-names-1,sauce-match-1,rule:sauce-structured-1,shopify,1,2_longtail,,False,0,,single_source:shopify,0,,,v1
sauce:down-to-ferment|one-pump-chumps-roasted-hatch-chili-limited,down-to-ferment,Down to Ferment,one-pump-chumps-roasted-hatch-chili-limited,One Pump Chumps: Roasted Hatch Chili (limited),,,,,retail_listing,https://down2ferment.com/products/hatch-roasted-chili-sauce,12.00,USD,https://downtoferment.com/products/hatch-roasted-chili-sauce,True,downtoferment.com,2026-09-19T11:09:45.470554Z,2026-09-19T14:01:06.545048Z,sauce-names-1,sauce-match-1,rule:sauce-structured-1,shopify,1,2_longtail,,False,0,,single_source:shopify,0,,,v1
sauce:down-to-ferment|whole-enchilada,down-to-ferment,Down to Ferment,whole-enchilada,The Whole Enchilada,,,,,retail_listing,https://down2ferment.com/products/the-whole-enchilada,85.00,USD,https://downtoferment.com/products/the-whole-enchilada,True,downtoferment.com,2026-09-19T11:09:45.470554Z,2026-09-19T14:01:06.545048Z,sauce-names-1,sauce-match-1,rule:sauce-structured-1,shopify,1,2_longtail,,False,0,,single_source:shopify,0,,,v1
sauce:el-yucateco-gear-shop|el-yucateco-individual-sauce-packets-case,el-yucateco-gear-shop,El Yucateco Gear Shop,el-yucateco-individual-sauce-packets-case,El Yucateco Individual Sauce Packets - CASE,,,,,retail_listing,https://shopelyucateco.com/products/el-yucateco-individual-sauce-packets-case,21.95,USD,https://shopelyucateco.com/products/el-yucateco-individual-sauce-packets-case,True,shopelyucateco.com,2026-09-19T11:09:45.470554Z,2026-09-19T14:01:06.545048Z,sauce-names-1,sauce-match-1,rule:sauce-structured-1,shopify,1,2_longtail,,False,0,,single_source:shopify,0,,,v1
sauce:el-yucateco|hot-sauce-gift-pack,el-yucateco,El Yucateco,hot-sauce-gift-pack,Hot Sauce Gift Pack,,,,,retail_listing,https://shopelyucateco.com/products/hot-sauce-gift-pack-2020,27.95,USD,https://shopelyucateco.com/products/hot-sauce-gift-pack-2020,True,shopelyucateco.com,2026-09-19T11:09:45.470554Z,2026-09-19T14:01:06.545048Z,sauce-names-1,sauce-match-1,rule:sauce-structured-1,shopify,1,2_longtail,,False,0,,single_source:shopify,0,,,v1
sauce:elijah-s-xtreme|hot-honey,elijah-s-xtreme,Elijah's Xtreme,hot-honey,Hot Honey,,,,,retail_listing,https://heathotsauce.com/products/elijahs-xtreme-hot-honey,15.99,USD,https://heathotsauce.com/products/elijahs-xtreme-hot-honey,True,heathotsauce.com,2026-09-19T13:52:25.427841Z,2026-09-19T14:01:06.545048Z,sauce-names-1,sauce-match-1,rule:sauce-structured-1,shopify,1,2_longtail,,True,45,sauce:beetown|hot-honey|sauce:berryhill|hot-honey|sauce:bettergood|hot-honey|sauce:chef-ray-sheehan|hot-honey|sauce:clif-family|hot-honey,single_source:shopify,0,,,v1
sauce:elijah-s|bourbon-infused-blueberry-chipotle-bbq,elijah-s,Elijah's,bourbon-infused-blueberry-chipotle-bbq,Bourbon Infused Blueberry Chipotle BBQ,,,,,unknown,https://puckerbuttpeppercompany.com/products/blueberry-bbq,10.00,USD,https://puckerbuttpeppercompany.com/products/blueberry-bbq,False,puckerbuttpeppercompany.com,2026-09-19T11:09:45.470554Z,2026-09-19T14:01:06.545048Z,sauce-names-1,sauce-match-1,rule:sauce-structured-1,shopify,1,2_longtail,,False,0,,single_source:shopify,0,,,v1
sauce:elijah-s|original,elijah-s,Elijah's,original,Original Hot Sauce,,,,,unknown,https://puckerbuttpeppercompany.com/products/elijahs-original-hot-sauce,10.00,USD,https://puckerbuttpeppercompany.com/products/elijahs-original-hot-sauce,False,puckerbuttpeppercompany.com,2026-09-19T11:09:45.470554Z,2026-09-19T14:01:06.545048Z,sauce-names-1,sauce-match-1,rule:sauce-structured-1,shopify,1,2_longtail,,True,23,sauce:82-s|original|sauce:bombanana|original|sauce:bruce|original|sauce:buldak|original|sauce:char-man|original,single_source:shopify,0,,,v1
sauce:elijah-s|pineapple-mango,elijah-s,Elijah's,pineapple-mango,Pineapple-Mango Hot Sauce,,,,,unknown,https://puckerbuttpeppercompany.com/products/elijahs-pineapple-mango-hot-sauce,10.00,USD,https://puckerbuttpeppercompany.com/products/elijahs-pineapple-mango-hot-sauce,False,puckerbuttpeppercompany.com,2026-09-19T11:09:45.470554Z,2026-09-19T14:01:06.545048Z,sauce-names-1,sauce-match-1,rule:sauce-structured-1,shopify,1,2_longtail,,False,0,,single_source:shopify,0,,,v1
sauce:elijah-s|xtreme-hot-honey,elijah-s,Elijah's,xtreme-hot-honey,Xtreme Hot Honey,,,,,unknown,https://puckerbuttpeppercompany.com/products/elijahs-xtreme-hot-honey,13.00,USD,https://puckerbuttpeppercompany.com/products/elijahs-xtreme-hot-honey,False,puckerbuttpeppercompany.com,2026-09-19T11:09:45.470554Z,2026-09-19T14:01:06.545048Z,sauce-names-1,sauce-match-1,rule:sauce-structured-1,shopify,1,2_longtail,,True,1,sauce:elijah-s-xtreme|hot-honey,single_source:shopify,0,,,v1
sauce:elijah-s|xtreme-reaper,elijah-s,Elijah's,xtreme-reaper,Xtreme Reaper Sauce,,,,,unknown,https://puckerbuttpeppercompany.com/products/elijahs-xtreme-reaper-sauce,12.00,USD,https://puckerbuttpeppercompany.com/products/elijahs-xtreme-reaper-sauce,False,puckerbuttpeppercompany.com,2026-09-19T11:09:45.470554Z,2026-09-19T14:01:06.545048Z,sauce-names-1,sauce-match-1,rule:sauce-structured-1,shopify,1,2_longtail,,False,0,,single_source:shopify,0,,,v1
sauce:elijah-s|xtreme-regret,elijah-s,Elijah's,xtreme-regret,Xtreme Regret,,,,,unknown,https://puckerbuttpeppercompany.com/products/elijahs-xtreme-regret,13.00,USD,https://puckerbuttpeppercompany.com/products/elijahs-xtreme-regret,False,puckerbuttpeppercompany.com,2026-09-19T11:09:45.470554Z,2026-09-19T14:01:06.545048Z,sauce-names-1,sauce-match-1,rule:sauce-structured-1,shopify,1,2_longtail,,False,0,,single_source:shopify,0,,,v1
sauce:elijah-s|xtreme-ghost-pepper,elijah-s,Elijah's,xtreme-ghost-pepper,Xtreme Ghost Pepper Sauce,,,,,unknown,https://puckerbuttpeppercompany.com/products/xtreme-ghost-pepper-sauce,10.00,USD,https://puckerbuttpeppercompany.com/products/xtreme-ghost-pepper-sauce,False,puckerbuttpeppercompany.com,2026-09-19T11:09:45.470554Z,2026-09-19T14:01:06.545048Z,sauce-names-1,sauce-match-1,rule:sauce-structured-1,shopify,1,2_longtail,,True,1,sauce:elijah-s-xtreme|ghost-pepper,single_source:shopify,0,,,v1
sauce:enchantment-gourmet|agave-river-frontier,enchantment-gourmet,Enchantment Gourmet,agave-river-frontier,Agave River Frontier Hot Sauce,,,,,retail_listing,https://ziachile.com/products/agave-river-frontier-hot-sauce,10.00,USD,https://ziachile.com/products/agave-river-frontier-hot-sauce,True,ziachile.com,2026-09-19T11:09:45.470554Z,2026-09-19T14:01:06.545048Z,sauce-names-1,sauce-match-1,rule:sauce-structured-1,shopify,1,2_longtail,,False,0,,single_source:shopify,0,,,v1
sauce:enchantment-gourmet|alamogordo,enchantment-gourmet,Enchantment Gourmet,alamogordo,Alamogordo Hot Sauce,,,,,retail_listing,https://ziachile.com/products/alamogordo-hot-sauce,10.00,USD,https://ziachile.com/products/alamogordo-hot-sauce,True,ziachile.com,2026-09-19T11:09:45.470554Z,2026-09-19T14:01:06.545048Z,sauce-names-1,sauce-match-1,rule:sauce-structured-1,shopify,1,2_longtail,,False,0,,single_source:shopify,0,,,v1
sauce:enchantment-gourmet|albuquerque,enchantment-gourmet,Enchantment Gourmet,albuquerque,Albuquerque Hot Sauce,,,,,retail_listing,https://ziachile.com/products/albuquerque-hot-sauce,10.00,USD,https://ziachile.com/products/albuquerque-hot-sauce,True,ziachile.com,2026-09-19T11:09:45.470554Z,2026-09-19T14:01:06.545048Z,sauce-names-1,sauce-match-1,rule:sauce-structured-1,shopify,1,2_longtail,,False,0,,single_source:shopify,0,,,v1
sauce:enchantment-gourmet|black-dog-serrano,enchantment-gourmet,Enchantment Gourmet,black-dog-serrano,Black Dog Serrano Hot Sauce,,,,,retail_listing,https://ziachile.com/products/black-dog-serrano,10.00,USD,https://ziachile.com/products/black-dog-serrano,True,ziachile.com,2026-09-19T11:09:45.470554Z,2026-09-19T14:01:06.545048Z,sauce-names-1,sauce-match-1,rule:sauce-structured-1,shopify,1,2_longtail,,False,0,,single_source:shopify,0,,,v1
sauce:enchantment-gourmet|cloudcroft,enchantment-gourmet,Enchantment Gourmet,cloudcroft,Cloudcroft Hot Sauce,,,,,retail_listing,https://ziachile.com/products/cloudcroft-hot-sauce,10.00,USD,https://ziachile.com/products/cloudcroft-hot-sauce,True,ziachile.com,2026-09-19T11:09:45.470554Z,2026-09-19T14:01:06.545048Z,sauce-names-1,sauce-match-1,rule:sauce-structured-1,shopify,1,2_longtail,,False,0,,single_source:shopify,0,,,v1
sauce:enchantment-gourmet|embrace-elixir-chile-berry,enchantment-gourmet,Enchantment Gourmet,embrace-elixir-chile-berry,Embrace Elixir Chile-Berry,,,,,retail_listing,https://ziachile.com/products/embrace-elixir-chile-berry,10.00,USD,https://ziachile.com/products/embrace-elixir-chile-berry,True,ziachile.com,2026-09-19T11:09:45.470554Z,2026-09-19T14:01:06.545048Z,sauce-names-1,sauce-match-1,rule:sauce-structured-1,shopify,1,2_longtail,,True,1,sauce:enchantment-gourmet|embrace-elixir-chile-cherry,single_source:shopify,0,,,v1
sauce:enchantment-gourmet|embrace-elixir-chile-cherry,enchantment-gourmet,Enchantment Gourmet,embrace-elixir-chile-cherry,Embrace Elixir Chile-Cherry,,,,,retail_listing,https://ziachile.com/products/embrace-elixir-chile-cherry,10.00,USD,https://ziachile.com/products/embrace-elixir-chile-cherry,True,ziachile.com,2026-09-19T11:09:45.470554Z,2026-09-19T14:01:06.545048Z,sauce-names-1,sauce-match-1,rule:sauce-structured-1,shopify,1,2_longtail,,True,1,sauce:enchantment-gourmet|embrace-elixir-chile-berry,single_source:shopify,0,,,v1
sauce:enchantment-gourmet|habanero-sunrise,enchantment-gourmet,Enchantment Gourmet,habanero-sunrise,Habanero Sunrise Hot Sauce,,,,,retail_listing,https://ziachile.com/products/habanero-sunrise-hot-sauce,10.00,USD,https://ziachile.com/products/habanero-sunrise-hot-sauce,True,ziachile.com,2026-09-19T11:09:45.470554Z,2026-09-19T14:01:06.545048Z,sauce-names-1,sauce-match-1,rule:sauce-structured-1,shopify,1,2_longtail,,False,0,,single_source:shopify,0,,,v1
sauce:enchantment-gourmet|hatch-green-chile,enchantment-gourmet,Enchantment Gourmet,hatch-green-chile,Hatch Green Chile Hot Sauce,,,,,retail_listing,https://ziachile.com/products/hatch-green-chile-sauce,10.00,USD,https://ziachile.com/products/hatch-green-chile-sauce,True,ziachile.com,2026-09-19T11:09:45.470554Z,2026-09-19T14:01:06.545048Z,sauce-names-1,sauce-match-1,rule:sauce-structured-1,shopify,1,2_longtail,,True,3,sauce:los-chileros|hatch-green-chile|sauce:sante-fe-seasons|hatch-green-chile|sauce:|hatch-green-chile,single_source:shopify,0,,,v1
sauce:enchantment-gourmet|hatch-red-chile,enchantment-gourmet,Enchantment Gourmet,hatch-red-chile,Hatch Red Chile Hot Sauce,,,,,retail_listing,https://ziachile.com/products/hatch-roasted-red-chile,10.00,USD,https://ziachile.com/products/hatch-roasted-red-chile,True,ziachile.com,2026-09-19T11:09:45.470554Z,2026-09-19T14:01:06.545048Z,sauce-names-1,sauce-match-1,rule:sauce-structured-1,shopify,1,2_longtail,,False,0,,single_source:shopify,0,,,v1
sauce:enchantment-gourmet|kowit,enchantment-gourmet,Enchantment Gourmet,kowit,Kowit Hot Sauce,,,,,retail_listing,https://ziachile.com/products/kowit,10.00,USD,https://ziachile.com/products/kowit,True,ziachile.com,2026-09-19T11:09:45.470554Z,2026-09-19T14:01:06.545048Z,sauce-names-1,sauce-match-1,rule:sauce-structured-1,shopify,1,2_longtail,,False,0,,single_source:shopify,0,,,v1
sauce:enchantment-gourmet|las-cruces,enchantment-gourmet,Enchantment Gourmet,las-cruces,Las Cruces Hot Sauce,,,,,retail_listing,https://ziachile.com/products/las-cruces-hot-sauce,10.00,USD,https://ziachile.com/products/las-cruces-hot-sauce,True,ziachile.com,2026-09-19T11:09:45.470554Z,2026-09-19T14:01:06.545048Z,sauce-names-1,sauce-match-1,rule:sauce-structured-1,shopify,1,2_longtail,,False,0,,single_source:shopify,0,,,v1
sauce:enchantment-gourmet|lumbre-habanero-salsa,enchantment-gourmet,Enchantment Gourmet,lumbre-habanero-salsa,Lumbre & Habanero Salsa,,,,,retail_listing,https://ziachile.com/products/lumbre-habanero-salsa,10.00,USD,https://ziachile.com/products/lumbre-habanero-salsa,True,ziachile.com,2026-09-19T11:09:45.470554Z,2026-09-19T14:01:06.545048Z,sauce-names-1,sauce-match-1,rule:sauce-structured-1,shopify,1,2_longtail,,False,0,,single_source:shopify,0,,,v1
sauce:enchantment-gourmet|mesilla,enchantment-gourmet,Enchantment Gourmet,mesilla,Mesilla Hot Sauce,,,,,retail_listing,https://ziachile.com/products/mesilla-hot-sauce,10.00,USD,https://ziachile.com/products/mesilla-hot-sauce,True,ziachile.com,2026-09-19T11:09:45.470554Z,2026-09-19T14:01:06.545048Z,sauce-names-1,sauce-match-1,rule:sauce-structured-1,shopify,1,2_longtail,,False,0,,single_source:shopify,0,,,v1
sauce:enchantment-gourmet|new-mexico,enchantment-gourmet,Enchantment Gourmet,new-mexico,New Mexico Hot Sauce,,,,,retail_listing,https://ziachile.com/products/new-mexico-hot-sauce,10.00,USD,https://ziachile.com/products/new-mexico-hot-sauce,True,ziachile.com,2026-09-19T11:09:45.470554Z,2026-09-19T14:01:06.545048Z,sauce-names-1,sauce-match-1,rule:sauce-structured-1,shopify,1,2_longtail,,False,0,,single_source:shopify,0,,,v1
sauce:enchantment-gourmet|numex-scorpion,enchantment-gourmet,Enchantment Gourmet,numex-scorpion,NuMex Scorpion Hot Sauce,,,,,retail_listing,https://ziachile.com/products/numex-scorpion-hot-sauce,10.00,USD,https://ziachile.com/products/numex-scorpion-hot-sauce,True,ziachile.com,2026-09-19T11:09:45.470554Z,2026-09-19T14:01:06.545048Z,sauce-names-1,sauce-match-1,rule:sauce-structured-1,shopify,1,2_longtail,,False,0,,single_source:shopify,0,,,v1
sauce:enchantment-gourmet|organ-mountain,enchantment-gourmet,Enchantment Gourmet,organ-mountain,Organ Mountain Hot Sauce,,,,,retail_listing,https://ziachile.com/products/organ-mountain,10.00,USD,https://ziachile.com/products/organ-mountain,True,ziachile.com,2026-09-19T11:09:45.470554Z,2026-09-19T14:01:06.545048Z,sauce-names-1,sauce-match-1,rule:sauce-structured-1,shopify,1,2_longtail,,False,0,,single_source:shopify,0,,,v1
sauce:enchantment-gourmet|posole-verde-medium,enchantment-gourmet,Enchantment Gourmet,posole-verde-medium,Posole Verde Medium,,,,,retail_listing,https://ziachile.com/products/posole-verde-medium,10.00,USD,https://ziachile.com/products/posole-verde-medium,True,ziachile.com,2026-09-19T11:09:45.470554Z,2026-09-19T14:01:06.545048Z,sauce-names-1,sauce-match-1,rule:sauce-structured-1,shopify,1,2_longtail,,False,0,,single_source:shopify,0,,,v1
sauce:enchantment-gourmet|ragin-roadrunner,enchantment-gourmet,Enchantment Gourmet,ragin-roadrunner,Ragin' Roadrunner Hot Sauce,,,,,retail_listing,https://ziachile.com/products/ragin-roadrunner-hot-sauce,10.00,USD,https://ziachile.com/products/ragin-roadrunner-hot-sauce,True,ziachile.com,2026-09-19T11:09:45.470554Z,2026-09-19T14:01:06.545048Z,sauce-names-1,sauce-match-1,rule:sauce-structured-1,shopify,1,2_longtail,,False,0,,single_source:shopify,0,,,v1
sauce:enchantment-gourmet|rio-grande,enchantment-gourmet,Enchantment Gourmet,rio-grande,Rio Grande Hot Sauce,,,,,retail_listing,https://ziachile.com/products/rio-grande-hot-sauce,10.00,USD,https://ziachile.com/products/rio-grande-hot-sauce,True,ziachile.com,2026-09-19T11:09:45.470554Z,2026-09-19T14:01:06.545048Z,sauce-names-1,sauce-match-1,rule:sauce-structured-1,shopify,1,2_longtail,,False,0,,single_source:shopify,0,,,v1
sauce:enchantment-gourmet|roswell,enchantment-gourmet,Enchantment Gourmet,roswell,Roswell Hot Sauce,,,,,unknown,https://ziachile.com/products/roswell-hot-sauce,10.00,USD,https://ziachile.com/products/roswell-hot-sauce,False,ziachile.com,2026-09-19T11:09:45.470554Z,2026-09-19T14:01:06.545048Z,sauce-names-1,sauce-match-1,rule:sauce-structured-1,shopify,1,2_longtail,,False,0,,single_source:shopify,0,,,v1
sauce:enchantment-gourmet|ruidoso,enchantment-gourmet,Enchantment Gourmet,ruidoso,Ruidoso Hot Sauce,,,,,retail_listing,https://ziachile.com/products/ruidoso-hot-sauce,10.00,USD,https://ziachile.com/products/ruidoso-hot-sauce,True,ziachile.com,2026-09-19T11:09:45.470554Z,2026-09-19T14:01:06.545048Z,sauce-names-1,sauce-match-1,rule:sauce-structured-1,shopify,1,2_longtail,,False,0,,single_source:shopify,0,,,v1
sauce:enchantment-gourmet|santa-fe,enchantment-gourmet,Enchantment Gourmet,santa-fe,Santa Fe Hot Sauce,,,,,retail_listing,https://ziachile.com/products/santa-fe-hot-sauce,10.00,USD,https://ziachile.com/products/santa-fe-hot-sauce,True,ziachile.com,2026-09-19T11:09:45.470554Z,2026-09-19T14:01:06.545048Z,sauce-names-1,sauce-match-1,rule:sauce-structured-1,shopify,1,2_longtail,,False,0,,single_source:shopify,0,,,v1
sauce:enchantment-gourmet|scorpion-sunset,enchantment-gourmet,Enchantment Gourmet,scorpion-sunset,Scorpion Sunset Hot Sauce,,,,,retail_listing,https://ziachile.com/products/scorpion-sunset-hot-sauce,10.00,USD,https://ziachile.com/products/scorpion-sunset-hot-sauce,True,ziachile.com,2026-09-19T11:09:45.470554Z,2026-09-19T14:01:06.545048Z,sauce-names-1,sauce-match-1,rule:sauce-structured-1,shopify,1,2_longtail,,False,0,,single_source:shopify,0,,,v1
sauce:enchantment-gourmet|taos,enchantment-gourmet,Enchantment Gourmet,taos,Taos Hot Sauce,,,,,retail_listing,https://ziachile.com/products/taos-hot-sauce,10.00,USD,https://ziachile.com/products/taos-hot-sauce,True,ziachile.com,2026-09-19T11:09:45.470554Z,2026-09-19T14:01:06.545048Z,sauce-names-1,sauce-match-1,rule:sauce-structured-1,shopify,1,2_longtail,,False,0,,single_source:shopify,0,,,v1
sauce:enchantment-gourmet|tularosa,enchantment-gourmet,Enchantment Gourmet,tularosa,Tularosa Hot Sauce,,,,,retail_listing,https://ziachile.com/products/tularosa-hot-sauce,10.00,USD,https://ziachile.com/products/tularosa-hot-sauce,True,ziachile.com,2026-09-19T11:09:45.470554Z,2026-09-19T14:01:06.545048Z,sauce-names-1,sauce-match-1,rule:sauce-structured-1,shopify,1,2_longtail,,False,0,,single_source:shopify,0,,,v1
sauce:enchantment-gourmet|whiskey-river-frontier,enchantment-gourmet,Enchantment Gourmet,whiskey-river-frontier,Whiskey River Frontier Hot Sauce,,,,,retail_listing,https://ziachile.com/products/whiskey-river-frontier-hot-sauce,10.00,USD,https://ziachile.com/products/whiskey-river-frontier-hot-sauce,True,ziachile.com,2026-09-19T11:09:45.470554Z,2026-09-19T14:01:06.545048Z,sauce-names-1,sauce-match-1,rule:sauce-structured-1,shopify,1,2_longtail,,False,0,,single_source:shopify,0,,,v1
sauce:enchantment-gourmet|white-sands,enchantment-gourmet,Enchantment Gourmet,white-sands,White Sands Hot Sauce,,,,,retail_listing,https://ziachile.com/products/white-sands-hot-sauce,10.00,USD,https://ziachile.com/products/white-sands-hot-sauce,True,ziachile.com,2026-09-19T11:09:45.470554Z,2026-09-19T14:01:06.545048Z,sauce-names-1,sauce-match-1,rule:sauce-structured-1,shopify,1,2_longtail,,False,0,,single_source:shopify,0,,,v1
sauce:facepunch|facepunch-hot-banana-pepper,facepunch,Facepunch Foods,facepunch-hot-banana-pepper,Facepunch Hot Banana Pepper,,,,,retail_listing,https://heathotsauce.com/products/facepunch-hot-banana-pepper,7.99,USD,https://heathotsauce.com/products/facepunch-hot-banana-pepper,True,heathotsauce.com,2026-09-19T13:52:25.427841Z,2026-09-19T14:01:06.545048Z,sauce-names-1,sauce-match-1,rule:sauce-structured-1,shopify,1,2_longtail,,False,0,,single_source:shopify,0,,,v1
sauce:facepunch|foods-project-x-reaper,facepunch,Facepunch,foods-project-x-reaper,Foods - Project X Reaper,,,,,unknown,https://crafthotsauce.com/products/facepunch-foods-project-x,10.00,USD,https://crafthotsauce.com/products/facepunch-foods-project-x,False,crafthotsauce.com,2026-09-19T13:52:25.427841Z,2026-09-19T14:01:06.545048Z,sauce-names-1,sauce-match-1,rule:sauce-structured-1,shopify,1,2_longtail,,False,0,,single_source:shopify,0,,,v1
sauce:facepunch|foods-green-jalapeno,facepunch,Facepunch,foods-green-jalapeno,Foods - Green Jalapeño,,,,,unknown,https://crafthotsauce.com/products/green-jalapeno,8.00,USD,https://crafthotsauce.com/products/green-jalapeno,False,crafthotsauce.com,2026-09-19T13:52:25.427841Z,2026-09-19T14:01:06.545048Z,sauce-names-1,sauce-match-1,rule:sauce-structured-1,shopify,1,2_longtail,,False,0,,single_source:shopify,0,,,v1
sauce:facepunch|foods-hot-banana-pepper,facepunch,Facepunch,foods-hot-banana-pepper,Foods - Hot Banana Pepper,,,,,unknown,https://crafthotsauce.com/products/hot-banana-pepper,7.50,USD,https://crafthotsauce.com/products/hot-banana-pepper,False,crafthotsauce.com,2026-09-19T13:52:25.427841Z,2026-09-19T14:01:06.545048Z,sauce-names-1,sauce-match-1,rule:sauce-structured-1,shopify,1,2_longtail,,False,0,,single_source:shopify,0,,,v1
sauce:facepunch|foods-red-jalapeno,facepunch,Facepunch,foods-red-jalapeno,Foods - Red Jalapeño,,,,,unknown,https://crafthotsauce.com/products/red-jalapeno-facepunch,7.50,USD,https://crafthotsauce.com/products/red-jalapeno-facepunch,False,crafthotsauce.com,2026-09-19T13:52:25.427841Z,2026-09-19T14:01:06.545048Z,sauce-names-1,sauce-match-1,rule:sauce-structured-1,shopify,1,2_longtail,,False,0,,single_source:shopify,0,,,v1
sauce:facepunch|foods-thai-chili,facepunch,Facepunch,foods-thai-chili,Foods - Thai Chili,,,,,unknown,https://crafthotsauce.com/products/thai-chili,9.00,USD,https://crafthotsauce.com/products/thai-chili,False,crafthotsauce.com,2026-09-19T13:52:25.427841Z,2026-09-19T14:01:06.545048Z,sauce-names-1,sauce-match-1,rule:sauce-structured-1,shopify,1,2_longtail,,False,0,,single_source:shopify,0,,,v1
sauce:family-traditions-specialty|coconut-joe-s-scovie-award-pack,family-traditions-specialty,Family Traditions Specialty Foods,coconut-joe-s-scovie-award-pack,Coconut Joe's Scovie Award Pack,,,,,retail_listing,https://familytraditionsspecialtyfoods.com/products/coconut-joes-combo-3-way,27.00,USD,https://familytraditionsspecialtyfoods.com/products/coconut-joes-combo-3-way,True,familytraditionsspecialtyfoods.com,2026-09-19T11:09:45.470554Z,2026-09-19T14:01:06.545048Z,sauce-names-1,sauce-match-1,rule:sauce-structured-1,shopify,1,2_longtail,,False,0,,single_source:shopify,0,,,v1
sauce:family-traditions-specialty|coconut-joe-s-family-4-pack,family-traditions-specialty,Family Traditions Specialty Foods,coconut-joe-s-family-4-pack,Coconut Joe's Family 4-Pack,,,,,retail_listing,https://familytraditionsspecialtyfoods.com/products/coconut-joes-family-4-pack,36.00,USD,https://familytraditionsspecialtyfoods.com/products/coconut-joes-family-4-pack,True,familytraditionsspecialtyfoods.com,2026-09-19T11:09:45.470554Z,2026-09-19T14:01:06.545048Z,sauce-names-1,sauce-match-1,rule:sauce-structured-1,shopify,1,2_longtail,,False,0,,single_source:shopify,0,,,v1
sauce:family-traditions-specialty|coconut-joe-s-jalapeno-garlic-4-pack,family-traditions-specialty,Family Traditions Specialty Foods,coconut-joe-s-jalapeno-garlic-4-pack,Coconut Joe's Jalapeno Garlic 4-Pack,,,,,retail_listing,https://familytraditionsspecialtyfoods.com/products/coconut-joes-jalapeno-garlic-4-pack,36.00,USD,https://familytraditionsspecialtyfoods.com/products/coconut-joes-jalapeno-garlic-4-pack,True,familytraditionsspecialtyfoods.com,2026-09-19T11:09:45.470554Z,2026-09-19T14:01:06.545048Z,sauce-names-1,sauce-match-1,rule:sauce-structured-1,shopify,1,2_longtail,,False,0,,single_source:shopify,0,,,v1
sauce:family-traditions-specialty|coconut-joe-s-jalapeno-garlic-hot-sauce-mild-gourmet,family-traditions-specialty,Family Traditions Specialty Foods,coconut-joe-s-jalapeno-garlic-hot-sauce-mild-gourmet,Coconut Joe's Jalapeno Garlic Hot Sauce- Mild Gourmet Hot Sauce,,,,,retail_listing,https://familytraditionsspecialtyfoods.com/products/coconut-joes-jalapeno-garlic-hot-sauce,10.00,USD,https://familytraditionsspecialtyfoods.com/products/coconut-joes-jalapeno-garlic-hot-sauce,True,familytraditionsspecialtyfoods.com,2026-09-19T11:09:45.470554Z,2026-09-19T14:01:06.545048Z,sauce-names-1,sauce-match-1,rule:sauce-structured-1,shopify,1,2_longtail,,False,0,,single_source:shopify,0,,,v1
sauce:family-traditions-specialty|coconut-joe-s-mango-datil-4-pack,family-traditions-specialty,Family Traditions Specialty Foods,coconut-joe-s-mango-datil-4-pack,Coconut Joe's Mango Datil 4-Pack,,,,,retail_listing,https://familytraditionsspecialtyfoods.com/products/coconut-joes-mango-datil-4-pack,36.00,USD,https://familytraditionsspecialtyfoods.com/products/coconut-joes-mango-datil-4-pack,True,familytraditionsspecialtyfoods.com,2026-09-19T11:09:45.470554Z,2026-09-19T14:01:06.545048Z,sauce-names-1,sauce-match-1,rule:sauce-structured-1,shopify,1,2_longtail,,False,0,,single_source:shopify,0,,,v1
sauce:family-traditions-specialty|coconut-joe-s-mango-datil-hot-sauce-sweet-heat,family-traditions-specialty,Family Traditions Specialty Foods,coconut-joe-s-mango-datil-hot-sauce-sweet-heat,Coconut Joe's Mango Datil Hot Sauce- Sweet Heat Hot Sauce,,,,,retail_listing,https://familytraditionsspecialtyfoods.com/products/coconut-joes-mango-datil-hot-sauce,10.00,USD,https://familytraditionsspecialtyfoods.com/products/coconut-joes-mango-datil-hot-sauce,True,familytraditionsspecialtyfoods.com,2026-09-19T11:09:45.470554Z,2026-09-19T14:01:06.545048Z,sauce-names-1,sauce-match-1,rule:sauce-structured-1,shopify,1,2_longtail,,False,0,,single_source:shopify,0,,,v1
sauce:family-traditions-specialty|coconut-joe-s-pineapple-ghost-4-pack,family-traditions-specialty,Family Traditions Specialty Foods,coconut-joe-s-pineapple-ghost-4-pack,Coconut Joe's Pineapple Ghost 4-Pack,,,,,retail_listing,https://familytraditionsspecialtyfoods.com/products/coconut-joes-pineapple-ghost-4-pack,36.00,USD,https://familytraditionsspecialtyfoods.com/products/coconut-joes-pineapple-ghost-4-pack,True,familytraditionsspecialtyfoods.com,2026-09-19T11:09:45.470554Z,2026-09-19T14:01:06.545048Z,sauce-names-1,sauce-match-1,rule:sauce-structured-1,shopify,1,2_longtail,,False,0,,single_source:shopify,0,,,v1
sauce:family-traditions-specialty|coconut-joe-s-pineapple-ghost-hot-sauce-spicy-fruit,family-traditions-specialty,Family Traditions Specialty Foods,coconut-joe-s-pineapple-ghost-hot-sauce-spicy-fruit,Coconut Joe's Pineapple Ghost Hot Sauce- Spicy Fruit Hot Sauce,,,,,retail_listing,https://familytraditionsspecialtyfoods.com/products/coconut-joes-pineapple-ghost-hot-sauce,10.00,USD,https://familytraditionsspecialtyfoods.com/products/coconut-joes-pineapple-ghost-hot-sauce,True,familytraditionsspecialtyfoods.com,2026-09-19T11:09:45.470554Z,2026-09-19T14:01:06.545048Z,sauce-names-1,sauce-match-1,rule:sauce-structured-1,shopify,1,2_longtail,,False,0,,single_source:shopify,0,,,v1
sauce:family-traditions-specialty|coconut-joe-s-sriracha-4-pack,family-traditions-specialty,Family Traditions Specialty Foods,coconut-joe-s-sriracha-4-pack,Coconut Joe's Sriracha 4-Pack,,,,,retail_listing,https://familytraditionsspecialtyfoods.com/products/coconut-joes-sriracha-4-pack-1,36.00,USD,https://familytraditionsspecialtyfoods.com/products/coconut-joes-sriracha-4-pack-1,True,familytraditionsspecialtyfoods.com,2026-09-19T11:09:45.470554Z,2026-09-19T14:01:06.545048Z,sauce-names-1,sauce-match-1,rule:sauce-structured-1,shopify,1,2_longtail,,False,0,,single_source:shopify,0,,,v1
sauce:family-traditions-specialty|coconut-joe-s-sriracha-hot-sauce-artisan-sriracha-style,family-traditions-specialty,Family Traditions Specialty Foods,coconut-joe-s-sriracha-hot-sauce-artisan-sriracha-style,Coconut Joe's Sriracha Hot Sauce- Artisan Sriracha Style Hot Sauce,,,,,retail_listing,https://familytraditionsspecialtyfoods.com/products/coconut-joes-sriracha-hot-sauce,10.00,USD,https://familytraditionsspecialtyfoods.com/products/coconut-joes-sriracha-hot-sauce,True,familytraditionsspecialtyfoods.com,2026-09-19T11:09:45.470554Z,2026-09-19T14:01:06.545048Z,sauce-names-1,sauce-match-1,rule:sauce-structured-1,shopify,1,2_longtail,,False,0,,single_source:shopify,0,,,v1
sauce:fantastic-fuego-store|dragon-fury-poblano,fantastic-fuego-store,Fantastic Fuego Store,dragon-fury-poblano,DRAGON FURY POBLANO HOT SAUCE,,,,,retail_listing,https://fantasticfuego.com/products/dragon-fury-creamy-poblano-hot-sauce,10.00,USD,https://fantasticfuego.com/products/dragon-fury-creamy-poblano-hot-sauce,True,fantasticfuego.com,2026-09-19T11:09:45.470554Z,2026-09-19T14:01:06.545048Z,sauce-names-1,sauce-match-1,rule:sauce-structured-1,shopify,1,2_longtail,,False,0,,single_source:shopify,0,,,v1
sauce:fantastic-fuego-store|fantastic-fuego-pepper-shirt,fantastic-fuego-store,Fantastic Fuego Store,fantastic-fuego-pepper-shirt,Fantastic Fuego Pepper Shirt,,,,,retail_listing,https://fantasticfuego.com/products/fantastic-fuego-pepper-shirt,20.00,USD,https://fantasticfuego.com/products/fantastic-fuego-pepper-shirt,True,fantasticfuego.com,2026-09-19T11:09:45.470554Z,2026-09-19T14:01:06.545048Z,sauce-names-1,sauce-match-1,rule:sauce-structured-1,shopify,1,2_longtail,,False,0,,single_source:shopify,0,,,v1
sauce:fantastic-fuego-store|five-deadly-venoms-5-pepper-salsa,fantastic-fuego-store,Fantastic Fuego Store,five-deadly-venoms-5-pepper-salsa,FIVE DEADLY VENOMS 5 PEPPER SALSA,,,,,unknown,https://fantasticfuego.com/products/secret-salsa,10.00,USD,https://fantasticfuego.com/products/secret-salsa,False,fantasticfuego.com,2026-09-19T11:09:45.470554Z,2026-09-19T14:01:06.545048Z,sauce-names-1,sauce-match-1,rule:sauce-structured-1,shopify,1,2_longtail,,False,0,,single_source:shopify,0,,,v1
sauce:fartley-farms|8-scorpion-garlic,fartley-farms,Fartley Farms,8-scorpion-garlic,"8, Scorpion Garlic",,,,,unknown,https://crafthotsauce.com/products/fartley-farms-scorpion-garlic,13.00,USD,https://crafthotsauce.com/products/fartley-farms-scorpion-garlic,False,crafthotsauce.com,2026-09-19T13:52:25.427841Z,2026-09-19T14:01:06.545048Z,sauce-names-1,sauce-match-1,rule:sauce-structured-1,shopify,1,2_longtail,,False,0,,single_source:shopify,0,,,v1
sauce:fartley-farms|2-serrano-garlic,fartley-farms,Fartley Farms,2-serrano-garlic,"2, Serrano Garlic",,,,,unknown,https://crafthotsauce.com/products/fartley-farms-serrano-garlic,10.00,USD,https://crafthotsauce.com/products/fartley-farms-serrano-garlic,False,crafthotsauce.com,2026-09-19T13:52:25.427841Z,2026-09-19T14:01:06.545048Z,sauce-names-1,sauce-match-1,rule:sauce-structured-1,shopify,1,2_longtail,,False,0,,single_source:shopify,0,,,v1
sauce:fartley-farms|3-sweet-habanero,fartley-farms,Fartley Farms,3-sweet-habanero,"3, Sweet Habanero",,,,,unknown,https://crafthotsauce.com/products/fartley-farms-sweet-habanero,9.00,USD,https://crafthotsauce.com/products/fartley-farms-sweet-habanero,False,crafthotsauce.com,2026-09-19T13:52:25.427841Z,2026-09-19T14:01:06.545048Z,sauce-names-1,sauce-match-1,rule:sauce-structured-1,shopify,1,2_longtail,,False,0,,single_source:shopify,0,,,v1
sauce:fermented-fire|day-man,fermented-fire,Fermented Fire Hot Sauce Co.,day-man,Day Man Hot Sauce,,,,,retail_listing,https://heathotsauce.com/products/day-man-hot-sauce,11.99,USD,https://heathotsauce.com/products/day-man-hot-sauce,True,heathotsauce.com,2026-09-19T13:52:25.427841Z,2026-09-19T14:01:06.545048Z,sauce-names-1,sauce-match-1,rule:sauce-structured-1,shopify,1,2_longtail,,False,0,,single_source:shopify,0,,,v1
sauce:formosa|ghost-pepper,formosa,Formosa,ghost-pepper,Ghost Pepper,,,,,retail_listing,https://heathotsauce.com/products/formosa-ghost-pepper,7.99,USD,https://heathotsauce.com/products/formosa-ghost-pepper,True,heathotsauce.com,2026-09-19T13:52:25.427841Z,2026-09-19T14:01:06.545048Z,sauce-names-1,sauce-match-1,rule:sauce-structured-1,shopify,1,2_longtail,,True,7,sauce:dave-s-gourmet|ghost-pepper|sauce:elijah-s-xtreme|ghost-pepper|sauce:horseshoe|ghost-pepper|sauce:melinda-s|ghost-pepper|sauce:palo-alto-firefighters|ghost-pepper,single_source:shopify,0,,,v1
sauce:freaky-ferments-food-beverage|daily-driver,freaky-ferments-food-beverage,Freaky Ferments Food & Beverage,daily-driver,Daily Driver,,,,,retail_listing,https://freakyferments.com/products/daily-driver,10.49,USD,https://freakyferments.com/products/daily-driver,True,freakyferments.com,2026-09-19T11:09:45.470554Z,2026-09-19T14:01:06.545048Z,sauce-names-1,sauce-match-1,rule:sauce-structured-1,shopify,1,2_longtail,,False,0,,single_source:shopify,0,,,v1
sauce:freaky-ferments-food-beverage|firemelon,freaky-ferments-food-beverage,Freaky Ferments Food & Beverage,firemelon,Firemelon,,,,,unknown,https://freakyferments.com/products/firemelon,12.00,USD,https://freakyferments.com/products/firemelon,False,freakyferments.com,2026-09-19T11:09:45.470554Z,2026-09-19T14:01:06.545048Z,sauce-names-1,sauce-match-1,rule:sauce-structured-1,shopify,1,2_longtail,,False,0,,single_source:shopify,0,,,v1
sauce:freaky-ferments-food-beverage|freaky-family-15-hot-sauces,freaky-ferments-food-beverage,Freaky Ferments Food & Beverage,freaky-family-15-hot-sauces,Freaky Family - 15 Hot Sauces,,,,,retail_listing,https://freakyferments.com/products/freaky-family,130.00,USD,https://freakyferments.com/products/freaky-family,True,freakyferments.com,2026-09-19T11:09:45.470554Z,2026-09-19T14:01:06.545048Z,sauce-names-1,sauce-match-1,rule:sauce-structured-1,shopify,1,2_longtail,,False,0,,single_source:shopify,0,,,v1
sauce:freaky-ferments-food-beverage|garlic-habanero,freaky-ferments-food-beverage,Freaky Ferments Food & Beverage,garlic-habanero,Garlic Habanero,,,,,retail_listing,https://freakyferments.com/products/garlic-habanero,12.00,USD,https://freakyferments.com/products/garlic-habanero,True,freakyferments.com,2026-09-19T11:09:45.470554Z,2026-09-19T14:01:06.545048Z,sauce-names-1,sauce-match-1,rule:sauce-structured-1,shopify,1,2_longtail,,True,5,sauce:papa-tony-s|garlic-habanero|sauce:pepper-ninja|garlic-habanero|sauce:pics|garlic-habanero|sauce:red-beards|garlic-habanero|sauce:torchbearer-sauces|garlic-habanero,single_source:shopify,0,,,v1
sauce:freaky-ferments-food-beverage|ghost,freaky-ferments-food-beverage,Freaky Ferments Food & Beverage,ghost,Ghost,,,,,retail_listing,https://freakyferments.com/products/ghost,12.00,USD,https://freakyferments.com/products/ghost,True,freakyferments.com,2026-09-19T11:09:45.470554Z,2026-09-19T14:01:06.545048Z,sauce-names-1,sauce-match-1,rule:sauce-structured-1,shopify,1,2_longtail,,True,3,sauce:hotter-than-el|ghost|sauce:seafire-gourmet|ghost|sauce:|ghost,single_source:shopify,0,,,v1
sauce:freaky-ferments-food-beverage|ginger-cayenne-lemon,freaky-ferments-food-beverage,Freaky Ferments Food & Beverage,ginger-cayenne-lemon,Ginger Cayenne Lemon,,,,,retail_listing,https://freakyferments.com/products/ginger-cayenne-lemon,12.00,USD,https://freakyferments.com/products/ginger-cayenne-lemon,True,freakyferments.com,2026-09-19T11:09:45.470554Z,2026-09-19T14:01:06.545048Z,sauce-names-1,sauce-match-1,rule:sauce-structured-1,shopify,1,2_longtail,,False,0,,single_source:shopify,0,,,v1
sauce:freaky-ferments-food-beverage|hot-fuzz,freaky-ferments-food-beverage,Freaky Ferments Food & Beverage,hot-fuzz,Hot Fuzz,,,,,retail_listing,https://freakyferments.com/products/hot-fuzz,12.00,USD,https://freakyferments.com/products/hot-fuzz,True,freakyferments.com,2026-09-19T11:09:45.470554Z,2026-09-19T14:01:06.545048Z,sauce-names-1,sauce-match-1,rule:sauce-structured-1,shopify,1,2_longtail,,False,0,,single_source:shopify,0,,,v1
sauce:freaky-ferments-food-beverage|jalapeno,freaky-ferments-food-beverage,Freaky Ferments Food & Beverage,jalapeno,Jalapeno,,,,,retail_listing,https://freakyferments.com/products/jalapeno,10.49,USD,https://freakyferments.com/products/jalapeno,True,freakyferments.com,2026-09-19T11:09:45.470554Z,2026-09-19T14:01:06.545048Z,sauce-names-1,sauce-match-1,rule:sauce-structured-1,shopify,1,2_longtail,,True,16,sauce:ahold|jalapeno|sauce:cien-chiles|jalapeno|sauce:el-pollo-loco|jalapeno|sauce:finest|jalapeno|sauce:garlic-gourmay|jalapeno,single_source:shopify,0,,,v1
sauce:freaky-ferments-food-beverage|mango-pineapple-habanero,freaky-ferments-food-beverage,Freaky Ferments Food & Beverage,mango-pineapple-habanero,Mango Pineapple Habanero,,,,,retail_listing,https://freakyferments.com/products/mango-pineapple-habanero,9.49,USD,https://freakyferments.com/products/mango-pineapple-habanero,True,freakyferments.com,2026-09-19T11:09:45.470554Z,2026-09-19T14:01:06.545048Z,sauce-names-1,sauce-match-1,rule:sauce-structured-1,shopify,1,2_longtail,,True,1,sauce:pepper-ninja|mango-pineapple-habanero,single_source:shopify,0,,,v1
sauce:freaky-ferments-food-beverage|roasted-hatch-chile,freaky-ferments-food-beverage,Freaky Ferments Food & Beverage,roasted-hatch-chile,Roasted Hatch Chile,,,,,unknown,https://freakyferments.com/products/roasted-hatch-chile,12.00,USD,https://freakyferments.com/products/roasted-hatch-chile,False,freakyferments.com,2026-09-19T11:09:45.470554Z,2026-09-19T14:01:06.545048Z,sauce-names-1,sauce-match-1,rule:sauce-structured-1,shopify,1,2_longtail,,True,1,sauce:high-mesa-chile|roasted-hatch-chile,single_source:shopify,0,,,v1
sauce:freaky-ferments-food-beverage|smoked-ghost,freaky-ferments-food-beverage,Freaky Ferments Food & Beverage,smoked-ghost,Smoked Ghost,,,,,retail_listing,https://freakyferments.com/products/smoked-ghost,12.00,USD,https://freakyferments.com/products/smoked-ghost,True,freakyferments.com,2026-09-19T11:09:45.470554Z,2026-09-19T14:01:06.545048Z,sauce-names-1,sauce-match-1,rule:sauce-structured-1,shopify,1,2_longtail,,False,0,,single_source:shopify,0,,,v1
sauce:freaky-ferments-food-beverage|smokin,freaky-ferments-food-beverage,Freaky Ferments Food & Beverage,smokin,Smokin'!,,,,,retail_listing,https://freakyferments.com/products/smokin,12.00,USD,https://freakyferments.com/products/smokin,True,freakyferments.com,2026-09-19T11:09:45.470554Z,2026-09-19T14:01:06.545048Z,sauce-names-1,sauce-match-1,rule:sauce-structured-1,shopify,1,2_longtail,,False,0,,single_source:shopify,0,,,v1
sauce:freaky-ferments-food-beverage|summer-heat,freaky-ferments-food-beverage,Freaky Ferments Food & Beverage,summer-heat,Summer Heat,,,,,retail_listing,https://freakyferments.com/products/summer-heat,15.00,USD,https://freakyferments.com/products/summer-heat,True,freakyferments.com,2026-09-19T11:09:45.470554Z,2026-09-19T14:01:06.545048Z,sauce-names-1,sauce-match-1,rule:sauce-structured-1,shopify,1,2_longtail,,False,0,,single_source:shopify,0,,,v1
sauce:freaky-ferments-food-beverage|verde,freaky-ferments-food-beverage,Freaky Ferments Food & Beverage,verde,Verde,,,,,retail_listing,https://freakyferments.com/products/verde,12.00,USD,https://freakyferments.com/products/verde,True,freakyferments.com,2026-09-19T11:09:45.470554Z,2026-09-19T14:01:06.545048Z,sauce-names-1,sauce-match-1,rule:sauce-structured-1,shopify,1,2_longtail,,True,3,sauce:char-man|verde|sauce:red-clay|verde|sauce:|verde,single_source:shopify,0,,,v1
sauce:freaky-ferments-food-beverage|winter-warmer,freaky-ferments-food-beverage,Freaky Ferments Food & Beverage,winter-warmer,Winter Warmer,,,,,unknown,https://freakyferments.com/products/winter-warmer,15.00,USD,https://freakyferments.com/products/winter-warmer,False,freakyferments.com,2026-09-19T11:09:45.470554Z,2026-09-19T14:01:06.545048Z,sauce-names-1,sauce-match-1,rule:sauce-structured-1,shopify,1,2_longtail,,False,0,,single_source:shopify,0,,,v1
sauce:fresco|arbol-scorpion,fresco,Fresco Sauce,arbol-scorpion,Arbol Scorpion,,,,,retail_listing,https://heathotsauce.com/products/fresco-sauce-arbol-scorpion,11.99,USD,https://heathotsauce.com/products/fresco-sauce-arbol-scorpion,True,heathotsauce.com,2026-09-19T13:52:25.427841Z,2026-09-19T14:01:06.545048Z,sauce-names-1,sauce-match-1,rule:sauce-structured-1,shopify,1,2_longtail,,False,0,,single_source:shopify,0,,,v1
sauce:funky-s-hot-sauce-factory|funky-s-award-winners-4-pack,funky-s-hot-sauce-factory,Funky's Hot Sauce Factory,funky-s-award-winners-4-pack,Funky’s Award Winners 4-pack,,,,,retail_listing,https://funkyshotsaucefactory.com/products/funky-s-award-winners-4-pack,44.00,USD,https://funkyshotsaucefactory.com/products/funky-s-award-winners-4-pack,True,funkyshotsaucefactory.com,2026-09-19T11:09:45.470554Z,2026-09-19T14:01:06.545048Z,sauce-names-1,sauce-match-1,rule:sauce-structured-1,shopify,1,2_longtail,,False,0,,single_source:shopify,0,,,v1
sauce:funky-s-hot-sauce-factory|funky-s-fuzz-box-4-pack,funky-s-hot-sauce-factory,Funky's Hot Sauce Factory,funky-s-fuzz-box-4-pack,"Funky’s ""Fuzz Box"" 4-pack",,,,,retail_listing,https://funkyshotsaucefactory.com/products/funky-s-fuzz-box-4-pack,42.00,USD,https://funkyshotsaucefactory.com/products/funky-s-fuzz-box-4-pack,True,funkyshotsaucefactory.com,2026-09-19T11:09:45.470554Z,2026-09-19T14:01:06.545048Z,sauce-names-1,sauce-match-1,rule:sauce-structured-1,shopify,1,2_longtail,,False,0,,single_source:shopify,0,,,v1
sauce:funky-s-hot-sauce-factory|funky-s-mild-to-wild-4-pack-limited,funky-s-hot-sauce-factory,Funky's Hot Sauce Factory,funky-s-mild-to-wild-4-pack-limited,Funky’s “Mild to Wild” 4-pack - limited!,,,,,retail_listing,https://funkyshotsaucefactory.com/products/funky-s-mild-to-wild-4-pack,52.00,USD,https://funkyshotsaucefactory.com/products/funky-s-mild-to-wild-4-pack,True,funkyshotsaucefactory.com,2026-09-19T11:09:45.470554Z,2026-09-19T14:01:06.545048Z,sauce-names-1,sauce-match-1,rule:sauce-structured-1,shopify,1,2_longtail,,False,0,,single_source:shopify,0,,,v1
sauce:funky-s-hot-sauce-factory|funky-s-acid-ball,funky-s-hot-sauce-factory,Funky's Hot Sauce Factory,funky-s-acid-ball,Funky's Acid Ball,,,,,retail_listing,https://heathotsauce.com/products/funkys-acid-ball,9.99,USD,https://heathotsauce.com/products/funkys-acid-ball,True,heathotsauce.com,2026-09-19T13:52:25.427841Z,2026-09-19T14:01:06.545048Z,sauce-names-1,sauce-match-1,rule:sauce-structured-1,shopify,1,2_longtail,,False,0,,single_source:shopify,0,,,v1
sauce:funky-s-hot-sauce-factory|funky-s-chili-librae,funky-s-hot-sauce-factory,Funky's Hot Sauce Factory,funky-s-chili-librae,Funky's Chili Librae,,,,,retail_listing,https://heathotsauce.com/products/funkys-chili-librae,7.99,USD,https://heathotsauce.com/products/funkys-chili-librae,True,heathotsauce.com,2026-09-19T13:52:25.427841Z,2026-09-19T14:01:06.545048Z,sauce-names-1,sauce-match-1,rule:sauce-structured-1,shopify,1,2_longtail,,False,0,,single_source:shopify,0,,,v1
sauce:funky-s-hot-sauce-factory|funky-s-dark-star,funky-s-hot-sauce-factory,Funky's Hot Sauce Factory,funky-s-dark-star,Funky's Dark Star,,,,,retail_listing,https://heathotsauce.com/products/funkys-dark-star,11.99,USD,https://heathotsauce.com/products/funkys-dark-star,True,heathotsauce.com,2026-09-19T13:52:25.427841Z,2026-09-19T14:01:06.545048Z,sauce-names-1,sauce-match-1,rule:sauce-structured-1,shopify,1,2_longtail,,False,0,,single_source:shopify,0,,,v1
sauce:funky-s-hot-sauce-factory|funky-s-liquid-sunshine-delirium,funky-s-hot-sauce-factory,Funky's Hot Sauce Factory,funky-s-liquid-sunshine-delirium,Funky's Liquid Sunshine Delirium,,,,,retail_listing,https://heathotsauce.com/products/funkys-liquid-sunshine-delirium,13.99,USD,https://heathotsauce.com/products/funkys-liquid-sunshine-delirium,True,heathotsauce.com,2026-09-19T13:52:25.427841Z,2026-09-19T14:01:06.545048Z,sauce-names-1,sauce-match-1,rule:sauce-structured-1,shopify,1,2_longtail,,False,0,,single_source:shopify,0,,,v1
sauce:funky-s-hot-sauce-factory|funky-s-mars-mist,funky-s-hot-sauce-factory,Funky's Hot Sauce Factory,funky-s-mars-mist,Funky's Mars Mist,,,,,retail_listing,https://heathotsauce.com/products/funkys-mars-mist,11.99,USD,https://heathotsauce.com/products/funkys-mars-mist,True,heathotsauce.com,2026-09-19T13:52:25.427841Z,2026-09-19T14:01:06.545048Z,sauce-names-1,sauce-match-1,rule:sauce-structured-1,shopify,1,2_longtail,,False,0,,single_source:shopify,0,,,v1
sauce:funky-s-hot-sauce-factory|funky-s-nirvana,funky-s-hot-sauce-factory,Funky's Hot Sauce Factory,funky-s-nirvana,Funky's Nirvana Hot Sauce,,,,,retail_listing,https://heathotsauce.com/products/funkys-nirvana-hot-sauce,8.99,USD,https://heathotsauce.com/products/funkys-nirvana-hot-sauce,True,heathotsauce.com,2026-09-19T13:52:25.427841Z,2026-09-19T14:01:06.545048Z,sauce-names-1,sauce-match-1,rule:sauce-structured-1,shopify,1,2_longtail,,False,0,,single_source:shopify,0,,,v1
sauce:funky-s-hot-sauce-factory|funky-s-ogre-battle,funky-s-hot-sauce-factory,Funky's Hot Sauce Factory,funky-s-ogre-battle,Funky's Ogre Battle,,,,,unknown,https://heathotsauce.com/products/funkys-ogre-battle,11.99,USD,https://heathotsauce.com/products/funkys-ogre-battle,False,heathotsauce.com,2026-09-19T13:52:25.427841Z,2026-09-19T14:01:06.545048Z,sauce-names-1,sauce-match-1,rule:sauce-structured-1,shopify,1,2_longtail,,False,0,,single_source:shopify,0,,,v1
sauce:funky-s-hot-sauce-factory|funky-s-old-stargazer,funky-s-hot-sauce-factory,Funky's Hot Sauce Factory,funky-s-old-stargazer,Funky's Old Stargazer,,,,,retail_listing,https://heathotsauce.com/products/funkys-old-stargazer,14.99,USD,https://heathotsauce.com/products/funkys-old-stargazer,True,heathotsauce.com,2026-09-19T13:52:25.427841Z,2026-09-19T14:01:06.545048Z,sauce-names-1,sauce-match-1,rule:sauce-structured-1,shopify,1,2_longtail,,False,0,,single_source:shopify,0,,,v1
sauce:funky-s-hot-sauce-factory|funky-s-pieno-di-stelle,funky-s-hot-sauce-factory,Funky's Hot Sauce Factory,funky-s-pieno-di-stelle,Funky's Pieno Di Stelle,,,,,retail_listing,https://heathotsauce.com/products/funkys-pieno-di-stelle,11.99,USD,https://heathotsauce.com/products/funkys-pieno-di-stelle,True,heathotsauce.com,2026-09-19T13:52:25.427841Z,2026-09-19T14:01:06.545048Z,sauce-names-1,sauce-match-1,rule:sauce-structured-1,shopify,1,2_longtail,,False,0,,single_source:shopify,0,,,v1
sauce:funky-s-hot-sauce-factory|funky-s-seeing-stars,funky-s-hot-sauce-factory,Funky's Hot Sauce Factory,funky-s-seeing-stars,Funky's Seeing Stars,,,,,retail_listing,https://heathotsauce.com/products/funkys-seeing-stars,14.99,USD,https://heathotsauce.com/products/funkys-seeing-stars,True,heathotsauce.com,2026-09-19T13:52:25.427841Z,2026-09-19T14:01:06.545048Z,sauce-names-1,sauce-match-1,rule:sauce-structured-1,shopify,1,2_longtail,,False,0,,single_source:shopify,0,,,v1
sauce:funky-s-hot-sauce-factory|funky-s-space-madness,funky-s-hot-sauce-factory,Funky's Hot Sauce Factory,funky-s-space-madness,Funky's Space Madness,,,,,retail_listing,https://heathotsauce.com/products/funkys-space-madness,11.99,USD,https://heathotsauce.com/products/funkys-space-madness,True,heathotsauce.com,2026-09-19T13:52:25.427841Z,2026-09-19T14:01:06.545048Z,sauce-names-1,sauce-match-1,rule:sauce-structured-1,shopify,1,2_longtail,,False,0,,single_source:shopify,0,,,v1
sauce:funky-s-hot-sauce-factory|funky-s-stellar-fuzz,funky-s-hot-sauce-factory,Funky's Hot Sauce Factory,funky-s-stellar-fuzz,Funky's Stellar Fuzz,,,,,retail_listing,https://heathotsauce.com/products/funkys-stellar-fuzz,9.99,USD,https://heathotsauce.com/products/funkys-stellar-fuzz,True,heathotsauce.com,2026-09-19T13:52:25.427841Z,2026-09-19T14:01:06.545048Z,sauce-names-1,sauce-match-1,rule:sauce-structured-1,shopify,1,2_longtail,,False,0,,single_source:shopify,0,,,v1
sauce:funky-s-hot-sauce-factory|funky-s-terra-luna,funky-s-hot-sauce-factory,Funky's Hot Sauce Factory,funky-s-terra-luna,Funky's Terra Luna,,,,,retail_listing,https://heathotsauce.com/products/funkys-terra-luna,9.99,USD,https://heathotsauce.com/products/funkys-terra-luna,True,heathotsauce.com,2026-09-19T13:52:25.427841Z,2026-09-19T14:01:06.545048Z,sauce-names-1,sauce-match-1,rule:sauce-structured-1,shopify,1,2_longtail,,False,0,,single_source:shopify,0,,,v1
sauce:funky-s-hot-sauce-factory|funky-s-the-sauced-peppers-out-foxed-the-kraken,funky-s-hot-sauce-factory,Funky's Hot Sauce Factory,funky-s-the-sauced-peppers-out-foxed-the-kraken,Funky's The Sauced Peppers Out-Foxed The Kraken,,,,,retail_listing,https://heathotsauce.com/products/funkys-the-sauced-peppers-out-foxed-the-kraken,11.99,USD,https://heathotsauce.com/products/funkys-the-sauced-peppers-out-foxed-the-kraken,True,heathotsauce.com,2026-09-19T13:52:25.427841Z,2026-09-19T14:01:06.545048Z,sauce-names-1,sauce-match-1,rule:sauce-structured-1,shopify,1,2_longtail,,False,0,,single_source:shopify,0,,,v1
sauce:funky-s|nirvana-funky-s-c,funky-s,Funky's,nirvana-funky-s-c,Nirvana | Funky's -C,,,,,retail_listing,https://heatonist.com/products/nirvana-funkys-c,8.00,USD,https://heatonist.com/products/nirvana-funkys-c,True,heatonist.com,2026-09-19T11:09:45.470554Z,2026-09-19T14:01:06.545048Z,sauce-names-1,sauce-match-1,rule:sauce-structured-1,shopify,1,2_longtail,,False,0,,single_source:shopify,0,,,v1
sauce:funky-s|nirvana-funky-s,funky-s,Funky's,nirvana-funky-s,Nirvana | Funky's Hot Sauce,,,,,retail_listing,https://heatonist.com/products/nirvana-funkys-hot-sauce,14.00,USD,https://heatonist.com/products/nirvana-funkys-hot-sauce,True,heatonist.com,2026-09-19T11:09:45.470554Z,2026-09-19T14:01:06.545048Z,sauce-names-1,sauce-match-1,rule:sauce-structured-1,shopify,1,2_longtail,,True,1,sauce:hot-ones|nirvana-funky-s,single_source:shopify,0,,,v1
sauce:gaigan|garlic-thai-chili,gaigan,GaiGan,garlic-thai-chili,Garlic Thai Chili Hot Sauce,,,,,retail_listing,https://heathotsauce.com/products/garlic-thai-chili-hot-sauce,12.99,USD,https://heathotsauce.com/products/garlic-thai-chili-hot-sauce,True,heathotsauce.com,2026-09-19T13:52:25.427841Z,2026-09-19T14:01:06.545048Z,sauce-names-1,sauce-match-1,rule:sauce-structured-1,shopify,1,2_longtail,,False,0,,single_source:shopify,0,,,v1
sauce:gaigan|super-spicy-thai-chili,gaigan,GaiGan,super-spicy-thai-chili,Super Spicy Thai Chili Hot Sauce,,,,,retail_listing,https://heathotsauce.com/products/super-spicy-thai-chili-hot-sauce,13.99,USD,https://heathotsauce.com/products/super-spicy-thai-chili-hot-sauce,True,heathotsauce.com,2026-09-19T13:52:25.427841Z,2026-09-19T14:01:06.545048Z,sauce-names-1,sauce-match-1,rule:sauce-structured-1,shopify,1,2_longtail,,False,0,,single_source:shopify,0,,,v1
sauce:gaigan|thai-chili,gaigan,GaiGan,thai-chili,Thai Chili Hot Sauce,,,,,retail_listing,https://heathotsauce.com/products/thai-chili-hot-sauce,12.99,USD,https://heathotsauce.com/products/thai-chili-hot-sauce,True,heathotsauce.com,2026-09-19T13:52:25.427841Z,2026-09-19T14:01:06.545048Z,sauce-names-1,sauce-match-1,rule:sauce-structured-1,shopify,1,2_longtail,,True,7,sauce:always-flavored|thai-chili|sauce:apinya|pumpkin-panang-thai-chili|sauce:brady-feast-maine|thai-chili|sauce:harris-teeter-fishermans-market|thai-chili|sauce:harris-teeter|thai-chili,single_source:shopify,0,,,v1
sauce:gaigan|tom-yum,gaigan,GaiGan,tom-yum,Tom Yum Hot Sauce,,,,,retail_listing,https://heathotsauce.com/products/tom-yum-hot-sauce,14.99,USD,https://heathotsauce.com/products/tom-yum-hot-sauce,True,heathotsauce.com,2026-09-19T13:52:25.427841Z,2026-09-19T14:01:06.545048Z,sauce-names-1,sauce-match-1,rule:sauce-structured-1,shopify,1,2_longtail,,False,0,,single_source:shopify,0,,,v1
sauce:ghost-scream|original,ghost-scream,Ghost Scream,original,Original Hot Sauce,,,,,unknown,https://crafthotsauce.com/products/ghost-scream,8.00,USD,https://crafthotsauce.com/products/ghost-scream,False,crafthotsauce.com,2026-09-19T13:52:25.427841Z,2026-09-19T14:01:06.545048Z,sauce-names-1,sauce-match-1,rule:sauce-structured-1,shopify,1,2_longtail,,True,23,sauce:82-s|original|sauce:bombanana|original|sauce:bruce|original|sauce:buldak|original|sauce:char-man|original,single_source:shopify,0,,,v1
sauce:ghost-wolf-pepper|elder-s-revenge,ghost-wolf-pepper,Ghost Wolf Pepper Co,elder-s-revenge,Elder's Revenge,,,,,retail_listing,https://heathotsauce.com/products/elders-revenge,12.99,USD,https://heathotsauce.com/products/elders-revenge,True,heathotsauce.com,2026-09-19T13:52:25.427841Z,2026-09-19T14:01:06.545048Z,sauce-names-1,sauce-match-1,rule:sauce-structured-1,shopify,1,2_longtail,,False,0,,single_source:shopify,0,,,v1
sauce:ginger-goat|harvest-heat,ginger-goat,Ginger Goat,harvest-heat,Harvest Heat,,,,,unknown,https://puckerbuttpeppercompany.com/products/ginger-goat-harvest-heat,10.00,USD,https://puckerbuttpeppercompany.com/products/ginger-goat-harvest-heat,False,puckerbuttpeppercompany.com,2026-09-19T11:09:45.470554Z,2026-09-19T14:01:06.545048Z,sauce-names-1,sauce-match-1,rule:sauce-structured-1,shopify,1,2_longtail,,False,0,,single_source:shopify,0,,,v1
sauce:ginger-goat|hop-t,ginger-goat,Ginger Goat,hop-t,Hop't Sauce,,,,,unknown,https://puckerbuttpeppercompany.com/products/ginger-goat-hopt-sauce,10.00,USD,https://puckerbuttpeppercompany.com/products/ginger-goat-hopt-sauce,False,puckerbuttpeppercompany.com,2026-09-19T11:09:45.470554Z,2026-09-19T14:01:06.545048Z,sauce-names-1,sauce-match-1,rule:sauce-structured-1,shopify,1,2_longtail,,False,0,,single_source:shopify,0,,,v1
sauce:ginger-goat|peaches-n-scream,ginger-goat,Ginger Goat,peaches-n-scream,Peaches N Scream,,,,,unknown,https://puckerbuttpeppercompany.com/products/ginger-goat-peaches-n-scream,12.00,USD,https://puckerbuttpeppercompany.com/products/ginger-goat-peaches-n-scream,False,puckerbuttpeppercompany.com,2026-09-19T11:09:45.470554Z,2026-09-19T14:01:06.545048Z,sauce-names-1,sauce-match-1,rule:sauce-structured-1,shopify,1,2_longtail,,False,0,,single_source:shopify,0,,,v1
sauce:ginger-goat|original-goat,ginger-goat,Ginger Goat,original-goat,The Original Goat,,,,,unknown,https://puckerbuttpeppercompany.com/products/ginger-goat-the-original-goat,10.00,USD,https://puckerbuttpeppercompany.com/products/ginger-goat-the-original-goat,False,puckerbuttpeppercompany.com,2026-09-19T11:09:45.470554Z,2026-09-19T14:01:06.545048Z,sauce-names-1,sauce-match-1,rule:sauce-structured-1,shopify,1,2_longtail,,False,0,,single_source:shopify,0,,,v1
sauce:ginger-goat|tropic-star,ginger-goat,Ginger Goat,tropic-star,Tropic Star Hot Sauce,,,,,unknown,https://puckerbuttpeppercompany.com/products/ginger-goat-tropic-star-hot-sauce,12.00,USD,https://puckerbuttpeppercompany.com/products/ginger-goat-tropic-star-hot-sauce,False,puckerbuttpeppercompany.com,2026-09-19T11:09:45.470554Z,2026-09-19T14:01:06.545048Z,sauce-names-1,sauce-match-1,rule:sauce-structured-1,shopify,1,2_longtail,,False,0,,single_source:shopify,0,,,v1
sauce:good-heat|kiwi-verde,good-heat,Good Heat,kiwi-verde,Kiwi Verde,,,,,retail_listing,https://heatonist.com/products/kiwi-verde-hot-sauce-good-heat,11.99,USD,https://heathotsauce.com/products/good-heat-kiwi-verde,True,heathotsauce.com,2026-09-19T11:09:45.470554Z,2026-09-19T14:01:06.545048Z,sauce-names-1,sauce-match-1,rule:sauce-structured-1,shopify,1,2_longtail,,False,0,,single_source:shopify,0,,,v1
sauce:goodlands|carrot-habanero-hot-sauce,goodlands,Goodlands Food Co.,carrot-habanero-hot-sauce,Carrot Habanero Hot Sauce ( ),5 oz,,,,retail_listing,https://goodlandsfood.co/products/carrot-habanero-hot-sauce-5-oz,12.00,USD,https://goodlandsfood.co/products/carrot-habanero-hot-sauce-5-oz,True,goodlandsfood.co,2026-09-19T11:09:45.470554Z,2026-09-19T14:01:06.545048Z,sauce-names-1,sauce-match-1,rule:sauce-structured-1,shopify,1,2_longtail,,False,0,,single_source:shopify,0,,,v1
sauce:goodlands|citrus-smash-spice-flight,goodlands,Goodlands Food Co.,citrus-smash-spice-flight,Citrus Smash - Spice Flight,,,,,retail_listing,https://goodlandsfood.co/products/citrus-smash-spice-flight,28.00,USD,https://goodlandsfood.co/products/citrus-smash-spice-flight,True,goodlandsfood.co,2026-09-19T11:09:45.470554Z,2026-09-19T14:01:06.545048Z,sauce-names-1,sauce-match-1,rule:sauce-structured-1,shopify,1,2_longtail,,False,0,,single_source:shopify,0,,,v1
sauce:goodlands|crocodile-tears-hot-sauce,goodlands,Goodlands Food Co.,crocodile-tears-hot-sauce,Crocodile Tears Hot Sauce ( ),5 oz,,,,unknown,https://goodlandsfood.co/products/crocodile-tears-hot-sauce-5-oz,14.00,USD,https://goodlandsfood.co/products/crocodile-tears-hot-sauce-5-oz,False,goodlandsfood.co,2026-09-19T11:09:45.470554Z,2026-09-19T14:01:06.545048Z,sauce-names-1,sauce-match-1,rule:sauce-structured-1,shopify,1,2_longtail,,False,0,,single_source:shopify,0,,,v1
sauce:goodlands|fiery-four-spice-flight,goodlands,Goodlands Food Co.,fiery-four-spice-flight,Fiery Four - Spice Flight,,,,,retail_listing,https://goodlandsfood.co/products/fiery-four-spice-flight,28.00,USD,https://goodlandsfood.co/products/fiery-four-spice-flight,True,goodlandsfood.co,2026-09-19T11:09:45.470554Z,2026-09-19T14:01:06.545048Z,sauce-names-1,sauce-match-1,rule:sauce-structured-1,shopify,1,2_longtail,,False,0,,single_source:shopify,0,,,v1
sauce:goodlands|lemon-love-hot-sauce,goodlands,Goodlands Food Co.,lemon-love-hot-sauce,Lemon Love Hot Sauce ( ),5oz,,,,retail_listing,https://goodlandsfood.co/products/lemon-love-hot-sauce-5oz,12.00,USD,https://goodlandsfood.co/products/lemon-love-hot-sauce-5oz,True,goodlandsfood.co,2026-09-19T11:09:45.470554Z,2026-09-19T14:01:06.545048Z,sauce-names-1,sauce-match-1,rule:sauce-structured-1,shopify,1,2_longtail,,False,0,,single_source:shopify,0,,,v1
sauce:goodlands|maple-chili-garlic-hot-sauce,goodlands,Goodlands Food Co.,maple-chili-garlic-hot-sauce,Maple Chili Garlic Hot Sauce ( ),5 oz,,,,retail_listing,https://goodlandsfood.co/products/maple-chili-garlic-hot-sauce-5-oz,12.00,USD,https://goodlandsfood.co/products/maple-chili-garlic-hot-sauce-5-oz,True,goodlandsfood.co,2026-09-19T11:09:45.470554Z,2026-09-19T14:01:06.545048Z,sauce-names-1,sauce-match-1,rule:sauce-structured-1,shopify,1,2_longtail,,False,0,,single_source:shopify,0,,,v1
sauce:goodlands|maple-philly-garlic-hot-sauce,goodlands,Goodlands Food Co.,maple-philly-garlic-hot-sauce,Maple *Philly Garlic Hot Sauce ( ),5 oz,,,,retail_listing,https://goodlandsfood.co/products/maple-philly-garlic-hot-sauce-5-oz,14.00,USD,https://goodlandsfood.co/products/maple-philly-garlic-hot-sauce-5-oz,True,goodlandsfood.co,2026-09-19T11:09:45.470554Z,2026-09-19T14:01:06.545048Z,sauce-names-1,sauce-match-1,rule:sauce-structured-1,shopify,1,2_longtail,,False,0,,single_source:shopify,0,,,v1
sauce:goodlands|orange-habanero-hot-sauce,goodlands,Goodlands Food Co.,orange-habanero-hot-sauce,Orange Habanero Hot Sauce ( ),5 oz,,,,retail_listing,https://goodlandsfood.co/products/orange-habanero-hot-sauce-5-oz,12.00,USD,https://goodlandsfood.co/products/orange-habanero-hot-sauce-5-oz,True,goodlandsfood.co,2026-09-19T11:09:45.470554Z,2026-09-19T14:01:06.545048Z,sauce-names-1,sauce-match-1,rule:sauce-structured-1,shopify,1,2_longtail,,False,0,,single_source:shopify,0,,,v1
sauce:goodlands|rhubarb-habanero-hot-sauce,goodlands,Goodlands Food Co.,rhubarb-habanero-hot-sauce,Rhubarb Habanero Hot Sauce ( ),5oz,,,,retail_listing,https://goodlandsfood.co/products/rhubarb-habanero-hot-sauce-5oz,12.00,USD,https://goodlandsfood.co/products/rhubarb-habanero-hot-sauce-5oz,True,goodlandsfood.co,2026-09-19T11:09:45.470554Z,2026-09-19T14:01:06.545048Z,sauce-names-1,sauce-match-1,rule:sauce-structured-1,shopify,1,2_longtail,,False,0,,single_source:shopify,0,,,v1
sauce:goodlands|serrano-cilantro-lime-hot-sauce,goodlands,Goodlands Food Co.,serrano-cilantro-lime-hot-sauce,Serrano Cilantro Lime Hot Sauce ( ),5 oz,,,,retail_listing,https://goodlandsfood.co/products/serrano-cilantro-lime-hot-sauce-5-oz,12.00,USD,https://goodlandsfood.co/products/serrano-cilantro-lime-hot-sauce-5-oz,True,goodlandsfood.co,2026-09-19T11:09:45.470554Z,2026-09-19T14:01:06.545048Z,sauce-names-1,sauce-match-1,rule:sauce-structured-1,shopify,1,2_longtail,,False,0,,single_source:shopify,0,,,v1
sauce:goodlands|spicy-basil-hot-sauce,goodlands,Goodlands Food Co.,spicy-basil-hot-sauce,Spicy Basil Hot Sauce ( ),5oz,,,,retail_listing,https://goodlandsfood.co/products/spicy-basil-hot-sauce-5oz,12.00,USD,https://goodlandsfood.co/products/spicy-basil-hot-sauce-5oz,True,goodlandsfood.co,2026-09-19T11:09:45.470554Z,2026-09-19T14:01:06.545048Z,sauce-names-1,sauce-match-1,rule:sauce-structured-1,shopify,1,2_longtail,,False,0,,single_source:shopify,0,,,v1
sauce:goodlands|sweet-ghost-pepper-hot-sauce,goodlands,Goodlands Food Co.,sweet-ghost-pepper-hot-sauce,Sweet Ghost Pepper Hot Sauce ( ),5 oz,,,,retail_listing,https://goodlandsfood.co/products/sweet-ghost-pepper-hot-sauce-5-oz,12.00,USD,https://goodlandsfood.co/products/sweet-ghost-pepper-hot-sauce-5-oz,True,goodlandsfood.co,2026-09-19T11:09:45.470554Z,2026-09-19T14:01:06.545048Z,sauce-names-1,sauce-match-1,rule:sauce-structured-1,shopify,1,2_longtail,,False,0,,single_source:shopify,0,,,v1
sauce:goodlands|classics-spice-flight,goodlands,Goodlands Food Co.,classics-spice-flight,The Classics - Spice Flight,,,,,unknown,https://goodlandsfood.co/products/the-classics-spice-flight,28.00,USD,https://goodlandsfood.co/products/the-classics-spice-flight,False,goodlandsfood.co,2026-09-19T11:09:45.470554Z,2026-09-19T14:01:06.545048Z,sauce-names-1,sauce-match-1,rule:sauce-structured-1,shopify,1,2_longtail,,False,0,,single_source:shopify,0,,,v1
sauce:green-belly|foods-yellow-belly,green-belly,Green Belly,foods-yellow-belly,Foods Yellow Belly Hot Sauce,,,,,unknown,https://puckerbuttpeppercompany.com/products/green-belly-foods-yellow-belly-hot-sauce,12.00,USD,https://puckerbuttpeppercompany.com/products/green-belly-foods-yellow-belly-hot-sauce,False,puckerbuttpeppercompany.com,2026-09-19T11:09:45.470554Z,2026-09-19T14:01:06.545048Z,sauce-names-1,sauce-match-1,rule:sauce-structured-1,shopify,1,2_longtail,,False,0,,single_source:shopify,0,,,v1
sauce:green-belly|hot-sauce-company-red-belly,green-belly,Green Belly,hot-sauce-company-red-belly,Hot Sauce Company - Red Belly,,,,,unknown,https://puckerbuttpeppercompany.com/products/green-belly-hot-sauce-company-red-belly,13.00,USD,https://puckerbuttpeppercompany.com/products/green-belly-hot-sauce-company-red-belly,False,puckerbuttpeppercompany.com,2026-09-19T11:09:45.470554Z,2026-09-19T14:01:06.545048Z,sauce-names-1,sauce-match-1,rule:sauce-structured-1,shopify,1,2_longtail,,False,0,,single_source:shopify,0,,,v1
sauce:green-belly|hot-sauce-green-belly,green-belly,Green Belly,hot-sauce-green-belly,Hot Sauce: Green Belly,,,,,unknown,https://puckerbuttpeppercompany.com/products/green-belly-hot-sauce-green-belly,11.00,USD,https://puckerbuttpeppercompany.com/products/green-belly-hot-sauce-green-belly,False,puckerbuttpeppercompany.com,2026-09-19T11:09:45.470554Z,2026-09-19T14:01:06.545048Z,sauce-names-1,sauce-match-1,rule:sauce-structured-1,shopify,1,2_longtail,,False,0,,single_source:shopify,0,,,v1
sauce:gringo-bandito|original,gringo-bandito,Gringo Bandito,original,Original,,,,,unknown,https://crafthotsauce.com/products/gringo-bandito,7.50,USD,https://crafthotsauce.com/products/gringo-bandito,False,crafthotsauce.com,2026-09-19T13:52:25.427841Z,2026-09-19T14:01:06.545048Z,sauce-names-1,sauce-match-1,rule:sauce-structured-1,shopify,1,2_longtail,,True,23,sauce:82-s|original|sauce:bombanana|original|sauce:bruce|original|sauce:buldak|original|sauce:char-man|original,single_source:shopify,0,,,v1
sauce:gringo-bandito|super,gringo-bandito,Gringo Bandito,super,Super Hot Sauce,,,,,unknown,https://crafthotsauce.com/products/gringo-bandito-extra-hot-hot-sauce,8.00,USD,https://crafthotsauce.com/products/gringo-bandito-extra-hot-hot-sauce,False,crafthotsauce.com,2026-09-19T13:52:25.427841Z,2026-09-19T14:01:06.545048Z,sauce-names-1,sauce-match-1,rule:sauce-structured-1,shopify,1,2_longtail,,False,0,,single_source:shopify,0,,,v1
sauce:gringo-bandito|green,gringo-bandito,Gringo Bandito,green,Green Sauce,,,,,unknown,https://crafthotsauce.com/products/gringo-bandito-green-sauce,7.50,USD,https://crafthotsauce.com/products/gringo-bandito-green-sauce,False,crafthotsauce.com,2026-09-19T13:52:25.427841Z,2026-09-19T14:01:06.545048Z,sauce-names-1,sauce-match-1,rule:sauce-structured-1,shopify,1,2_longtail,,True,3,sauce:giant-eagle|green|sauce:nitro-records|green|sauce:|green,single_source:shopify,0,,,v1
sauce:grumpy-spice|blazin-asian,grumpy-spice,Grumpy Spice LLC,blazin-asian,BLAZIN' ASIAN HOT SAUCE,,,,,retail_listing,https://grumpyspice.com/products/blazin-asian-hot-sauce,11.99,USD,https://grumpyspice.com/products/blazin-asian-hot-sauce,True,grumpyspice.com,2026-09-19T11:09:45.470554Z,2026-09-19T14:01:06.545048Z,sauce-names-1,sauce-match-1,rule:sauce-structured-1,shopify,1,2_longtail,,False,0,,single_source:shopify,0,,,v1
sauce:grumpy-spice|taste-of-thai-red-curry,grumpy-spice,Grumpy Spice LLC,taste-of-thai-red-curry,TASTE OF THAI RED CURRY,,,,,retail_listing,https://grumpyspice.com/products/taste-of-hope-thai-red-curry,11.99,USD,https://grumpyspice.com/products/taste-of-hope-thai-red-curry,True,grumpyspice.com,2026-09-19T11:09:45.470554Z,2026-09-19T14:01:06.545048Z,sauce-names-1,sauce-match-1,rule:sauce-structured-1,shopify,1,2_longtail,,False,0,,single_source:shopify,0,,,v1
sauce:grumpy-spice|zapotec-zing,grumpy-spice,Grumpy Spice LLC,zapotec-zing,Zapotec Zing,,,,,retail_listing,https://grumpyspice.com/products/zapotec-zing,11.99,USD,https://grumpyspice.com/products/zapotec-zing,True,grumpyspice.com,2026-09-19T11:09:45.470554Z,2026-09-19T14:01:06.545048Z,sauce-names-1,sauce-match-1,rule:sauce-structured-1,shopify,1,2_longtail,,False,0,,single_source:shopify,0,,,v1
sauce:hab|hab-the-golden-child,hab,HAB Sauce,hab-the-golden-child,HAB The Golden Child,,,,,retail_listing,https://heathotsauce.com/products/hab-the-golden-child,12.99,USD,https://heathotsauce.com/products/hab-the-golden-child,True,heathotsauce.com,2026-09-19T13:52:25.427841Z,2026-09-19T14:01:06.545048Z,sauce-names-1,sauce-match-1,rule:sauce-structured-1,shopify,1,2_longtail,,False,0,,single_source:shopify,0,,,v1
sauce:heatonist|black-eyed-susan-spice-company-chickpotle-c,heatonist,HEATONIST,black-eyed-susan-spice-company-chickpotle-c,Black Eyed Susan Spice Company | Chickpotle -C,,,,,retail_listing,https://heatonist.com/products/black-eyed-susan-spice-company-chickpotle-c,7.15,USD,https://heatonist.com/products/black-eyed-susan-spice-company-chickpotle-c,True,heatonist.com,2026-09-19T11:09:45.470554Z,2026-09-19T14:01:06.545048Z,sauce-names-1,sauce-match-1,rule:sauce-structured-1,shopify,1,2_longtail,,False,0,,single_source:shopify,0,,,v1
sauce:heatonist|down-to-ferment-that-s-what-shishito-said-c,heatonist,HEATONIST,down-to-ferment-that-s-what-shishito-said-c,Down To Ferment | That's What Shishito Said -C,,,,,retail_listing,https://heatonist.com/products/down-to-ferment-thats-what-shishito-said-c,7.15,USD,https://heatonist.com/products/down-to-ferment-thats-what-shishito-said-c,True,heatonist.com,2026-09-19T11:09:45.470554Z,2026-09-19T14:01:06.545048Z,sauce-names-1,sauce-match-1,rule:sauce-structured-1,shopify,1,2_longtail,,False,0,,single_source:shopify,0,,,v1
sauce:heatonist|no-10-karma,heatonist,HEATONIST,no-10-karma,No. 10 | Karma Sauce,,,,,retail_listing,https://heatonist.com/products/heatonist-no-10-hot-sauce-karma-sauce,14.00,USD,https://heatonist.com/products/heatonist-no-10-hot-sauce-karma-sauce,True,heatonist.com,2026-09-19T11:09:45.470554Z,2026-09-19T14:01:06.545048Z,sauce-names-1,sauce-match-1,rule:sauce-structured-1,shopify,1,2_longtail,,False,0,,single_source:shopify,0,,,v1
sauce:heatonist|high-desert-sauce-co-xxx-salsa-vibes-c,heatonist,HEATONIST,high-desert-sauce-co-xxx-salsa-vibes-c,High Desert Sauce Co | XXX Salsa Vibes-C,,,,,retail_listing,https://heatonist.com/products/high-desert-sauce-co-xxx-salsa-vibes-c,9.50,USD,https://heatonist.com/products/high-desert-sauce-co-xxx-salsa-vibes-c,True,heatonist.com,2026-09-19T11:09:45.470554Z,2026-09-19T14:01:06.545048Z,sauce-names-1,sauce-match-1,rule:sauce-structured-1,shopify,1,2_longtail,,False,0,,single_source:shopify,0,,,v1
sauce:heatonist|hot-n-saucy-pikliz-n-scorpion-c,heatonist,HEATONIST,hot-n-saucy-pikliz-n-scorpion-c,Hot N Saucy | Pikliz N Scorpion -C,,,,,retail_listing,https://heatonist.com/products/hot-n-saucy-pikliz-n-scorpion-c,7.15,USD,https://heatonist.com/products/hot-n-saucy-pikliz-n-scorpion-c,True,heatonist.com,2026-09-19T11:09:45.470554Z,2026-09-19T14:01:06.545048Z,sauce-names-1,sauce-match-1,rule:sauce-structured-1,shopify,1,2_longtail,,False,0,,single_source:shopify,0,,,v1
sauce:heatonist|sauce-leopard-the-13th-floor,heatonist,HEATONIST,sauce-leopard-the-13th-floor,Sauce Leopard | The 13th Floor,,,,,retail_listing,https://heatonist.com/products/sauce-leopard-the-13th-floor,6.00,USD,https://heatonist.com/products/sauce-leopard-the-13th-floor,True,heatonist.com,2026-09-19T11:09:45.470554Z,2026-09-19T14:01:06.545048Z,sauce-names-1,sauce-match-1,rule:sauce-structured-1,shopify,1,2_longtail,,False,0,,single_source:shopify,0,,,v1
sauce:heatonist|sinai-gourmet-8-dragons-c,heatonist,HEATONIST,sinai-gourmet-8-dragons-c,Sinai Gourmet | 8 Dragons -C,,,,,retail_listing,https://heatonist.com/products/sinai-gourmet-8-dragons-c,8.20,USD,https://heatonist.com/products/sinai-gourmet-8-dragons-c,True,heatonist.com,2026-09-19T11:09:45.470554Z,2026-09-19T14:01:06.545048Z,sauce-names-1,sauce-match-1,rule:sauce-structured-1,shopify,1,2_longtail,,False,0,,single_source:shopify,0,,,v1
sauce:heatonist|tote-bag,heatonist,HEATONIST,tote-bag,Tote Bag,,,,,retail_listing,https://heatonist.com/products/tote-bag,10.00,USD,https://heatonist.com/products/tote-bag,True,heatonist.com,2026-09-19T11:09:45.470554Z,2026-09-19T14:01:06.545048Z,sauce-names-1,sauce-match-1,rule:sauce-structured-1,shopify,1,2_longtail,,False,0,,single_source:shopify,0,,,v1
sauce:hab|scotch-bonnet-heirloom-tomato,hab,Hab Sauce,scotch-bonnet-heirloom-tomato,Scotch Bonnet Heirloom Tomato,,,,,unknown,https://crafthotsauce.com/products/scotch-bonnet-heirloom-tomato,10.00,USD,https://crafthotsauce.com/products/scotch-bonnet-heirloom-tomato,False,crafthotsauce.com,2026-09-19T13:52:25.427841Z,2026-09-19T14:01:06.545048Z,sauce-names-1,sauce-match-1,rule:sauce-structured-1,shopify,1,2_longtail,,False,0,,single_source:shopify,0,,,v1
sauce:hab|smoked-habanero-cherrywood,hab,Hab Sauce,smoked-habanero-cherrywood,Smoked Habanero Cherrywood,,,,,unknown,https://crafthotsauce.com/products/smoked-habanero-cherrywood,10.00,USD,https://crafthotsauce.com/products/smoked-habanero-cherrywood,False,crafthotsauce.com,2026-09-19T13:52:25.427841Z,2026-09-19T14:01:06.545048Z,sauce-names-1,sauce-match-1,rule:sauce-structured-1,shopify,1,2_longtail,,False,0,,single_source:shopify,0,,,v1
sauce:harmacy|brimstone-inferno-extra-hot-roasted-red-pepper-tahini,harmacy,Harmacy Hot Sauce Co.,brimstone-inferno-extra-hot-roasted-red-pepper-tahini,Brimstone Inferno - Extra Hot Roasted Red Pepper & Tahini ( ),9oz,,,,retail_listing,https://harmacyhotsauce.com/products/brimstone-inferno-extra-hot-9oz,19.99,USD,https://harmacyhotsauce.com/products/brimstone-inferno-extra-hot-9oz,True,harmacyhotsauce.com,2026-09-19T11:09:45.470554Z,2026-09-19T14:01:06.545048Z,sauce-names-1,sauce-match-1,rule:sauce-structured-1,shopify,1,2_longtail,,False,0,,single_source:shopify,0,,,v1
sauce:harmacy|brimstone-roasted-red-pepper-tahini,harmacy,Harmacy Hot Sauce Co.,brimstone-roasted-red-pepper-tahini,Brimstone - Roasted Red Pepper & Tahini ( ),9oz,,,,retail_listing,https://harmacyhotsauce.com/products/brimstone-red-pepper-tahini-9oz,14.99,USD,https://harmacyhotsauce.com/products/brimstone-red-pepper-tahini-9oz,True,harmacyhotsauce.com,2026-09-19T11:09:45.470554Z,2026-09-19T14:01:06.545048Z,sauce-names-1,sauce-match-1,rule:sauce-structured-1,shopify,1,2_longtail,,False,0,,single_source:shopify,0,,,v1
sauce:harmacy|buffalo-soldier-pineapple-jerk,harmacy,Harmacy Hot Sauce Co.,buffalo-soldier-pineapple-jerk,Buffalo Soldier - Pineapple Jerk ( ),9oz,,,,retail_listing,https://harmacyhotsauce.com/products/buffalo-soldier-pineapple-jerk-9oz,14.99,USD,https://harmacyhotsauce.com/products/buffalo-soldier-pineapple-jerk-9oz,True,harmacyhotsauce.com,2026-09-19T11:09:45.470554Z,2026-09-19T14:01:06.545048Z,sauce-names-1,sauce-match-1,rule:sauce-structured-1,shopify,1,2_longtail,,False,0,,single_source:shopify,0,,,v1
sauce:harmacy|chi-chee-fermented-kimchi,harmacy,Harmacy Hot Sauce Co.,chi-chee-fermented-kimchi,Chi-Chee - Fermented Kimchi ( ),9oz,,,,retail_listing,https://harmacyhotsauce.com/products/chi-chee-fermented-kimchi-9oz,14.99,USD,https://harmacyhotsauce.com/products/chi-chee-fermented-kimchi-9oz,True,harmacyhotsauce.com,2026-09-19T11:09:45.470554Z,2026-09-19T14:01:06.545048Z,sauce-names-1,sauce-match-1,rule:sauce-structured-1,shopify,1,2_longtail,,False,0,,single_source:shopify,0,,,v1
sauce:harmacy|cinco-tomatillo-tangerine,harmacy,Harmacy Hot Sauce Co.,cinco-tomatillo-tangerine,Cinco - Tomatillo & Tangerine ( ),9oz,,,,retail_listing,https://harmacyhotsauce.com/products/cinco-tomatillo-tangerine-9oz,14.99,USD,https://harmacyhotsauce.com/products/cinco-tomatillo-tangerine-9oz,True,harmacyhotsauce.com,2026-09-19T11:09:45.470554Z,2026-09-19T14:01:06.545048Z,sauce-names-1,sauce-match-1,rule:sauce-structured-1,shopify,1,2_longtail,,False,0,,single_source:shopify,0,,,v1
sauce:harmacy|ox-king-extra-hot-fermented-kimchi,harmacy,Harmacy Hot Sauce Co.,ox-king-extra-hot-fermented-kimchi,Ox-King - Extra Hot Fermented Kimchi ( ),9oz,,,,retail_listing,https://harmacyhotsauce.com/products/ox-king-extra-hot-kimchi-hot-sauce-9oz,19.99,USD,https://harmacyhotsauce.com/products/ox-king-extra-hot-kimchi-hot-sauce-9oz,True,harmacyhotsauce.com,2026-09-19T11:09:45.470554Z,2026-09-19T14:01:06.545048Z,sauce-names-1,sauce-match-1,rule:sauce-structured-1,shopify,1,2_longtail,,False,0,,single_source:shopify,0,,,v1
sauce:harmacy|pata-del-diablo-extra-hot-tomatillo-tangerine,harmacy,Harmacy Hot Sauce Co.,pata-del-diablo-extra-hot-tomatillo-tangerine,Pata del Diablo - Extra Hot Tomatillo & Tangerine ( ),9oz,,,,retail_listing,https://harmacyhotsauce.com/products/pata-del-diablo-extra-hot-9oz,19.99,USD,https://harmacyhotsauce.com/products/pata-del-diablo-extra-hot-9oz,True,harmacyhotsauce.com,2026-09-19T11:09:45.470554Z,2026-09-19T14:01:06.545048Z,sauce-names-1,sauce-match-1,rule:sauce-structured-1,shopify,1,2_longtail,,False,0,,single_source:shopify,0,,,v1
sauce:harmacy|smoke-signal-miso-maple-apricot,harmacy,Harmacy Hot Sauce Co.,smoke-signal-miso-maple-apricot,Smoke Signal - Miso Maple Apricot ( ),9oz,,,,retail_listing,https://harmacyhotsauce.com/products/smoke-signal-miso-maple-apricot-9oz,14.99,USD,https://harmacyhotsauce.com/products/smoke-signal-miso-maple-apricot-9oz,True,harmacyhotsauce.com,2026-09-19T11:09:45.470554Z,2026-09-19T14:01:06.545048Z,sauce-names-1,sauce-match-1,rule:sauce-structured-1,shopify,1,2_longtail,,False,0,,single_source:shopify,0,,,v1
sauce:harmacy|black-curtain,harmacy,Harmacy Hot Sauce Co.,black-curtain,The Black Curtain,,,,,retail_listing,https://harmacyhotsauce.com/products/the-black-curtain-variety-pack,99.99,USD,https://harmacyhotsauce.com/products/the-black-curtain-variety-pack,True,harmacyhotsauce.com,2026-09-19T11:09:45.470554Z,2026-09-19T14:01:06.545048Z,sauce-names-1,sauce-match-1,rule:sauce-structured-1,shopify,1,2_longtail,,False,0,,single_source:shopify,0,,,v1
sauce:harmacy|core-four,harmacy,Harmacy Hot Sauce Co.,core-four,The Core Four,,,,,retail_listing,https://harmacyhotsauce.com/products/the-core-four,49.99,USD,https://harmacyhotsauce.com/products/the-core-four,True,harmacyhotsauce.com,2026-09-19T11:09:45.470554Z,2026-09-19T14:01:06.545048Z,sauce-names-1,sauce-match-1,rule:sauce-structured-1,shopify,1,2_longtail,,False,0,,single_source:shopify,0,,,v1
sauce:harmacy|dragon-s-den,harmacy,Harmacy Hot Sauce Co.,dragon-s-den,The Dragon's Den,,,,,retail_listing,https://harmacyhotsauce.com/products/the-dragons-den-variety-pack,54.99,USD,https://harmacyhotsauce.com/products/the-dragons-den-variety-pack,True,harmacyhotsauce.com,2026-09-19T11:09:45.470554Z,2026-09-19T14:01:06.545048Z,sauce-names-1,sauce-match-1,rule:sauce-structured-1,shopify,1,2_longtail,,False,0,,single_source:shopify,0,,,v1
sauce:harmacy|infernal-four,harmacy,Harmacy Hot Sauce Co.,infernal-four,The Infernal Four,,,,,retail_listing,https://harmacyhotsauce.com/products/the-infernal-four,69.99,USD,https://harmacyhotsauce.com/products/the-infernal-four,True,harmacyhotsauce.com,2026-09-19T11:09:45.470554Z,2026-09-19T14:01:06.545048Z,sauce-names-1,sauce-match-1,rule:sauce-structured-1,shopify,1,2_longtail,,False,0,,single_source:shopify,0,,,v1
sauce:harmacy|totec-s-tears-pasilla-plum,harmacy,Harmacy Hot Sauce Co.,totec-s-tears-pasilla-plum,Totec's Tears - Pasilla & Plum ( ),9oz,,,,retail_listing,https://harmacyhotsauce.com/products/totecs-tears-pasilla-plum-9oz,14.99,USD,https://harmacyhotsauce.com/products/totecs-tears-pasilla-plum-9oz,True,harmacyhotsauce.com,2026-09-19T11:09:45.470554Z,2026-09-19T14:01:06.545048Z,sauce-names-1,sauce-match-1,rule:sauce-structured-1,shopify,1,2_longtail,,False,0,,single_source:shopify,0,,,v1
sauce:harmacy|totec-s-teeth-extra-hot-pasilla-plum,harmacy,Harmacy Hot Sauce Co.,totec-s-teeth-extra-hot-pasilla-plum,Totec's Teeth - Extra Hot Pasilla & Plum ( ),9oz,,,,retail_listing,https://harmacyhotsauce.com/products/totecs-teeth-extra-hot-9oz,19.99,USD,https://harmacyhotsauce.com/products/totecs-teeth-extra-hot-9oz,True,harmacyhotsauce.com,2026-09-19T11:09:45.470554Z,2026-09-19T14:01:06.545048Z,sauce-names-1,sauce-match-1,rule:sauce-structured-1,shopify,1,2_longtail,,False,0,,single_source:shopify,0,,,v1
sauce:harmacy|white-label-lineup-pack,harmacy,Harmacy Hot Sauce Co.,white-label-lineup-pack,White Label Lineup Pack,,,,,retail_listing,https://harmacyhotsauce.com/products/white-label-variety-pack,74.99,USD,https://harmacyhotsauce.com/products/white-label-variety-pack,True,harmacyhotsauce.com,2026-09-19T11:09:45.470554Z,2026-09-19T14:01:06.545048Z,sauce-names-1,sauce-match-1,rule:sauce-structured-1,shopify,1,2_longtail,,False,0,,single_source:shopify,0,,,v1
sauce:harmacy|wounded-lion-extra-hot-pineapple-jerk,harmacy,Harmacy Hot Sauce Co.,wounded-lion-extra-hot-pineapple-jerk,Wounded Lion - Extra Hot Pineapple Jerk ( ),9oz,,,,retail_listing,https://harmacyhotsauce.com/products/wounded-lion-extra-hot-pineapple-jerk-sauce-9oz,19.99,USD,https://harmacyhotsauce.com/products/wounded-lion-extra-hot-pineapple-jerk-sauce-9oz,True,harmacyhotsauce.com,2026-09-19T11:09:45.470554Z,2026-09-19T14:01:06.545048Z,sauce-names-1,sauce-match-1,rule:sauce-structured-1,shopify,1,2_longtail,,False,0,,single_source:shopify,0,,,v1
sauce:hawaiian-hot-t-s|sop-brah,hawaiian-hot-t-s,Hawaiian Hot T's,sop-brah,Sop Brah,,,,,unknown,https://puckerbuttpeppercompany.com/products/hawaiian-hot-ts-sop-brah,14.00,USD,https://puckerbuttpeppercompany.com/products/hawaiian-hot-ts-sop-brah,False,puckerbuttpeppercompany.com,2026-09-19T11:09:45.470554Z,2026-09-19T14:01:06.545048Z,sauce-names-1,sauce-match-1,rule:sauce-structured-1,shopify,1,2_longtail,,False,0,,single_source:shopify,0,,,v1
sauce:hawaiian-hot-t-s|maui-owie,hawaiian-hot-t-s,Hawaiian Hot T's,maui-owie,Maui Owie,,,,,unknown,https://puckerbuttpeppercompany.com/products/maui-owie,14.00,USD,https://puckerbuttpeppercompany.com/products/maui-owie,False,puckerbuttpeppercompany.com,2026-09-19T11:09:45.470554Z,2026-09-19T14:01:06.545048Z,sauce-names-1,sauce-match-1,rule:sauce-structured-1,shopify,1,2_longtail,,False,0,,single_source:shopify,0,,,v1
sauce:heartbeat|hot-ones-jr-the-red-hot-ones-hot-sauce-c,heartbeat,Heartbeat Hot Sauce,hot-ones-jr-the-red-hot-ones-hot-sauce-c,Hot Ones Jr. The Red | Hot Ones Hot Sauce -C,,,,,retail_listing,https://heatonist.com/products/hot-ones-jr-the-red-hot-ones-hot-sauce-c,10.00,USD,https://heatonist.com/products/hot-ones-jr-the-red-hot-ones-hot-sauce-c,True,heatonist.com,2026-09-19T11:09:45.470554Z,2026-09-19T14:01:06.545048Z,sauce-names-1,sauce-match-1,rule:sauce-structured-1,shopify,1,2_longtail,,False,0,,single_source:shopify,0,,,v1
sauce:heat-hot-sauce-shop|7o8-7-pot-citrus,heat-hot-sauce-shop,Heat Hot Sauce Shop,7o8-7-pot-citrus,7o8 7 Pot Citrus,,,,,retail_listing,https://heathotsauce.com/products/7o8-7-pot-citrus,8.99,USD,https://heathotsauce.com/products/7o8-7-pot-citrus,True,heathotsauce.com,2026-09-19T13:52:25.427841Z,2026-09-19T14:01:06.545048Z,sauce-names-1,sauce-match-1,rule:sauce-structured-1,shopify,1,2_longtail,,False,0,,single_source:shopify,0,,,v1
sauce:heat-hot-sauce-shop|aji-amarillo-puree,heat-hot-sauce-shop,Heat Hot Sauce Shop,aji-amarillo-puree,Aji Amarillo Puree,,,,,retail_listing,https://heathotsauce.com/products/aji-amarillo-puree,6.99,USD,https://heathotsauce.com/products/aji-amarillo-puree,True,heathotsauce.com,2026-09-19T13:52:25.427841Z,2026-09-19T14:01:06.545048Z,sauce-names-1,sauce-match-1,rule:sauce-structured-1,shopify,1,2_longtail,,False,0,,single_source:shopify,0,,,v1
sauce:heat-hot-sauce-shop|aji-charapita-pepper-grinder,heat-hot-sauce-shop,Heat Hot Sauce Shop,aji-charapita-pepper-grinder,Aji Charapita Pepper Grinder,,,,,retail_listing,https://heathotsauce.com/products/aji-charapita-pepper-grinder,9.99,USD,https://heathotsauce.com/products/aji-charapita-pepper-grinder,True,heathotsauce.com,2026-09-19T13:52:25.427841Z,2026-09-19T14:01:06.545048Z,sauce-names-1,sauce-match-1,rule:sauce-structured-1,shopify,1,2_longtail,,False,0,,single_source:shopify,0,,,v1
sauce:heat-hot-sauce-shop|aleppo-pepper-grinder,heat-hot-sauce-shop,Heat Hot Sauce Shop,aleppo-pepper-grinder,Aleppo Pepper Grinder,,,,,retail_listing,https://heathotsauce.com/products/aleppo-pepper-grinder,8.99,USD,https://heathotsauce.com/products/aleppo-pepper-grinder,True,heathotsauce.com,2026-09-19T13:52:25.427841Z,2026-09-19T14:01:06.545048Z,sauce-names-1,sauce-match-1,rule:sauce-structured-1,shopify,1,2_longtail,,False,0,,single_source:shopify,0,,,v1
sauce:heat-hot-sauce-shop|bhutlah-pepper-grinder,heat-hot-sauce-shop,Heat Hot Sauce Shop,bhutlah-pepper-grinder,Bhutlah Pepper Grinder,,,,,retail_listing,https://heathotsauce.com/products/bhutlah-pepper-grinder,11.99,USD,https://heathotsauce.com/products/bhutlah-pepper-grinder,True,heathotsauce.com,2026-09-19T13:52:25.427841Z,2026-09-19T14:01:06.545048Z,sauce-names-1,sauce-match-1,rule:sauce-structured-1,shopify,1,2_longtail,,False,0,,single_source:shopify,0,,,v1
sauce:heat-hot-sauce-shop|calabrian-pepper-grinder,heat-hot-sauce-shop,Heat Hot Sauce Shop,calabrian-pepper-grinder,Calabrian Pepper Grinder,,,,,retail_listing,https://heathotsauce.com/products/calabrian-pepper-grinder,8.99,USD,https://heathotsauce.com/products/calabrian-pepper-grinder,True,heathotsauce.com,2026-09-19T13:52:25.427841Z,2026-09-19T14:01:06.545048Z,sauce-names-1,sauce-match-1,rule:sauce-structured-1,shopify,1,2_longtail,,False,0,,single_source:shopify,0,,,v1
sauce:heat-hot-sauce-shop|caribbean-red-habanero-pepper-grinder,heat-hot-sauce-shop,Heat Hot Sauce Shop,caribbean-red-habanero-pepper-grinder,Caribbean Red Habanero Pepper Grinder,,,,,retail_listing,https://heathotsauce.com/products/caribbean-red-habanero-pepper-grinder,8.99,USD,https://heathotsauce.com/products/caribbean-red-habanero-pepper-grinder,True,heathotsauce.com,2026-09-19T13:52:25.427841Z,2026-09-19T14:01:06.545048Z,sauce-names-1,sauce-match-1,rule:sauce-structured-1,shopify,1,2_longtail,,False,0,,single_source:shopify,0,,,v1
sauce:heat-hot-sauce-shop|chiltepin-pepper-grinder,heat-hot-sauce-shop,Heat Hot Sauce Shop,chiltepin-pepper-grinder,Chiltepin Pepper Grinder,,,,,retail_listing,https://heathotsauce.com/products/chiltepin-pepper-grinder,8.09,USD,https://heathotsauce.com/products/chiltepin-pepper-grinder,True,heathotsauce.com,2026-09-19T13:52:25.427841Z,2026-09-19T14:01:06.545048Z,sauce-names-1,sauce-match-1,rule:sauce-structured-1,shopify,1,2_longtail,,False,0,,single_source:shopify,0,,,v1
sauce:heat-hot-sauce-shop|dragon-s-breath-pepper-grinder,heat-hot-sauce-shop,Heat Hot Sauce Shop,dragon-s-breath-pepper-grinder,Dragon's Breath Pepper Grinder,,,,,retail_listing,https://heathotsauce.com/products/dragons-breath-pepper-grinder,11.99,USD,https://heathotsauce.com/products/dragons-breath-pepper-grinder,True,heathotsauce.com,2026-09-19T13:52:25.427841Z,2026-09-19T14:01:06.545048Z,sauce-names-1,sauce-match-1,rule:sauce-structured-1,shopify,1,2_longtail,,False,0,,single_source:shopify,0,,,v1
sauce:heat-hot-sauce-shop|fatalii-pepper-grinder,heat-hot-sauce-shop,Heat Hot Sauce Shop,fatalii-pepper-grinder,Fatalii Pepper Grinder,,,,,retail_listing,https://heathotsauce.com/products/fatalii-grinder,9.99,USD,https://heathotsauce.com/products/fatalii-grinder,True,heathotsauce.com,2026-09-19T13:52:25.427841Z,2026-09-19T14:01:06.545048Z,sauce-names-1,sauce-match-1,rule:sauce-structured-1,shopify,1,2_longtail,,False,0,,single_source:shopify,0,,,v1
sauce:heat-hot-sauce-shop|gochugaro-pepper-grinder,heat-hot-sauce-shop,Heat Hot Sauce Shop,gochugaro-pepper-grinder,Gochugaro Pepper Grinder,,,,,retail_listing,https://heathotsauce.com/products/gochugaro-pepper-grinder,8.99,USD,https://heathotsauce.com/products/gochugaro-pepper-grinder,True,heathotsauce.com,2026-09-19T13:52:25.427841Z,2026-09-19T14:01:06.545048Z,sauce-names-1,sauce-match-1,rule:sauce-structured-1,shopify,1,2_longtail,,False,0,,single_source:shopify,0,,,v1
sauce:heat-hot-sauce-shop|green-ghost-pepper-grinder,heat-hot-sauce-shop,Heat Hot Sauce Shop,green-ghost-pepper-grinder,Green Ghost Pepper Grinder,,,,,retail_listing,https://heathotsauce.com/products/green-ghost-pepper-grinder,9.99,USD,https://heathotsauce.com/products/green-ghost-pepper-grinder,True,heathotsauce.com,2026-09-19T13:52:25.427841Z,2026-09-19T14:01:06.545048Z,sauce-names-1,sauce-match-1,rule:sauce-structured-1,shopify,1,2_longtail,,False,0,,single_source:shopify,0,,,v1
sauce:heat-hot-sauce-shop|green-reaper-pepper-grinder,heat-hot-sauce-shop,Heat Hot Sauce Shop,green-reaper-pepper-grinder,Green Reaper Pepper Grinder,,,,,retail_listing,https://heathotsauce.com/products/green-reaper-pepper-grinder,11.99,USD,https://heathotsauce.com/products/green-reaper-pepper-grinder,True,heathotsauce.com,2026-09-19T13:52:25.427841Z,2026-09-19T14:01:06.545048Z,sauce-names-1,sauce-match-1,rule:sauce-structured-1,shopify,1,2_longtail,,False,0,,single_source:shopify,0,,,v1
sauce:heat-hot-sauce-shop|orange-habanero-pepper-grinder,heat-hot-sauce-shop,Heat Hot Sauce Shop,orange-habanero-pepper-grinder,Orange Habanero Pepper Grinder,,,,,retail_listing,https://heathotsauce.com/products/habanero-pepper-grinder,8.99,USD,https://heathotsauce.com/products/habanero-pepper-grinder,True,heathotsauce.com,2026-09-19T13:52:25.427841Z,2026-09-19T14:01:06.545048Z,sauce-names-1,sauce-match-1,rule:sauce-structured-1,shopify,1,2_longtail,,False,0,,single_source:shopify,0,,,v1
sauce:heat-hot-sauce-shop|hot-pepper-grinder-refill,heat-hot-sauce-shop,Heat Hot Sauce Shop,hot-pepper-grinder-refill,Hot Pepper Grinder Refill,,,,,retail_listing,https://heathotsauce.com/products/hot-pepper-grinder-refill,7.99,USD,https://heathotsauce.com/products/hot-pepper-grinder-refill,True,heathotsauce.com,2026-09-19T13:52:25.427841Z,2026-09-19T14:01:06.545048Z,sauce-names-1,sauce-match-1,rule:sauce-structured-1,shopify,1,2_longtail,,False,0,,single_source:shopify,0,,,v1
sauce:heat-hot-sauce-shop|kashmiri-pepper-grinder,heat-hot-sauce-shop,Heat Hot Sauce Shop,kashmiri-pepper-grinder,Kashmiri Pepper Grinder,,,,,retail_listing,https://heathotsauce.com/products/kashmiri-pepper-grinder,8.99,USD,https://heathotsauce.com/products/kashmiri-pepper-grinder,True,heathotsauce.com,2026-09-19T13:52:25.427841Z,2026-09-19T14:01:06.545048Z,sauce-names-1,sauce-match-1,rule:sauce-structured-1,shopify,1,2_longtail,,False,0,,single_source:shopify,0,,,v1
sauce:heat-hot-sauce-shop|leche-de-dragon-pepper,heat-hot-sauce-shop,Heat Hot Sauce Shop,leche-de-dragon-pepper,Leche de Dragon Pepper Sauce,,,,,retail_listing,https://heathotsauce.com/products/leche-de-dragon-pepper-sauce,9.99,USD,https://heathotsauce.com/products/leche-de-dragon-pepper-sauce,True,heathotsauce.com,2026-09-19T13:52:25.427841Z,2026-09-19T14:01:06.545048Z,sauce-names-1,sauce-match-1,rule:sauce-structured-1,shopify,1,2_longtail,,False,0,,single_source:shopify,0,,,v1
sauce:heat-hot-sauce-shop|leche-de-tigre-pepper,heat-hot-sauce-shop,Heat Hot Sauce Shop,leche-de-tigre-pepper,Leche de Tigre Pepper Sauce,,,,,retail_listing,https://heathotsauce.com/products/leche-de-tigre-pepper-sauce,9.99,USD,https://heathotsauce.com/products/leche-de-tigre-pepper-sauce,True,heathotsauce.com,2026-09-19T13:52:25.427841Z,2026-09-19T14:01:06.545048Z,sauce-names-1,sauce-match-1,rule:sauce-structured-1,shopify,1,2_longtail,,False,0,,single_source:shopify,0,,,v1
sauce:heat-hot-sauce-shop|naga-viper-pepper-grinder,heat-hot-sauce-shop,Heat Hot Sauce Shop,naga-viper-pepper-grinder,Naga Viper Pepper Grinder,,,,,retail_listing,https://heathotsauce.com/products/naga-viper-pepper-grinder,9.89,USD,https://heathotsauce.com/products/naga-viper-pepper-grinder,True,heathotsauce.com,2026-09-19T13:52:25.427841Z,2026-09-19T14:01:06.545048Z,sauce-names-1,sauce-match-1,rule:sauce-structured-1,shopify,1,2_longtail,,False,0,,single_source:shopify,0,,,v1
sauce:heat-hot-sauce-shop|peach-ghost-pepper-grinder,heat-hot-sauce-shop,Heat Hot Sauce Shop,peach-ghost-pepper-grinder,Peach Ghost Pepper Grinder,,,,,retail_listing,https://heathotsauce.com/products/peach-ghost-pepper-grinder,8.99,USD,https://heathotsauce.com/products/peach-ghost-pepper-grinder,True,heathotsauce.com,2026-09-19T13:52:25.427841Z,2026-09-19T14:01:06.545048Z,sauce-names-1,sauce-match-1,rule:sauce-structured-1,shopify,1,2_longtail,,False,0,,single_source:shopify,0,,,v1
sauce:heat-hot-sauce-shop|peri-peri-pepper-grinder,heat-hot-sauce-shop,Heat Hot Sauce Shop,peri-peri-pepper-grinder,Peri Peri Pepper Grinder,,,,,retail_listing,https://heathotsauce.com/products/peri-peri-pepper-grinder,8.99,USD,https://heathotsauce.com/products/peri-peri-pepper-grinder,True,heathotsauce.com,2026-09-19T13:52:25.427841Z,2026-09-19T14:01:06.545048Z,sauce-names-1,sauce-match-1,rule:sauce-structured-1,shopify,1,2_longtail,,False,0,,single_source:shopify,0,,,v1
sauce:heat-hot-sauce-shop|carolina-reaper-grinder,heat-hot-sauce-shop,Heat Hot Sauce Shop,carolina-reaper-grinder,Carolina Reaper Grinder,,,,,retail_listing,https://heathotsauce.com/products/reaper-grinder,12.99,USD,https://heathotsauce.com/products/reaper-grinder,True,heathotsauce.com,2026-09-19T13:52:25.427841Z,2026-09-19T14:01:06.545048Z,sauce-names-1,sauce-match-1,rule:sauce-structured-1,shopify,1,2_longtail,,False,0,,single_source:shopify,0,,,v1
sauce:heat-hot-sauce-shop|red-ghost-pepper-grinder,heat-hot-sauce-shop,Heat Hot Sauce Shop,red-ghost-pepper-grinder,Red Ghost Pepper Grinder,,,,,retail_listing,https://heathotsauce.com/products/red-ghost-pepper-grinder,9.99,USD,https://heathotsauce.com/products/red-ghost-pepper-grinder,True,heathotsauce.com,2026-09-19T13:52:25.427841Z,2026-09-19T14:01:06.545048Z,sauce-names-1,sauce-match-1,rule:sauce-structured-1,shopify,1,2_longtail,,False,0,,single_source:shopify,0,,,v1
sauce:heat-hot-sauce-shop|rocoto-pepper-grinder,heat-hot-sauce-shop,Heat Hot Sauce Shop,rocoto-pepper-grinder,Rocoto Pepper Grinder,,,,,retail_listing,https://heathotsauce.com/products/rocoto-pepper-grinder,8.99,USD,https://heathotsauce.com/products/rocoto-pepper-grinder,True,heathotsauce.com,2026-09-19T13:52:25.427841Z,2026-09-19T14:01:06.545048Z,sauce-names-1,sauce-match-1,rule:sauce-structured-1,shopify,1,2_longtail,,False,0,,single_source:shopify,0,,,v1
sauce:heat-hot-sauce-shop|smoked-carolina-reaper-grinder,heat-hot-sauce-shop,Heat Hot Sauce Shop,smoked-carolina-reaper-grinder,Smoked Carolina Reaper Grinder,,,,,retail_listing,https://heathotsauce.com/products/smoked-carolina-reaper-grinder,11.69,USD,https://heathotsauce.com/products/smoked-carolina-reaper-grinder,True,heathotsauce.com,2026-09-19T13:52:25.427841Z,2026-09-19T14:01:06.545048Z,sauce-names-1,sauce-match-1,rule:sauce-structured-1,shopify,1,2_longtail,,False,0,,single_source:shopify,0,,,v1
sauce:heat-hot-sauce-shop|smoked-ghost-pepper-grinder,heat-hot-sauce-shop,Heat Hot Sauce Shop,smoked-ghost-pepper-grinder,Smoked Ghost Pepper Grinder,,,,,retail_listing,https://heathotsauce.com/products/smoked-ghost-pepper-grinder,9.99,USD,https://heathotsauce.com/products/smoked-ghost-pepper-grinder,True,heathotsauce.com,2026-09-19T13:52:25.427841Z,2026-09-19T14:01:06.545048Z,sauce-names-1,sauce-match-1,rule:sauce-structured-1,shopify,1,2_longtail,,False,0,,single_source:shopify,0,,,v1
sauce:heat-hot-sauce-shop|smoked-habanero-pepper-grinder,heat-hot-sauce-shop,Heat Hot Sauce Shop,smoked-habanero-pepper-grinder,Smoked Habanero Pepper Grinder,,,,,retail_listing,https://heathotsauce.com/products/smoked-habanero-pepper-grinder,8.99,USD,https://heathotsauce.com/products/smoked-habanero-pepper-grinder,True,heathotsauce.com,2026-09-19T13:52:25.427841Z,2026-09-19T14:01:06.545048Z,sauce-names-1,sauce-match-1,rule:sauce-structured-1,shopify,1,2_longtail,,False,0,,single_source:shopify,0,,,v1
sauce:heat-hot-sauce-shop|smoked-habanero-taco-grinder,heat-hot-sauce-shop,Heat Hot Sauce Shop,smoked-habanero-taco-grinder,Smoked Habanero Taco Grinder,,,,,retail_listing,https://heathotsauce.com/products/smoked-habanero-taco-grinder,9.99,USD,https://heathotsauce.com/products/smoked-habanero-taco-grinder,True,heathotsauce.com,2026-09-19T13:52:25.427841Z,2026-09-19T14:01:06.545048Z,sauce-names-1,sauce-match-1,rule:sauce-structured-1,shopify,1,2_longtail,,False,0,,single_source:shopify,0,,,v1
sauce:heat-hot-sauce-shop|thai-chile-galangal-kaffir-lime-grinder,heat-hot-sauce-shop,Heat Hot Sauce Shop,thai-chile-galangal-kaffir-lime-grinder,"Thai Chile, Galangal, & Kaffir Lime Grinder",,,,,retail_listing,https://heathotsauce.com/products/thai-chile-galangal-kaffir-lime-grinder,9.99,USD,https://heathotsauce.com/products/thai-chile-galangal-kaffir-lime-grinder,True,heathotsauce.com,2026-09-19T13:52:25.427841Z,2026-09-19T14:01:06.545048Z,sauce-names-1,sauce-match-1,rule:sauce-structured-1,shopify,1,2_longtail,,False,0,,single_source:shopify,0,,,v1
sauce:heat-hot-sauce-shop|thai-chile-pepper-grinder,heat-hot-sauce-shop,Heat Hot Sauce Shop,thai-chile-pepper-grinder,Thai Chile Pepper Grinder,,,,,retail_listing,https://heathotsauce.com/products/thai-chile-pepper-grinder,8.99,USD,https://heathotsauce.com/products/thai-chile-pepper-grinder,True,heathotsauce.com,2026-09-19T13:52:25.427841Z,2026-09-19T14:01:06.545048Z,sauce-names-1,sauce-match-1,rule:sauce-structured-1,shopify,1,2_longtail,,False,0,,single_source:shopify,0,,,v1
sauce:heat|mystery-bottle-of,heat,Heat,mystery-bottle-of,Mystery Bottle of Hot Sauce,,,,,retail_listing,https://heathotsauce.com/products/mystery-bottle-of-hot-sauce,8.99,USD,https://heathotsauce.com/products/mystery-bottle-of-hot-sauce,True,heathotsauce.com,2026-09-19T13:52:25.427841Z,2026-09-19T14:01:06.545048Z,sauce-names-1,sauce-match-1,rule:sauce-structured-1,shopify,1,2_longtail,,False,0,,single_source:shopify,0,,,v1
sauce:heat|whole-ghost-pepper-pod,heat,Heat,whole-ghost-pepper-pod,Whole Ghost Pepper Pod,,,,,retail_listing,https://heathotsauce.com/products/whole-ghost-pepper-pod,1.00,USD,https://heathotsauce.com/products/whole-ghost-pepper-pod,True,heathotsauce.com,2026-09-19T13:52:25.427841Z,2026-09-19T14:01:06.545048Z,sauce-names-1,sauce-match-1,rule:sauce-structured-1,shopify,1,2_longtail,,False,0,,single_source:shopify,0,,,v1
sauce:heatonist|classic-chili-maple,heatonist,Heatonist,classic-chili-maple,The Classic - Chili Maple,,,,,retail_listing,https://puckerbuttpeppercompany.com/products/the-classic-chili-maple,10.00,USD,https://puckerbuttpeppercompany.com/products/the-classic-chili-maple,True,puckerbuttpeppercompany.com,2026-09-19T11:09:45.470554Z,2026-09-19T14:01:06.545048Z,sauce-names-1,sauce-match-1,rule:sauce-structured-1,shopify,1,2_longtail,,True,1,sauce:hot-ones|classic-chili-maple,single_source:shopify,0,,,v1
sauce:heatonist|classic,heatonist,Heatonist,classic,The Classic Hot Sauce,,,,,retail_listing,https://puckerbuttpeppercompany.com/products/the-classic-hot-sauce,10.00,USD,https://puckerbuttpeppercompany.com/products/the-classic-hot-sauce,True,puckerbuttpeppercompany.com,2026-09-19T11:09:45.470554Z,2026-09-19T14:01:06.545048Z,sauce-names-1,sauce-match-1,rule:sauce-structured-1,shopify,1,2_longtail,,True,1,sauce:hot-ones|classic,single_source:shopify,0,,,v1
sauce:heatonist|last-dab-apollo,heatonist,Heatonist,last-dab-apollo,The Last Dab Apollo,,,,,retail_listing,https://puckerbuttpeppercompany.com/products/the-last-dab-apollo,22.00,USD,https://puckerbuttpeppercompany.com/products/the-last-dab-apollo,True,puckerbuttpeppercompany.com,2026-09-19T11:09:45.470554Z,2026-09-19T14:01:06.545048Z,sauce-names-1,sauce-match-1,rule:sauce-structured-1,shopify,1,2_longtail,,True,1,sauce:hot-ones|last-dab-apollo,single_source:shopify,0,,,v1
sauce:heatonist|last-dab-reaper-edition,heatonist,Heatonist,last-dab-reaper-edition,The Last Dab - Reaper Edition,,,,,retail_listing,https://puckerbuttpeppercompany.com/products/the-last-dab-reaper-edition,20.00,USD,https://puckerbuttpeppercompany.com/products/the-last-dab-reaper-edition,True,puckerbuttpeppercompany.com,2026-09-19T11:09:45.470554Z,2026-09-19T14:01:06.545048Z,sauce-names-1,sauce-match-1,rule:sauce-structured-1,shopify,1,2_longtail,,True,1,sauce:hot-ones|last-dab-reaper-edition,single_source:shopify,0,,,v1
sauce:heatonist|last-dab-xxx,heatonist,Heatonist,last-dab-xxx,The Last Dab XXX,,,,,retail_listing,https://puckerbuttpeppercompany.com/products/the-last-dab-xxx,20.00,USD,https://puckerbuttpeppercompany.com/products/the-last-dab-xxx,True,puckerbuttpeppercompany.com,2026-09-19T11:09:45.470554Z,2026-09-19T14:01:06.545048Z,sauce-names-1,sauce-match-1,rule:sauce-structured-1,shopify,1,2_longtail,,False,0,,single_source:shopify,0,,,v1
sauce:hell-s-kitchen|under-cover-lover-mole-style,hell-s-kitchen,Hell's Kitchen,under-cover-lover-mole-style,Under Cover Lover Molé-Style Sauce,,,,,retail_listing,https://heathotsauce.com/products/under-cover-lover-mole-style-sauce,11.99,USD,https://heathotsauce.com/products/under-cover-lover-mole-style-sauce,True,heathotsauce.com,2026-09-19T13:52:25.427841Z,2026-09-19T14:01:06.545048Z,sauce-names-1,sauce-match-1,rule:sauce-structured-1,shopify,1,2_longtail,,False,0,,single_source:shopify,0,,,v1
sauce:hell-s-kitchen|black-forest,hell-s-kitchen,Hell's kitchen,black-forest,Black Forest Hot Sauce,,,,,retail_listing,https://puckerbuttpeppercompany.com/products/hells-kitchen-black-forest-hot-sauce,12.00,USD,https://puckerbuttpeppercompany.com/products/hells-kitchen-black-forest-hot-sauce,True,puckerbuttpeppercompany.com,2026-09-19T11:09:45.470554Z,2026-09-19T14:01:06.545048Z,sauce-names-1,sauce-match-1,rule:sauce-structured-1,shopify,1,2_longtail,,False,0,,single_source:shopify,0,,,v1
sauce:hell-s-kitchen|cinnamon-ghost-punch,hell-s-kitchen,Hell's kitchen,cinnamon-ghost-punch,Cinnamon Ghost Punch Hot Sauce,,,,,retail_listing,https://puckerbuttpeppercompany.com/products/hells-kitchen-cinnamon-ghost-punch-hot-sauce,10.00,USD,https://puckerbuttpeppercompany.com/products/hells-kitchen-cinnamon-ghost-punch-hot-sauce,True,puckerbuttpeppercompany.com,2026-09-19T11:09:45.470554Z,2026-09-19T14:01:06.545048Z,sauce-names-1,sauce-match-1,rule:sauce-structured-1,shopify,1,2_longtail,,False,0,,single_source:shopify,0,,,v1
sauce:hell-s-kitchen|habanero-mango-salvation,hell-s-kitchen,Hell's kitchen,habanero-mango-salvation,Habanero Mango Salvation,,,,,unknown,https://puckerbuttpeppercompany.com/products/hells-kitchen-habanero-mango-salvation,12.00,USD,https://puckerbuttpeppercompany.com/products/hells-kitchen-habanero-mango-salvation,False,puckerbuttpeppercompany.com,2026-09-19T11:09:45.470554Z,2026-09-19T14:01:06.545048Z,sauce-names-1,sauce-match-1,rule:sauce-structured-1,shopify,1,2_longtail,,False,0,,single_source:shopify,0,,,v1
sauce:hell-s-kitchen|king-of-the-wing,hell-s-kitchen,Hell's kitchen,king-of-the-wing,King of the Wing,,,,,unknown,https://puckerbuttpeppercompany.com/products/hells-kitchen-king-of-the-wing,12.00,USD,https://puckerbuttpeppercompany.com/products/hells-kitchen-king-of-the-wing,False,puckerbuttpeppercompany.com,2026-09-19T11:09:45.470554Z,2026-09-19T14:01:06.545048Z,sauce-names-1,sauce-match-1,rule:sauce-structured-1,shopify,1,2_longtail,,False,0,,single_source:shopify,0,,,v1
sauce:hell-s-kitchen|pepper-pastry,hell-s-kitchen,Hell's kitchen,pepper-pastry,Pepper Pastry Hot Sauce,,,,,unknown,https://puckerbuttpeppercompany.com/products/hells-kitchen-pepper-pastry-hot-sauce,12.00,USD,https://puckerbuttpeppercompany.com/products/hells-kitchen-pepper-pastry-hot-sauce,False,puckerbuttpeppercompany.com,2026-09-19T11:09:45.470554Z,2026-09-19T14:01:06.545048Z,sauce-names-1,sauce-match-1,rule:sauce-structured-1,shopify,1,2_longtail,,False,0,,single_source:shopify,0,,,v1
sauce:hell-s-kitchen|retro-jalapeno,hell-s-kitchen,Hell's kitchen,retro-jalapeno,Retro Jalapeno,,,,,unknown,https://puckerbuttpeppercompany.com/products/hells-kitchen-retro-jalapeno,12.00,USD,https://puckerbuttpeppercompany.com/products/hells-kitchen-retro-jalapeno,False,puckerbuttpeppercompany.com,2026-09-19T11:09:45.470554Z,2026-09-19T14:01:06.545048Z,sauce-names-1,sauce-match-1,rule:sauce-structured-1,shopify,1,2_longtail,,False,0,,single_source:shopify,0,,,v1
sauce:hell-s-kitchen|rockin-rasta,hell-s-kitchen,Hell's kitchen,rockin-rasta,Rockin' Rasta,,,,,unknown,https://puckerbuttpeppercompany.com/products/hells-kitchen-rockin-rasta,12.00,USD,https://puckerbuttpeppercompany.com/products/hells-kitchen-rockin-rasta,False,puckerbuttpeppercompany.com,2026-09-19T11:09:45.470554Z,2026-09-19T14:01:06.545048Z,sauce-names-1,sauce-match-1,rule:sauce-structured-1,shopify,1,2_longtail,,False,0,,single_source:shopify,0,,,v1
sauce:hell-s-kitchen|taco-cat,hell-s-kitchen,Hell's kitchen,taco-cat,Taco Cat Hot Sauce,,,,,unknown,https://puckerbuttpeppercompany.com/products/hells-kitchen-taco-cat-hot-sauce,12.00,USD,https://puckerbuttpeppercompany.com/products/hells-kitchen-taco-cat-hot-sauce,False,puckerbuttpeppercompany.com,2026-09-19T11:09:45.470554Z,2026-09-19T14:01:06.545048Z,sauce-names-1,sauce-match-1,rule:sauce-structured-1,shopify,1,2_longtail,,False,0,,single_source:shopify,0,,,v1
sauce:hell-s-kitchen|west-side-red,hell-s-kitchen,Hell's kitchen,west-side-red,West Side Red,,,,,unknown,https://puckerbuttpeppercompany.com/products/hells-kitchen-west-side-red,12.00,USD,https://puckerbuttpeppercompany.com/products/hells-kitchen-west-side-red,False,puckerbuttpeppercompany.com,2026-09-19T11:09:45.470554Z,2026-09-19T14:01:06.545048Z,sauce-names-1,sauce-match-1,rule:sauce-structured-1,shopify,1,2_longtail,,False,0,,single_source:shopify,0,,,v1
sauce:hellfire|13th-anniversary-krampus-handpainted-art-bottle,hellfire,Hellfire Hot Sauce,13th-anniversary-krampus-handpainted-art-bottle,13th Anniversary Krampus Handpainted Art Bottle,,,,,unknown,https://hellfirehotsauce.com/products/13th-anniversary-krampus-handpainted-art-bottle,149.00,USD,https://hellfirehotsauce.com/products/13th-anniversary-krampus-handpainted-art-bottle,False,hellfirehotsauce.com,2026-09-19T11:09:45.470554Z,2026-09-19T14:01:06.545048Z,sauce-names-1,sauce-match-1,rule:sauce-structured-1,shopify,1,2_longtail,,False,0,,single_source:shopify,0,,,v1
sauce:hellfire|2014-louisiana-hot-sauce-festival-art-bottle,hellfire,Hellfire Hot Sauce,2014-louisiana-hot-sauce-festival-art-bottle,2014 Louisiana Hot Sauce Festival Art Bottle,,,,,unknown,https://hellfirehotsauce.com/products/2014-louisiana-hot-sauce-festival-art-bottle,399.00,USD,https://hellfirehotsauce.com/products/2014-louisiana-hot-sauce-festival-art-bottle,False,hellfirehotsauce.com,2026-09-19T11:09:45.470554Z,2026-09-19T14:01:06.545048Z,sauce-names-1,sauce-match-1,rule:sauce-structured-1,shopify,1,2_longtail,,False,0,,single_source:shopify,0,,,v1
sauce:hellfire|2017-halloween-hell-art-bottle-amp-reserve,hellfire,Hellfire Hot Sauce,2017-halloween-hell-art-bottle-amp-reserve,2017 HALLOWEEN HELL ART BOTTLE &amp; RESERVE,,,,,unknown,https://hellfirehotsauce.com/products/2017-halloween-hell-art-bottle-reserve,395.00,USD,https://hellfirehotsauce.com/products/2017-halloween-hell-art-bottle-reserve,False,hellfirehotsauce.com,2026-09-19T11:09:45.470554Z,2026-09-19T14:01:06.545048Z,sauce-names-1,sauce-match-1,rule:sauce-structured-1,shopify,1,2_longtail,,False,0,,single_source:shopify,0,,,v1
sauce:hellfire|2022-hellfire-halloween-hell-limited-edition-resin-bottles,hellfire,Hellfire Hot Sauce,2022-hellfire-halloween-hell-limited-edition-resin-bottles,2022 Hellfire Halloween Hell Limited Edition Resin Bottles,,,,,unknown,https://hellfirehotsauce.com/products/2022-hellfire-halloween-hell-limited-edition-resin-bottles,49.99,USD,https://hellfirehotsauce.com/products/2022-hellfire-halloween-hell-limited-edition-resin-bottles,False,hellfirehotsauce.com,2026-09-19T11:09:45.470554Z,2026-09-19T14:01:06.545048Z,sauce-names-1,sauce-match-1,rule:sauce-structured-1,shopify,1,2_longtail,,False,0,,single_source:shopify,0,,,v1
sauce:hellfire|2022-hellfire-hot-sauce-halloween-hell-art-bottle,hellfire,Hellfire Hot Sauce,2022-hellfire-hot-sauce-halloween-hell-art-bottle,2022 Hellfire Hot Sauce Halloween Hell Art Bottle,,,,,unknown,https://hellfirehotsauce.com/products/2022-hellfire-hot-sauce-halloween-hell-art-bottle,399.00,USD,https://hellfirehotsauce.com/products/2022-hellfire-hot-sauce-halloween-hell-art-bottle,False,hellfirehotsauce.com,2026-09-19T11:09:45.470554Z,2026-09-19T14:01:06.545048Z,sauce-names-1,sauce-match-1,rule:sauce-structured-1,shopify,1,2_longtail,,False,0,,single_source:shopify,0,,,v1
sauce:hellfire|2022-hellfire-hot-sauce-halloween-hell-hand-painted-art-bottles,hellfire,Hellfire Hot Sauce,2022-hellfire-hot-sauce-halloween-hell-hand-painted-art-bottles,2022 Hellfire Hot Sauce Halloween Hell Hand Painted Art Bottles,,,,,unknown,https://hellfirehotsauce.com/products/2022-hellfire-hot-sauce-halloween-hell-hand-painted-art-bottles,199.00,USD,https://hellfirehotsauce.com/products/2022-hellfire-hot-sauce-halloween-hell-hand-painted-art-bottles,False,hellfirehotsauce.com,2026-09-19T11:09:45.470554Z,2026-09-19T14:01:06.545048Z,sauce-names-1,sauce-match-1,rule:sauce-structured-1,shopify,1,2_longtail,,False,0,,single_source:shopify,0,,,v1
sauce:hellfire|2024-hellfire-christmas-art-bottle-only-24-available-worldide,hellfire,Hellfire Hot Sauce,2024-hellfire-christmas-art-bottle-only-24-available-worldide,2024 Hellfire Christmas Art Bottle Only 24 Available Worldide!,,,,,unknown,https://hellfirehotsauce.com/products/2024-hellfire-christmas-art-bottle-only-24-available-worldide,349.00,USD,https://hellfirehotsauce.com/products/2024-hellfire-christmas-art-bottle-only-24-available-worldide,False,hellfirehotsauce.com,2026-09-19T11:09:45.470554Z,2026-09-19T14:01:06.545048Z,sauce-names-1,sauce-match-1,rule:sauce-structured-1,shopify,1,2_longtail,,False,0,,single_source:shopify,0,,,v1
sauce:hellfire|2025-golden-chile-award-winner-gift-pack,hellfire,Hellfire Hot Sauce,2025-golden-chile-award-winner-gift-pack,2025 Golden Chile Award Winner Gift Pack!,,,,,retail_listing,https://hellfirehotsauce.com/products/2025-golden-chile-award-winner-gift-pack,59.00,USD,https://hellfirehotsauce.com/products/2025-golden-chile-award-winner-gift-pack,True,hellfirehotsauce.com,2026-09-19T11:09:45.470554Z,2026-09-19T14:01:06.545048Z,sauce-names-1,sauce-match-1,rule:sauce-structured-1,shopify,1,2_longtail,,False,0,,single_source:shopify,0,,,v1
sauce:hellfire|2025-hellfire-christmas-krampus-le-moldy-art-bottle,hellfire,Hellfire Hot Sauce,2025-hellfire-christmas-krampus-le-moldy-art-bottle,2025 Hellfire Christmas Krampus LE Moldy Art Bottle!,,,,,unknown,https://hellfirehotsauce.com/products/2025-hellfire-christmas-krampus-le-moldy-art-bottle,498.00,USD,https://hellfirehotsauce.com/products/2025-hellfire-christmas-krampus-le-moldy-art-bottle,False,hellfirehotsauce.com,2026-09-19T11:09:45.470554Z,2026-09-19T14:01:06.545048Z,sauce-names-1,sauce-match-1,rule:sauce-structured-1,shopify,1,2_longtail,,False,0,,single_source:shopify,0,,,v1
sauce:hellfire|2025-hellfire-halloween-hell-demon-art-bottle-by-jon-may,hellfire,Hellfire Hot Sauce,2025-hellfire-halloween-hell-demon-art-bottle-by-jon-may,2025 Hellfire Halloween Hell “Demon” Art Bottle by Jon May,,,,,unknown,https://hellfirehotsauce.com/products/2025-hellfire-halloween-hell-demon-art-bottle-by-jon-may,799.00,USD,https://hellfirehotsauce.com/products/2025-hellfire-halloween-hell-demon-art-bottle-by-jon-may,False,hellfirehotsauce.com,2026-09-19T11:09:45.470554Z,2026-09-19T14:01:06.545048Z,sauce-names-1,sauce-match-1,rule:sauce-structured-1,shopify,1,2_longtail,,False,0,,single_source:shopify,0,,,v1
sauce:hellfire|2025-hellfire-halloween-hell-moldy-pumpkin-art-bottles-limited-edition-release,hellfire,Hellfire Hot Sauce,2025-hellfire-halloween-hell-moldy-pumpkin-art-bottles-limited-edition-release,"2025 Hellfire Halloween Hell ""Moldy"" Pumpkin Art Bottles Limited Edition Release!",,,,,unknown,https://hellfirehotsauce.com/products/2025-hellfire-halloween-hell-moldy-pumpkin-art-bottles-limited-edition-release,499.00,USD,https://hellfirehotsauce.com/products/2025-hellfire-halloween-hell-moldy-pumpkin-art-bottles-limited-edition-release,False,hellfirehotsauce.com,2026-09-19T11:09:45.470554Z,2026-09-19T14:01:06.545048Z,sauce-names-1,sauce-match-1,rule:sauce-structured-1,shopify,1,2_longtail,,False,0,,single_source:shopify,0,,,v1
sauce:hellfire|2025-hellfire-halloween-hell-prestige-bat-art-bottle-by-jon-may-limited-edition-13-worldwide,hellfire,Hellfire Hot Sauce,2025-hellfire-halloween-hell-prestige-bat-art-bottle-by-jon-may-limited-edition-13-worldwide,"2025 Hellfire Halloween Hell Prestige ""Bat"" Art Bottle by Jon May Limited Edition 13 Worldwide!",,,,,unknown,https://hellfirehotsauce.com/products/2025-hellfire-halloween-hell-prestige-bat-art-bottle-by-jon-may-limited-edition-13-worldwide,799.00,USD,https://hellfirehotsauce.com/products/2025-hellfire-halloween-hell-prestige-bat-art-bottle-by-jon-may-limited-edition-13-worldwide,False,hellfirehotsauce.com,2026-09-19T11:09:45.470554Z,2026-09-19T14:01:06.545048Z,sauce-names-1,sauce-match-1,rule:sauce-structured-1,shopify,1,2_longtail,,False,0,,single_source:shopify,0,,,v1
sauce:hellfire|5-individually-boxed-sauces-for-25-perfect-for-gift-giving,hellfire,Hellfire Hot Sauce,5-individually-boxed-sauces-for-25-perfect-for-gift-giving,5 Individually Boxed Sauces for $25 Perfect for Gift Giving,,,,,unknown,https://hellfirehotsauce.com/products/5-individually-boxed-sauces-for-25-perfect-for-gift-giving,25.00,USD,https://hellfirehotsauce.com/products/5-individually-boxed-sauces-for-25-perfect-for-gift-giving,False,hellfirehotsauce.com,2026-09-19T11:09:45.470554Z,2026-09-19T14:01:06.545048Z,sauce-names-1,sauce-match-1,rule:sauce-structured-1,shopify,1,2_longtail,,False,0,,single_source:shopify,0,,,v1
sauce:hellfire|blueberry-hell-gourmet-dessert-hot-sauce-with-carolina-reaper,hellfire,Hellfire Hot Sauce,blueberry-hell-gourmet-dessert-hot-sauce-with-carolina-reaper,Blueberry Hell - Gourmet Dessert Hot Sauce With Carolina Reaper,,,,,retail_listing,https://hellfirehotsauce.com/products/blueberry-hell-w-carolina-reaper,9.99,USD,https://hellfirehotsauce.com/products/blueberry-hell-w-carolina-reaper,True,hellfirehotsauce.com,2026-09-19T11:09:45.470554Z,2026-09-19T14:01:06.545048Z,sauce-names-1,sauce-match-1,rule:sauce-structured-1,shopify,1,2_longtail,,False,0,,single_source:shopify,0,,,v1
sauce:hellfire|creature-features-hot-sauce-gift-pack,hellfire,Hellfire Hot Sauce,creature-features-hot-sauce-gift-pack,Creature Features “Hot Sauce” Gift Pack,,,,,retail_listing,https://hellfirehotsauce.com/products/creature-features-4-pack,39.00,USD,https://hellfirehotsauce.com/products/creature-features-4-pack,True,hellfirehotsauce.com,2026-09-19T11:09:45.470554Z,2026-09-19T14:01:06.545048Z,sauce-names-1,sauce-match-1,rule:sauce-structured-1,shopify,1,2_longtail,,False,0,,single_source:shopify,0,,,v1
sauce:hellfire|david-shankle-s-full-shred,hellfire,Hellfire Hot Sauce,david-shankle-s-full-shred,"David Shankle's ""Full Shred"" Hot Sauce",,,,,retail_listing,https://hellfirehotsauce.com/products/david-shankle-full-shred,7.99,USD,https://hellfirehotsauce.com/products/david-shankle-full-shred,True,hellfirehotsauce.com,2026-09-19T11:09:45.470554Z,2026-09-19T14:01:06.545048Z,sauce-names-1,sauce-match-1,rule:sauce-structured-1,shopify,1,2_longtail,,False,0,,single_source:shopify,0,,,v1
sauce:hellfire|david-shankle-s-shred-demon,hellfire,Hellfire Hot Sauce,david-shankle-s-shred-demon,"David Shankle's ""Shred Demon"" Hot Sauce",,,,,retail_listing,https://hellfirehotsauce.com/products/david-shankle-shred-demon-2,9.99,USD,https://hellfirehotsauce.com/products/david-shankle-shred-demon-2,True,hellfirehotsauce.com,2026-09-19T11:09:45.470554Z,2026-09-19T14:01:06.545048Z,sauce-names-1,sauce-match-1,rule:sauce-structured-1,shopify,1,2_longtail,,False,0,,single_source:shopify,0,,,v1
sauce:hellfire|dessert-sauces-hot-sauce-gift-pack,hellfire,Hellfire Hot Sauce,dessert-sauces-hot-sauce-gift-pack,Dessert Sauces “Hot Sauce” Gift Pack,,,,,unknown,https://hellfirehotsauce.com/products/dessert-sauces-4-pack,39.00,USD,https://hellfirehotsauce.com/products/dessert-sauces-4-pack,False,hellfirehotsauce.com,2026-09-19T11:09:45.470554Z,2026-09-19T14:01:06.545048Z,sauce-names-1,sauce-match-1,rule:sauce-structured-1,shopify,1,2_longtail,,False,0,,single_source:shopify,0,,,v1
sauce:hellfire|devil-s-blend-bourbon-chipotle,hellfire,Hellfire Hot Sauce,devil-s-blend-bourbon-chipotle,Devil’s Blend Bourbon Chipotle Hot Sauce,4 Pack,,,,retail_listing,https://hellfirehotsauce.com/products/devils-blend-bourbon-chipotle-hot-sauce,9.99,USD,https://hellfirehotsauce.com/products/devils-blend-bourbon-chipotle-hot-sauce,True,hellfirehotsauce.com,2026-09-19T11:09:45.470554Z,2026-09-19T14:01:06.545048Z,sauce-names-1,sauce-match-1,rule:sauce-structured-1,shopify,1,2_longtail,,False,0,,single_source:shopify,0,,,v1
sauce:hellfire|devil-s-blend-hot-sauce-gift-pack,hellfire,Hellfire Hot Sauce,devil-s-blend-hot-sauce-gift-pack,Devil's Blend “Hot Sauce” Gift Pack,,,,,retail_listing,https://hellfirehotsauce.com/products/devils-blend-hot-sauces-4-pack,29.00,USD,https://hellfirehotsauce.com/products/devils-blend-hot-sauces-4-pack,True,hellfirehotsauce.com,2026-09-19T11:09:45.470554Z,2026-09-19T14:01:06.545048Z,sauce-names-1,sauce-match-1,rule:sauce-structured-1,shopify,1,2_longtail,,False,0,,single_source:shopify,0,,,v1
sauce:hellfire|devil-s-blend-red-jalapeno,hellfire,Hellfire Hot Sauce,devil-s-blend-red-jalapeno,Devil’s Blend Red Jalapeño Hot Sauce,4 Pack,,,,retail_listing,https://hellfirehotsauce.com/products/devils-blend-red-jalapeno-hot-sauce-4-pack,9.99,USD,https://hellfirehotsauce.com/products/devils-blend-red-jalapeno-hot-sauce,True,hellfirehotsauce.com,2026-09-19T11:09:45.470554Z,2026-09-19T14:01:06.545048Z,sauce-names-1,sauce-match-1,rule:sauce-structured-1,shopify,1,2_longtail,,False,0,,single_source:shopify,0,,,v1
sauce:hellfire|devil-s-blend-roasted-reaper-hot-sauce-as-seen-on-hot-ones,hellfire,Hellfire Hot Sauce,devil-s-blend-roasted-reaper-hot-sauce-as-seen-on-hot-ones,Devil’s Blend - Roasted Reaper Hot Sauce as Seen on Hot Ones!,,,,,retail_listing,https://hellfirehotsauce.com/products/devils-blend-roasted-reaper-hot-sauce,9.99,USD,https://hellfirehotsauce.com/products/devils-blend-roasted-reaper-hot-sauce,True,hellfirehotsauce.com,2026-09-19T11:09:45.470554Z,2026-09-19T14:01:06.545048Z,sauce-names-1,sauce-match-1,rule:sauce-structured-1,shopify,1,2_longtail,,False,0,,single_source:shopify,0,,,v1
sauce:hellfire|devil-s-blend-roasted-reaper,hellfire,Hellfire Hot Sauce,devil-s-blend-roasted-reaper,Devil’s Blend Roasted Reaper Hot Sauce,4 Pack,,,,retail_listing,https://hellfirehotsauce.com/products/devils-blend-roasted-reaper-hot-sauce-4-pack,35.96,USD,https://hellfirehotsauce.com/products/devils-blend-roasted-reaper-hot-sauce-4-pack,True,hellfirehotsauce.com,2026-09-19T11:09:45.470554Z,2026-09-19T14:01:06.545048Z,sauce-names-1,sauce-match-1,rule:sauce-structured-1,shopify,1,2_longtail,,False,0,,single_source:shopify,0,,,v1
sauce:hellfire|devil-s-blend-scotch-bonnet,hellfire,Hellfire Hot Sauce,devil-s-blend-scotch-bonnet,Devil’s Blend - Scotch Bonnet Hot Sauce,4 Pack,,,,retail_listing,https://hellfirehotsauce.com/products/devils-blend-scotch-bonnet-hot-sauce,9.99,USD,https://hellfirehotsauce.com/products/devils-blend-scotch-bonnet-hot-sauce,True,hellfirehotsauce.com,2026-09-19T11:09:45.470554Z,2026-09-19T14:01:06.545048Z,sauce-names-1,sauce-match-1,rule:sauce-structured-1,shopify,1,2_longtail,,False,0,,single_source:shopify,0,,,v1
sauce:hellfire|devil-s-gold-multi-award-winning-gourmet,hellfire,Hellfire Hot Sauce,devil-s-gold-multi-award-winning-gourmet,Devil's Gold - Multi-Award Winning Gourmet Hot Sauce,,,,,retail_listing,https://hellfirehotsauce.com/products/devils-gold,9.99,USD,https://hellfirehotsauce.com/products/devils-gold,True,hellfirehotsauce.com,2026-09-19T11:09:45.470554Z,2026-09-19T14:01:06.545048Z,sauce-names-1,sauce-match-1,rule:sauce-structured-1,shopify,1,2_longtail,,False,0,,single_source:shopify,0,,,v1
sauce:hellfire|doomed-the-hottest-hot-sauce-in-the-world,hellfire,Hellfire Hot Sauce,doomed-the-hottest-hot-sauce-in-the-world,DOOMED – the Hottest Hot Sauce in the World,,,,,unknown,https://hellfirehotsauce.com/products/doomed,19.99,USD,https://hellfirehotsauce.com/products/doomed,False,hellfirehotsauce.com,2026-09-19T11:09:45.470554Z,2026-09-19T14:01:06.545048Z,sauce-names-1,sauce-match-1,rule:sauce-structured-1,shopify,1,2_longtail,,False,0,,single_source:shopify,0,,,v1
sauce:hellfire|elixir-the-award-winning-rum-infused-sweet-heat,hellfire,Hellfire Hot Sauce,elixir-the-award-winning-rum-infused-sweet-heat,Elixir - The Award Winning Rum Infused Sweet Heat Hot Sauce,,,,,retail_listing,https://hellfirehotsauce.com/products/elixir,11.98,USD,https://hellfirehotsauce.com/products/elixir,True,hellfirehotsauce.com,2026-09-19T11:09:45.470554Z,2026-09-19T14:01:06.545048Z,sauce-names-1,sauce-match-1,rule:sauce-structured-1,shopify,1,2_longtail,,False,0,,single_source:shopify,0,,,v1
sauce:hellfire|evil-bastard-our-extremely-hot-ghost-pepper,hellfire,Hellfire Hot Sauce,evil-bastard-our-extremely-hot-ghost-pepper,Evil Bastard - Our Extremely Hot Ghost Pepper Sauce,,,,,retail_listing,https://hellfirehotsauce.com/products/evil-bastard,10.98,USD,https://hellfirehotsauce.com/products/evil-bastard,True,hellfirehotsauce.com,2026-09-19T11:09:45.470554Z,2026-09-19T14:01:06.545048Z,sauce-names-1,sauce-match-1,rule:sauce-structured-1,shopify,1,2_longtail,,False,0,,single_source:shopify,0,,,v1
sauce:hellfire|fear-this-award-winning-carolina-reaper,hellfire,Hellfire Hot Sauce,fear-this-award-winning-carolina-reaper,Fear This! - Award Winning Carolina Reaper Hot Sauce,,,,,retail_listing,https://hellfirehotsauce.com/products/fear-this-reaper-sauce,15.98,USD,https://hellfirehotsauce.com/products/fear-this-reaper-sauce,True,hellfirehotsauce.com,2026-09-19T11:09:45.470554Z,2026-09-19T14:01:06.545048Z,sauce-names-1,sauce-match-1,rule:sauce-structured-1,shopify,1,2_longtail,,False,0,,single_source:shopify,0,,,v1
sauce:hellfire|fear-this-reaper-sauce,hellfire,Hellfire Hot Sauce,fear-this-reaper-sauce,Fear This! (Reaper Sauce),4 Pack,,,,retail_listing,https://hellfirehotsauce.com/products/fear-this-reaper-sauce-4-pack,57.53,USD,https://hellfirehotsauce.com/products/fear-this-reaper-sauce-4-pack,True,hellfirehotsauce.com,2026-09-19T11:09:45.470554Z,2026-09-19T14:01:06.545048Z,sauce-names-1,sauce-match-1,rule:sauce-structured-1,shopify,1,2_longtail,,False,0,,single_source:shopify,0,,,v1
sauce:hellfire|fiery-fool-hot-sauce-as-seen-on-hot-ones-hottest-natural-hot-sauce,hellfire,Hellfire Hot Sauce,fiery-fool-hot-sauce-as-seen-on-hot-ones-hottest-natural-hot-sauce,Fiery Fool Hot Sauce as Seen on Hot Ones! Hottest Natural Hot Sauce!,,,,,retail_listing,https://hellfirehotsauce.com/products/fiery-fool-hot-sauce,15.98,USD,https://hellfirehotsauce.com/products/fiery-fool-hot-sauce,True,hellfirehotsauce.com,2026-09-19T11:09:45.470554Z,2026-09-19T14:01:06.545048Z,sauce-names-1,sauce-match-1,rule:sauce-structured-1,shopify,1,2_longtail,,False,0,,single_source:shopify,0,,,v1
sauce:hellfire|fiery-fool,hellfire,Hellfire Hot Sauce,fiery-fool,Fiery Fool Hot Sauce,4 Pack,,,,retail_listing,https://hellfirehotsauce.com/products/fiery-fool-hot-sauce-4-pack,57.53,USD,https://hellfirehotsauce.com/products/fiery-fool-hot-sauce-4-pack,True,hellfirehotsauce.com,2026-09-19T11:09:45.470554Z,2026-09-19T14:01:06.545048Z,sauce-names-1,sauce-match-1,rule:sauce-structured-1,shopify,1,2_longtail,,False,0,,single_source:shopify,0,,,v1
sauce:hellfire|firearrhea-hot-sauce-with-the-world-s-four-hottest-peppers,hellfire,Hellfire Hot Sauce,firearrhea-hot-sauce-with-the-world-s-four-hottest-peppers,Firearrhea - Hot Sauce with the World's Four Hottest Peppers!,,,,,retail_listing,https://hellfirehotsauce.com/products/fireahhrea,15.98,USD,https://hellfirehotsauce.com/products/fireahhrea,True,hellfirehotsauce.com,2026-09-19T11:09:45.470554Z,2026-09-19T14:01:06.545048Z,sauce-names-1,sauce-match-1,rule:sauce-structured-1,shopify,1,2_longtail,,False,0,,single_source:shopify,0,,,v1
sauce:hellfire|firearrhea,hellfire,Hellfire Hot Sauce,firearrhea,Firearrhea,4 Pack,,,,retail_listing,https://hellfirehotsauce.com/products/firearrhea-4-pack,57.53,USD,https://hellfirehotsauce.com/products/firearrhea-4-pack,True,hellfirehotsauce.com,2026-09-19T11:09:45.470554Z,2026-09-19T14:01:06.545048Z,sauce-names-1,sauce-match-1,rule:sauce-structured-1,shopify,1,2_longtail,,False,0,,single_source:shopify,0,,,v1
sauce:hellfire|first-blood-flavorful-and-extreme,hellfire,Hellfire Hot Sauce,first-blood-flavorful-and-extreme,First Blood - Flavorful and Extreme Hot Sauce,,,,,retail_listing,https://hellfirehotsauce.com/products/first-blood,11.95,USD,https://hellfirehotsauce.com/products/first-blood,True,hellfirehotsauce.com,2026-09-19T11:09:45.470554Z,2026-09-19T14:01:06.545048Z,sauce-names-1,sauce-match-1,rule:sauce-structured-1,shopify,1,2_longtail,,False,0,,single_source:shopify,0,,,v1
sauce:hellfire|hell-of-a-deal-extreme-heat,hellfire,Hellfire Hot Sauce,hell-of-a-deal-extreme-heat,"Hell of a Deal ""Extreme Heat""",,,,,retail_listing,https://hellfirehotsauce.com/products/hell-of-a-deal-screaming-mimi-winners,69.99,USD,https://hellfirehotsauce.com/products/hell-of-a-deal-screaming-mimi-winners,True,hellfirehotsauce.com,2026-09-19T11:09:45.470554Z,2026-09-19T14:01:06.545048Z,sauce-names-1,sauce-match-1,rule:sauce-structured-1,shopify,1,2_longtail,,False,0,,single_source:shopify,0,,,v1
sauce:hellfire|hell-of-a-deal-verde-our-favorite-green-sauces,hellfire,Hellfire Hot Sauce,hell-of-a-deal-verde-our-favorite-green-sauces,"Hell of a Deal ""Verde"" Our favorite green sauces!",,,,,retail_listing,https://hellfirehotsauce.com/products/hell-of-a-deal-the-characters,39.99,USD,https://hellfirehotsauce.com/products/hell-of-a-deal-the-characters,True,hellfirehotsauce.com,2026-09-19T11:09:45.470554Z,2026-09-19T14:01:06.545048Z,sauce-names-1,sauce-match-1,rule:sauce-structured-1,shopify,1,2_longtail,,False,0,,single_source:shopify,0,,,v1
sauce:hellfire|hell-of-a-deal-sweet-heat,hellfire,Hellfire Hot Sauce,hell-of-a-deal-sweet-heat,"Hell of a Deal ""Sweet Heat""",,,,,unknown,https://hellfirehotsauce.com/products/hell-of-a-deal-the-fantastic-five,49.00,USD,https://hellfirehotsauce.com/products/hell-of-a-deal-the-fantastic-five,False,hellfirehotsauce.com,2026-09-19T11:09:45.470554Z,2026-09-19T14:01:06.545048Z,sauce-names-1,sauce-match-1,rule:sauce-structured-1,shopify,1,2_longtail,,False,0,,single_source:shopify,0,,,v1
sauce:hellfire|hell-of-a-deal-the-characters-hellfire-hot-sauce-gift-pack,hellfire,Hellfire Hot Sauce,hell-of-a-deal-the-characters-hellfire-hot-sauce-gift-pack,"Hell of a Deal ""The Characters!"" Hellfire Hot Sauce Gift Pack",,,,,retail_listing,https://hellfirehotsauce.com/products/hell-of-a-deal-the-hot-ones,49.99,USD,https://hellfirehotsauce.com/products/hell-of-a-deal-the-hot-ones,True,hellfirehotsauce.com,2026-09-19T11:09:45.470554Z,2026-09-19T14:01:06.545048Z,sauce-names-1,sauce-match-1,rule:sauce-structured-1,shopify,1,2_longtail,,False,0,,single_source:shopify,0,,,v1
sauce:hellfire|hell-of-a-deal-sweet-savory-4-pack,hellfire,Hellfire Hot Sauce,hell-of-a-deal-sweet-savory-4-pack,"Hell of a Deal ""Sweet & Savory"" 4-pack",,,,,retail_listing,https://hellfirehotsauce.com/products/hell-of-a-deal-the-mild-ones,29.00,USD,https://hellfirehotsauce.com/products/hell-of-a-deal-the-mild-ones,True,hellfirehotsauce.com,2026-09-19T11:09:45.470554Z,2026-09-19T14:01:06.545048Z,sauce-names-1,sauce-match-1,rule:sauce-structured-1,shopify,1,2_longtail,,False,0,,single_source:shopify,0,,,v1
sauce:hellfire|hell-of-a-deal-rojo-our-favorite-red-sauces,hellfire,Hellfire Hot Sauce,hell-of-a-deal-rojo-our-favorite-red-sauces,"Hell of a Deal ""ROJO"" Our favorite red sauces!",,,,,retail_listing,https://hellfirehotsauce.com/products/hell-of-a-deal-the-works,39.99,USD,https://hellfirehotsauce.com/products/hell-of-a-deal-the-works,True,hellfirehotsauce.com,2026-09-19T11:09:45.470554Z,2026-09-19T14:01:06.545048Z,sauce-names-1,sauce-match-1,rule:sauce-structured-1,shopify,1,2_longtail,,False,0,,single_source:shopify,0,,,v1
sauce:hellfire|anung-un-rama-hellboy,hellfire,Hellfire Hot Sauce,anung-un-rama-hellboy,ANUNG UN RAMA - Hellboy Hot Sauce,,,,,retail_listing,https://hellfirehotsauce.com/products/hellboy-anung-un-rama-hot-sauce,11.98,USD,https://hellfirehotsauce.com/products/hellboy-anung-un-rama-hot-sauce,True,hellfirehotsauce.com,2026-09-19T11:09:45.470554Z,2026-09-19T14:01:06.545048Z,sauce-names-1,sauce-match-1,rule:sauce-structured-1,shopify,1,2_longtail,,False,0,,single_source:shopify,0,,,v1
sauce:hellfire|hellboy-anung-un-rama,hellfire,Hellfire Hot Sauce,hellboy-anung-un-rama,HELLBOY ANUNG UN RAMA Hot Sauce,4 Pack,,,,retail_listing,https://hellfirehotsauce.com/products/hellboy-anung-un-rama-hot-sauce-4-pack,43.13,USD,https://hellfirehotsauce.com/products/hellboy-anung-un-rama-hot-sauce-4-pack,True,hellfirehotsauce.com,2026-09-19T11:09:45.470554Z,2026-09-19T14:01:06.545048Z,sauce-names-1,sauce-match-1,rule:sauce-structured-1,shopify,1,2_longtail,,False,0,,single_source:shopify,0,,,v1
sauce:hellfire|extreme-hellboy,hellfire,Hellfire Hot Sauce,extreme-hellboy,Extreme - Hellboy Hot Sauce,,,,,retail_listing,https://hellfirehotsauce.com/products/hellboy-extreme-hot-sauce,15.98,USD,https://hellfirehotsauce.com/products/hellboy-extreme-hot-sauce,True,hellfirehotsauce.com,2026-09-19T11:09:45.470554Z,2026-09-19T14:01:06.545048Z,sauce-names-1,sauce-match-1,rule:sauce-structured-1,shopify,1,2_longtail,,False,0,,single_source:shopify,0,,,v1
sauce:hellfire|hellboy-extreme,hellfire,Hellfire Hot Sauce,hellboy-extreme,Hellboy Extreme Hot Sauce,4 Pack,,,,retail_listing,https://hellfirehotsauce.com/products/hellboy-extreme-hot-sauce-4-pack,57.53,USD,https://hellfirehotsauce.com/products/hellboy-extreme-hot-sauce-4-pack,True,hellfirehotsauce.com,2026-09-19T11:09:45.470554Z,2026-09-19T14:01:06.545048Z,sauce-names-1,sauce-match-1,rule:sauce-structured-1,shopify,1,2_longtail,,False,0,,single_source:shopify,0,,,v1
sauce:hellfire|legendary-af-hellboy,hellfire,Hellfire Hot Sauce,legendary-af-hellboy,Legendary AF - Hellboy Hot Sauce,,,,,retail_listing,https://hellfirehotsauce.com/products/hellboy-legendary-af-hot-sauce,12.99,USD,https://hellfirehotsauce.com/products/hellboy-legendary-af-hot-sauce,True,hellfirehotsauce.com,2026-09-19T11:09:45.470554Z,2026-09-19T14:01:06.545048Z,sauce-names-1,sauce-match-1,rule:sauce-structured-1,shopify,1,2_longtail,,False,0,,single_source:shopify,0,,,v1
sauce:hellfire|hellboy-legendary-af,hellfire,Hellfire Hot Sauce,hellboy-legendary-af,Hellboy Legendary AF Hot Sauce,4 Pack,,,,retail_listing,https://hellfirehotsauce.com/products/hellboy-legendary-af-hot-sauce-4-pack,46.76,USD,https://hellfirehotsauce.com/products/hellboy-legendary-af-hot-sauce-4-pack,True,hellfirehotsauce.com,2026-09-19T11:09:45.470554Z,2026-09-19T14:01:06.545048Z,sauce-names-1,sauce-match-1,rule:sauce-structured-1,shopify,1,2_longtail,,False,0,,single_source:shopify,0,,,v1
sauce:hellfire|hellboy-movie-hot-sauce-gift-pack,hellfire,Hellfire Hot Sauce,hellboy-movie-hot-sauce-gift-pack,Hellboy Movie “Hot Sauce” Gift Pack,,,,,unknown,https://hellfirehotsauce.com/products/hellboy-movie-sauces,39.99,USD,https://hellfirehotsauce.com/products/hellboy-movie-sauces,False,hellfirehotsauce.com,2026-09-19T11:09:45.470554Z,2026-09-19T14:01:06.545048Z,sauce-names-1,sauce-match-1,rule:sauce-structured-1,shopify,1,2_longtail,,False,0,,single_source:shopify,0,,,v1
sauce:hellfire|hellboy-the-right-hand-of-doom,hellfire,Hellfire Hot Sauce,hellboy-the-right-hand-of-doom,Hellboy The Right Hand of Doom Hot Sauce,4 Pack,,,,unknown,https://hellfirehotsauce.com/products/hellboy-the-right-hand-of-doom-hot-sauce-4-pack,64.73,USD,https://hellfirehotsauce.com/products/hellboy-the-right-hand-of-doom-hot-sauce-4-pack,False,hellfirehotsauce.com,2026-09-19T11:09:45.470554Z,2026-09-19T14:01:06.545048Z,sauce-names-1,sauce-match-1,rule:sauce-structured-1,shopify,1,2_longtail,,True,1,sauce:|hellboy-the-right-hand-of-doom,single_source:shopify,0,,,v1
sauce:hellfire|hellfire-army-full-painted-hot-sauce-holder-limited-edition,hellfire,Hellfire Hot Sauce,hellfire-army-full-painted-hot-sauce-holder-limited-edition,Hellfire Army Full Painted Hot Sauce Holder (Limited Edition),,,,,retail_listing,https://hellfirehotsauce.com/products/hellfire-army-gold-hot-sauce-holder-limited-edition,34.99,USD,https://hellfirehotsauce.com/products/hellfire-army-gold-hot-sauce-holder-limited-edition,True,hellfirehotsauce.com,2026-09-19T11:09:45.470554Z,2026-09-19T14:01:06.545048Z,sauce-names-1,sauce-match-1,rule:sauce-structured-1,shopify,1,2_longtail,,False,0,,single_source:shopify,0,,,v1
sauce:hellfire|hellfire-army-gold-hot-sauce-holder-limited-edition,hellfire,Hellfire Hot Sauce,hellfire-army-gold-hot-sauce-holder-limited-edition,Hellfire Army Gold Hot Sauce Holder (Limited Edition),,,,,unknown,https://hellfirehotsauce.com/products/hellfire-army-gold-hot-sauce-holder-limited-edition-1,29.99,USD,https://hellfirehotsauce.com/products/hellfire-army-gold-hot-sauce-holder-limited-edition-1,False,hellfirehotsauce.com,2026-09-19T11:09:45.470554Z,2026-09-19T14:01:06.545048Z,sauce-names-1,sauce-match-1,rule:sauce-structured-1,shopify,1,2_longtail,,False,0,,single_source:shopify,0,,,v1
sauce:hellfire|new-hellfire-baby-buffalo,hellfire,Hellfire Hot Sauce,new-hellfire-baby-buffalo,NEW! Hellfire Baby Buffalo,4 Pack,,,,retail_listing,https://hellfirehotsauce.com/products/hellfire-baby-buffalo-4-pack,35.96,USD,https://hellfirehotsauce.com/products/hellfire-baby-buffalo-4-pack,True,hellfirehotsauce.com,2026-09-19T11:09:45.470554Z,2026-09-19T14:01:06.545048Z,sauce-names-1,sauce-match-1,rule:sauce-structured-1,shopify,1,2_longtail,,False,0,,single_source:shopify,0,,,v1
sauce:hellfire|hellfire-buffalo-hell-hot-sauce-new,hellfire,Hellfire Hot Sauce,hellfire-buffalo-hell-hot-sauce-new,Hellfire Buffalo Hell Hot Sauce New!,,,,,retail_listing,https://hellfirehotsauce.com/products/hellfire-buffalo-hell-hot-sauce-new,11.99,USD,https://hellfirehotsauce.com/products/hellfire-buffalo-hell-hot-sauce-new,True,hellfirehotsauce.com,2026-09-19T11:09:45.470554Z,2026-09-19T14:01:06.545048Z,sauce-names-1,sauce-match-1,rule:sauce-structured-1,shopify,1,2_longtail,,False,0,,single_source:shopify,0,,,v1
sauce:hellfire|hellfire-custom-sandblasted-pint-glasses-collection,hellfire,Hellfire Hot Sauce,hellfire-custom-sandblasted-pint-glasses-collection,Hellfire Custom Sandblasted Pint Glasses Collection,,,,,unknown,https://hellfirehotsauce.com/products/hellfire-custom-sandblasted-pint-glasses-collection,79.95,USD,https://hellfirehotsauce.com/products/hellfire-custom-sandblasted-pint-glasses-collection,False,hellfirehotsauce.com,2026-09-19T11:09:45.470554Z,2026-09-19T14:01:06.545048Z,sauce-names-1,sauce-match-1,rule:sauce-structured-1,shopify,1,2_longtail,,False,0,,single_source:shopify,0,,,v1
sauce:hellfire|fire-roasted-red-reaper-garlic-hot-sauce,hellfire,Hellfire Hot Sauce,fire-roasted-red-reaper-garlic-hot-sauce,Fire Roasted Red Reaper & Garlic Hot Sauce ( ),12 Pack,,,,unknown,https://hellfirehotsauce.com/products/hellfire-fire-fire-roasted-red-reaper-and-garlic-hot-sauce-12-pack-case,35.96,USD,https://hellfirehotsauce.com/products/hellfire-fire-fire-roasted-red-reaper-and-garlic-hot-sauce-4-pack,False,hellfirehotsauce.com,2026-09-19T11:09:45.470554Z,2026-09-19T14:01:06.545048Z,sauce-names-1,sauce-match-1,rule:sauce-structured-1,shopify,1,2_longtail,,False,0,,single_source:shopify,0,,,v1
sauce:hellfire|hellfire-halloween-hell-2025-hot-sauce-limited-edition,hellfire,Hellfire Hot Sauce,hellfire-halloween-hell-2025-hot-sauce-limited-edition,Hellfire Halloween Hell 2025 Hot Sauce Limited Edition!,,,,,unknown,https://hellfirehotsauce.com/products/hellfire-halloween-hell-2025-hot-sauce-3-pack,9.99,USD,https://hellfirehotsauce.com/products/hellfire-halloween-hell-2025-hot-sauce-3-pack,False,hellfirehotsauce.com,2026-09-19T11:09:45.470554Z,2026-09-19T14:01:06.545048Z,sauce-names-1,sauce-match-1,rule:sauce-structured-1,shopify,1,2_longtail,,False,0,,single_source:shopify,0,,,v1
sauce:hellfire|hellfire-halloween-hell-limited-edition-2023,hellfire,Hellfire Hot Sauce,hellfire-halloween-hell-limited-edition-2023,Hellfire Halloween Hell Limited Edition 2023 Hot Sauce,4 Pack,,,,retail_listing,https://hellfirehotsauce.com/products/hellfire-halloween-hell-limited-edition-2023-hot-sauce-4-pack,9.99,USD,https://hellfirehotsauce.com/products/hellfire-halloween-hell-limited-edition-2023-hot-sauce,True,hellfirehotsauce.com,2026-09-19T11:09:45.470554Z,2026-09-19T14:01:06.545048Z,sauce-names-1,sauce-match-1,rule:sauce-structured-1,shopify,1,2_longtail,,False,0,,single_source:shopify,0,,,v1
sauce:hellfire|hellboy-hot-sauce-limited-edition-resin-sealed-bottles-set-of-4,hellfire,Hellfire Hot Sauce,hellboy-hot-sauce-limited-edition-resin-sealed-bottles-set-of-4,Hellboy Hot Sauce - Limited Edition Resin Sealed Bottles (Set of 4),,,,,unknown,https://hellfirehotsauce.com/products/hellfire-hellboy-limited-edition-resin-sealed-bottles-set-of-4,149.00,USD,https://hellfirehotsauce.com/products/hellfire-hellboy-limited-edition-resin-sealed-bottles-set-of-4,False,hellfirehotsauce.com,2026-09-19T11:09:45.470554Z,2026-09-19T14:01:06.545048Z,sauce-names-1,sauce-match-1,rule:sauce-structured-1,shopify,1,2_longtail,,False,0,,single_source:shopify,0,,,v1
sauce:hellfire|hellfire-baby-buffalo-hot-sauce-new,hellfire,Hellfire Hot Sauce,hellfire-baby-buffalo-hot-sauce-new,Hellfire Baby Buffalo Hot Sauce New!,,,,,retail_listing,https://hellfirehotsauce.com/products/hellfire-hot,9.99,USD,https://hellfirehotsauce.com/products/hellfire-hot,True,hellfirehotsauce.com,2026-09-19T11:09:45.470554Z,2026-09-19T14:01:06.545048Z,sauce-names-1,sauce-match-1,rule:sauce-structured-1,shopify,1,2_longtail,,False,0,,single_source:shopify,0,,,v1
sauce:hellfire|2023-halloween-hell-the-monsters-ltd-ed-art-bottle,hellfire,Hellfire Hot Sauce,2023-halloween-hell-the-monsters-ltd-ed-art-bottle,"2023 Halloween Hell the ""Monsters"" LTD ED Art Bottle",,,,,unknown,https://hellfirehotsauce.com/products/hellfire-hot-sauce-2023-halloween-hell-the-monsters-ltd-ed-art-bottle,499.00,USD,https://hellfirehotsauce.com/products/hellfire-hot-sauce-2023-halloween-hell-the-monsters-ltd-ed-art-bottle,False,hellfirehotsauce.com,2026-09-19T11:09:45.470554Z,2026-09-19T14:01:06.545048Z,sauce-names-1,sauce-match-1,rule:sauce-structured-1,shopify,1,2_longtail,,False,0,,single_source:shopify,0,,,v1
sauce:hellfire|2024-halloween-hell-eyeball-art-bottle-only-25-made,hellfire,Hellfire Hot Sauce,2024-halloween-hell-eyeball-art-bottle-only-25-made,2024 Halloween Hell Eyeball Art Bottle Only 25 Made!,,,,,unknown,https://hellfirehotsauce.com/products/hellfire-hot-sauce-2024-halloween-hell-eyeball-art-bottle-only-25-made,299.00,USD,https://hellfirehotsauce.com/products/hellfire-hot-sauce-2024-halloween-hell-eyeball-art-bottle-only-25-made,False,hellfirehotsauce.com,2026-09-19T11:09:45.470554Z,2026-09-19T14:01:06.545048Z,sauce-names-1,sauce-match-1,rule:sauce-structured-1,shopify,1,2_longtail,,False,0,,single_source:shopify,0,,,v1
sauce:hellfire|2025-screaming-mimi-award-winners,hellfire,Hellfire Hot Sauce,2025-screaming-mimi-award-winners,2025 Screaming MiMi Award Winners!,,,,,retail_listing,https://hellfirehotsauce.com/products/hellfire-hot-sauce-2025-screaming-mimi-award-winners,39.00,USD,https://hellfirehotsauce.com/products/hellfire-hot-sauce-2025-screaming-mimi-award-winners,True,hellfirehotsauce.com,2026-09-19T11:09:45.470554Z,2026-09-19T14:01:06.545048Z,sauce-names-1,sauce-match-1,rule:sauce-structured-1,shopify,1,2_longtail,,False,0,,single_source:shopify,0,,,v1
sauce:hellfire|angry-orange-cherry-orange-reaper,hellfire,Hellfire Hot Sauce,angry-orange-cherry-orange-reaper,Angry Orange - Cherry Orange Reaper Hot Sauce,,,,,retail_listing,https://hellfirehotsauce.com/products/hellfire-hot-sauce-angry-orange-hot-sauce,11.95,USD,https://hellfirehotsauce.com/products/hellfire-hot-sauce-angry-orange-hot-sauce,True,hellfirehotsauce.com,2026-09-19T11:09:45.470554Z,2026-09-19T14:01:06.545048Z,sauce-names-1,sauce-match-1,rule:sauce-structured-1,shopify,1,2_longtail,,False,0,,single_source:shopify,0,,,v1
sauce:hellfire|bloody-snot-red-reaper-garlic,hellfire,Hellfire Hot Sauce,bloody-snot-red-reaper-garlic,Bloody Snot - Red Reaper Garlic Hot Sauce,,,,,unknown,https://hellfirehotsauce.com/products/hellfire-hot-sauce-bloody-snot-red-reaper-garlic-hot-sauce,9.99,USD,https://hellfirehotsauce.com/products/hellfire-hot-sauce-bloody-snot-red-reaper-garlic-hot-sauce,False,hellfirehotsauce.com,2026-09-19T11:09:45.470554Z,2026-09-19T14:01:06.545048Z,sauce-names-1,sauce-match-1,rule:sauce-structured-1,shopify,1,2_longtail,,False,0,,single_source:shopify,0,,,v1
sauce:hellfire|bloody-snot-red-reaper-garlic-hot-sauce,hellfire,Hellfire Hot Sauce,bloody-snot-red-reaper-garlic-hot-sauce,Bloody Snot - Red Reaper Garlic Hot Sauce ( ),4 Pack,,,,unknown,https://hellfirehotsauce.com/products/hellfire-hot-sauce-bloody-snot-red-reaper-garlic-hot-sauce-4-pack,35.96,USD,https://hellfirehotsauce.com/products/hellfire-hot-sauce-bloody-snot-red-reaper-garlic-hot-sauce-4-pack,False,hellfirehotsauce.com,2026-09-19T11:09:45.470554Z,2026-09-19T14:01:06.545048Z,sauce-names-1,sauce-match-1,rule:sauce-structured-1,shopify,1,2_longtail,,False,0,,single_source:shopify,0,,,v1
sauce:hellfire|david-shankle-s-shred-demon-signed-numbered-resin-set,hellfire,Hellfire Hot Sauce,david-shankle-s-shred-demon-signed-numbered-resin-set,"David Shankle's ""Shred Demon"" Signed Numbered Resin Set",,,,,unknown,https://hellfirehotsauce.com/products/hellfire-hot-sauce-david-shankle-shred-demon-signed-numbered-resin-set,79.00,USD,https://hellfirehotsauce.com/products/hellfire-hot-sauce-david-shankle-shred-demon-signed-numbered-resin-set,False,hellfirehotsauce.com,2026-09-19T11:09:45.470554Z,2026-09-19T14:01:06.545048Z,sauce-names-1,sauce-match-1,rule:sauce-structured-1,shopify,1,2_longtail,,False,0,,single_source:shopify,0,,,v1
sauce:hellfire|devil-s-blend-our-multi-award-winning-fire-roasted-reaper-salsa-verde,hellfire,Hellfire Hot Sauce,devil-s-blend-our-multi-award-winning-fire-roasted-reaper-salsa-verde,Devil’s Blend - Our Multi-Award Winning Fire Roasted Reaper Salsa Verde,12oz,,,,retail_listing,https://hellfirehotsauce.com/products/hellfire-hot-sauce-devil-s-blend-fire-roasted-reaper-verde-salsa,11.99,USD,https://hellfirehotsauce.com/products/hellfire-hot-sauce-devil-s-blend-fire-roasted-reaper-verde-salsa,True,hellfirehotsauce.com,2026-09-19T11:09:45.470554Z,2026-09-19T14:01:06.545048Z,sauce-names-1,sauce-match-1,rule:sauce-structured-1,shopify,1,2_longtail,,False,0,,single_source:shopify,0,,,v1
sauce:hellfire|devil-s-blend-fire-roasted-red-reaper-garlic-salsa,hellfire,Hellfire Hot Sauce,devil-s-blend-fire-roasted-red-reaper-garlic-salsa,Devil's Blend - Fire Roasted Red Reaper & Garlic Salsa,12 oz,,,,unknown,https://hellfirehotsauce.com/products/hellfire-hot-sauce-devils-blend-fire-roasted-reaper-garlic-salsa,11.95,USD,https://hellfirehotsauce.com/products/hellfire-hot-sauce-devils-blend-fire-roasted-reaper-garlic-salsa,False,hellfirehotsauce.com,2026-09-19T11:09:45.470554Z,2026-09-19T14:01:06.545048Z,sauce-names-1,sauce-match-1,rule:sauce-structured-1,shopify,1,2_longtail,,False,0,,single_source:shopify,0,,,v1
sauce:hellfire|doomed-resin-sealed-limited-edition-bottle,hellfire,Hellfire Hot Sauce,doomed-resin-sealed-limited-edition-bottle,Doomed - Resin Sealed Limited Edition Bottle,,,,,unknown,https://hellfirehotsauce.com/products/hellfire-hot-sauce-doomed-resin-sealed-limited-edition,39.99,USD,https://hellfirehotsauce.com/products/hellfire-hot-sauce-doomed-resin-sealed-limited-edition,False,hellfirehotsauce.com,2026-09-19T11:09:45.470554Z,2026-09-19T14:01:06.545048Z,sauce-names-1,sauce-match-1,rule:sauce-structured-1,shopify,1,2_longtail,,False,0,,single_source:shopify,0,,,v1
sauce:hellfire|halloween-hell-2021-limited-edition-black-coffin,hellfire,Hellfire Hot Sauce,halloween-hell-2021-limited-edition-black-coffin,HALLOWEEN HELL 2021 LIMITED EDITION BLACK COFFIN,,,,,unknown,https://hellfirehotsauce.com/products/hellfire-hot-sauce-halloween-hell-2021-limited-edition-black-coffin,495.00,USD,https://hellfirehotsauce.com/products/hellfire-hot-sauce-halloween-hell-2021-limited-edition-black-coffin,False,hellfirehotsauce.com,2026-09-19T11:09:45.470554Z,2026-09-19T14:01:06.545048Z,sauce-names-1,sauce-match-1,rule:sauce-structured-1,shopify,1,2_longtail,,False,0,,single_source:shopify,0,,,v1
sauce:hellfire|halloween-hell-2021-limited-edition-red-coffin,hellfire,Hellfire Hot Sauce,halloween-hell-2021-limited-edition-red-coffin,HALLOWEEN HELL 2021 LIMITED EDITION RED COFFIN,,,,,unknown,https://hellfirehotsauce.com/products/hellfire-hot-sauce-halloween-hell-2021-limited-edition-red-coffin,595.00,USD,https://hellfirehotsauce.com/products/hellfire-hot-sauce-halloween-hell-2021-limited-edition-red-coffin,False,hellfirehotsauce.com,2026-09-19T11:09:45.470554Z,2026-09-19T14:01:06.545048Z,sauce-names-1,sauce-match-1,rule:sauce-structured-1,shopify,1,2_longtail,,False,0,,single_source:shopify,0,,,v1
sauce:hellfire|halloween-hell-2024-art-bottle-only-13-made,hellfire,Hellfire Hot Sauce,halloween-hell-2024-art-bottle-only-13-made,Halloween Hell 2024 Art Bottle Only 13 Made!,,,,,unknown,https://hellfirehotsauce.com/products/hellfire-hot-sauce-halloween-hell-2024-art-bottle-only-13-made,499.00,USD,https://hellfirehotsauce.com/products/hellfire-hot-sauce-halloween-hell-2024-art-bottle-only-13-made,False,hellfirehotsauce.com,2026-09-19T11:09:45.470554Z,2026-09-19T14:01:06.545048Z,sauce-names-1,sauce-match-1,rule:sauce-structured-1,shopify,1,2_longtail,,False,0,,single_source:shopify,0,,,v1
sauce:hellfire|halloween-hell-evil-clown-art-bottle,hellfire,Hellfire Hot Sauce,halloween-hell-evil-clown-art-bottle,"Halloween Hell ""Evil Clown"" Art Bottle",,,,,unknown,https://hellfirehotsauce.com/products/hellfire-hot-sauce-halloween-hell-evil-clowns-art-bottle,399.00,USD,https://hellfirehotsauce.com/products/hellfire-hot-sauce-halloween-hell-evil-clowns-art-bottle,False,hellfirehotsauce.com,2026-09-19T11:09:45.470554Z,2026-09-19T14:01:06.545048Z,sauce-names-1,sauce-match-1,rule:sauce-structured-1,shopify,1,2_longtail,,False,0,,single_source:shopify,0,,,v1
sauce:hellfire|limited-edition-hellfire-hot-sauce-infierno-resin-sealed-signed-numbered-set,hellfire,Hellfire Hot Sauce,limited-edition-hellfire-hot-sauce-infierno-resin-sealed-signed-numbered-set,Limited Edition Hellfire Hot Sauce Infierno Resin Sealed Signed Numbered Set,,,,,unknown,https://hellfirehotsauce.com/products/hellfire-hot-sauce-infierno-de-ajo-resin-2-pack,49.00,USD,https://hellfirehotsauce.com/products/hellfire-hot-sauce-infierno-de-ajo-resin-2-pack,False,hellfirehotsauce.com,2026-09-19T11:09:45.470554Z,2026-09-19T14:01:06.545048Z,sauce-names-1,sauce-match-1,rule:sauce-structured-1,shopify,1,2_longtail,,False,0,,single_source:shopify,0,,,v1
sauce:hellfire|tangerine-hell,hellfire,Hellfire Hot Sauce,tangerine-hell,Tangerine Hell Hot Sauce,,,,,retail_listing,https://hellfirehotsauce.com/products/hellfire-hot-sauce-tangerine-hell-hot-sauce,11.95,USD,https://hellfirehotsauce.com/products/hellfire-hot-sauce-tangerine-hell-hot-sauce,True,hellfirehotsauce.com,2026-09-19T11:09:45.470554Z,2026-09-19T14:01:06.545048Z,sauce-names-1,sauce-match-1,rule:sauce-structured-1,shopify,1,2_longtail,,False,0,,single_source:shopify,0,,,v1
sauce:hellfire|xxx-embalmination-vampira-resin-sealed-limited-edition-bottle,hellfire,Hellfire Hot Sauce,xxx-embalmination-vampira-resin-sealed-limited-edition-bottle,XXX Embalmination - Vampira Resin Sealed Limited Edition Bottle,,,,,unknown,https://hellfirehotsauce.com/products/hellfire-hot-sauce-vampira-xxx-embalmination-resin-sealed-limited-edition,39.95,USD,https://hellfirehotsauce.com/products/hellfire-hot-sauce-vampira-xxx-embalmination-resin-sealed-limited-edition,False,hellfirehotsauce.com,2026-09-19T11:09:45.470554Z,2026-09-19T14:01:06.545048Z,sauce-names-1,sauce-match-1,rule:sauce-structured-1,shopify,1,2_longtail,,False,0,,single_source:shopify,0,,,v1
sauce:hellfire|xxx-embalmination-vampira-verde-green,hellfire,Hellfire Hot Sauce,xxx-embalmination-vampira-verde-green,XXX Embalmination - Vampira Verde Green Hot Sauce,,,,,retail_listing,https://hellfirehotsauce.com/products/hellfire-hot-sauce-xxx-vampira-embalmination-verde-hot-sauce,9.99,USD,https://hellfirehotsauce.com/products/hellfire-hot-sauce-xxx-vampira-embalmination-verde-hot-sauce,True,hellfirehotsauce.com,2026-09-19T11:09:45.470554Z,2026-09-19T14:01:06.545048Z,sauce-names-1,sauce-match-1,rule:sauce-structured-1,shopify,1,2_longtail,,False,0,,single_source:shopify,0,,,v1
sauce:hellfire|s-father-s-day-deal,hellfire,Hellfire Hot Sauce,s-father-s-day-deal,'s Father's Day Deal!,,,,,unknown,https://hellfirehotsauce.com/products/hellfire-hot-sauces-fathers-day-deal,89.00,USD,https://hellfirehotsauce.com/products/hellfire-hot-sauces-fathers-day-deal,False,hellfirehotsauce.com,2026-09-19T11:09:45.470554Z,2026-09-19T14:01:06.545048Z,sauce-names-1,sauce-match-1,rule:sauce-structured-1,shopify,1,2_longtail,,False,0,,single_source:shopify,0,,,v1
sauce:hellfire|s-father-s-day-deal-limited-edition,hellfire,Hellfire Hot Sauce,s-father-s-day-deal-limited-edition,'s Father's Day Deal! Limited Edition!,,,,,unknown,https://hellfirehotsauce.com/products/hellfire-hot-sauces-special-limited-edition-fathers-day-deal,129.00,USD,https://hellfirehotsauce.com/products/hellfire-hot-sauces-special-limited-edition-fathers-day-deal,False,hellfirehotsauce.com,2026-09-19T11:09:45.470554Z,2026-09-19T14:01:06.545048Z,sauce-names-1,sauce-match-1,rule:sauce-structured-1,shopify,1,2_longtail,,False,0,,single_source:shopify,0,,,v1
sauce:hellfire|hellfire-valentine-s-day-sriracha-art-bottle-release,hellfire,Hellfire Hot Sauce,hellfire-valentine-s-day-sriracha-art-bottle-release,Hellfire Valentine's Day Sriracha Art Bottle Release!,,,,,unknown,https://hellfirehotsauce.com/products/hellfire-valentines-day-sriracha-art-bottle-release,299.00,USD,https://hellfirehotsauce.com/products/hellfire-valentines-day-sriracha-art-bottle-release,False,hellfirehotsauce.com,2026-09-19T11:09:45.470554Z,2026-09-19T14:01:06.545048Z,sauce-names-1,sauce-match-1,rule:sauce-structured-1,shopify,1,2_longtail,,False,0,,single_source:shopify,0,,,v1
sauce:hellfire|hot-ones-challenge-hot-sauce-gift-pack,hellfire,Hellfire Hot Sauce,hot-ones-challenge-hot-sauce-gift-pack,Hot Ones Challenge “Hot Sauce” Gift Pack,,,,,unknown,https://hellfirehotsauce.com/products/hottest-sauces-challenge-pack,59.99,USD,https://hellfirehotsauce.com/products/hottest-sauces-challenge-pack,False,hellfirehotsauce.com,2026-09-19T11:09:45.470554Z,2026-09-19T14:01:06.545048Z,sauce-names-1,sauce-match-1,rule:sauce-structured-1,shopify,1,2_longtail,,False,0,,single_source:shopify,0,,,v1
sauce:hellfire|houston-hot-sauce-festival-show-bottle,hellfire,Hellfire Hot Sauce,houston-hot-sauce-festival-show-bottle,Houston Hot Sauce Festival Show Bottle,,,,,unknown,https://hellfirehotsauce.com/products/houston-hot-sauce-festival-show-bottle,399.00,USD,https://hellfirehotsauce.com/products/houston-hot-sauce-festival-show-bottle,False,hellfirehotsauce.com,2026-09-19T11:09:45.470554Z,2026-09-19T14:01:06.545048Z,sauce-names-1,sauce-match-1,rule:sauce-structured-1,shopify,1,2_longtail,,False,0,,single_source:shopify,0,,,v1
sauce:hellfire|kranked-multi-award-winning-black-garlic-reaper,hellfire,Hellfire Hot Sauce,kranked-multi-award-winning-black-garlic-reaper,KRANKED - Multi-Award Winning Black Garlic & Reaper Hot Sauce,,,,,retail_listing,https://hellfirehotsauce.com/products/kranked,18.99,USD,https://hellfirehotsauce.com/products/kranked,True,hellfirehotsauce.com,2026-09-19T11:09:45.470554Z,2026-09-19T14:01:06.545048Z,sauce-names-1,sauce-match-1,rule:sauce-structured-1,shopify,1,2_longtail,,False,0,,single_source:shopify,0,,,v1
sauce:hellfire|kranked-resin-dipped-bottle-limited-edition,hellfire,Hellfire Hot Sauce,kranked-resin-dipped-bottle-limited-edition,Kranked - Resin Dipped Bottle (Limited Edition),,,,,unknown,https://hellfirehotsauce.com/products/kranked-limited-edition-resin-sealed-signed-nubered-bottle,29.95,USD,https://hellfirehotsauce.com/products/kranked-limited-edition-resin-sealed-signed-nubered-bottle,False,hellfirehotsauce.com,2026-09-19T11:09:45.470554Z,2026-09-19T14:01:06.545048Z,sauce-names-1,sauce-match-1,rule:sauce-structured-1,shopify,1,2_longtail,,False,0,,single_source:shopify,0,,,v1
sauce:hellfire|limited-edition-2024-halloween-hell,hellfire,Hellfire Hot Sauce,limited-edition-2024-halloween-hell,Limited Edition 2024 Halloween Hell Hot Sauce,12 Pack,,,,retail_listing,https://hellfirehotsauce.com/products/limited-edition-2024-halloween-hell-hot-sauce-12-pack,19.99,USD,https://hellfirehotsauce.com/products/limited-edition-2024-halloween-hell-hot-sauce,True,hellfirehotsauce.com,2026-09-19T11:09:45.470554Z,2026-09-19T14:01:06.545048Z,sauce-names-1,sauce-match-1,rule:sauce-structured-1,shopify,1,2_longtail,,False,0,,single_source:shopify,0,,,v1
sauce:hellfire|bloody-snot-resin-dipped-bottle-limited-edition,hellfire,Hellfire Hot Sauce,bloody-snot-resin-dipped-bottle-limited-edition,Bloody Snot - Resin Dipped Bottle (Limited Edition),,,,,unknown,https://hellfirehotsauce.com/products/limited-edition-bloody-snot-resin-sealed-signed-numbered-bottle,39.95,USD,https://hellfirehotsauce.com/products/limited-edition-bloody-snot-resin-sealed-signed-numbered-bottle,False,hellfirehotsauce.com,2026-09-19T11:09:45.470554Z,2026-09-19T14:01:06.545048Z,sauce-names-1,sauce-match-1,rule:sauce-structured-1,shopify,1,2_longtail,,False,0,,single_source:shopify,0,,,v1
sauce:hellfire|limited-edition-hellfire-hot-sauce-devil-s-gold-custom-diecast-hot-wheels-car,hellfire,Hellfire Hot Sauce,limited-edition-hellfire-hot-sauce-devil-s-gold-custom-diecast-hot-wheels-car,"Limited Edition Hellfire Hot Sauce ""Devil's Gold"" Custom diecast Hot Wheels Car.",,,,,unknown,https://hellfirehotsauce.com/products/limited-edition-hellfire-hot-sauce-devils-gold-custom-diecast-hot-wheels-car,69.95,USD,https://hellfirehotsauce.com/products/limited-edition-hellfire-hot-sauce-devils-gold-custom-diecast-hot-wheels-car,False,hellfirehotsauce.com,2026-09-19T11:09:45.470554Z,2026-09-19T14:01:06.545048Z,sauce-names-1,sauce-match-1,rule:sauce-structured-1,shopify,1,2_longtail,,False,0,,single_source:shopify,0,,,v1
sauce:hellfire|limited-edition-hellfire-hot-sauce-not-your-mama-s-bbq-resin-sealed-signed-numbered-set,hellfire,Hellfire Hot Sauce,limited-edition-hellfire-hot-sauce-not-your-mama-s-bbq-resin-sealed-signed-numbered-set,Limited Edition Hellfire Hot Sauce Not Your MaMa's BBQ Resin Sealed Signed Numbered Set,,,,,unknown,https://hellfirehotsauce.com/products/limited-edition-hellfire-hot-sauce-not-your-mamas-bbq-resin-sealed-signed-numbered-set,49.00,USD,https://hellfirehotsauce.com/products/limited-edition-hellfire-hot-sauce-not-your-mamas-bbq-resin-sealed-signed-numbered-set,False,hellfirehotsauce.com,2026-09-19T11:09:45.470554Z,2026-09-19T14:01:06.545048Z,sauce-names-1,sauce-match-1,rule:sauce-structured-1,shopify,1,2_longtail,,False,0,,single_source:shopify,0,,,v1
sauce:hellfire|vampire-resin-sealed-signed-numbered-bottle-limited-edition,hellfire,Hellfire Hot Sauce,vampire-resin-sealed-signed-numbered-bottle-limited-edition,Vampire Resin Sealed Signed Numbered Bottle (Limited Edition),,,,,unknown,https://hellfirehotsauce.com/products/limited-edition-vampire-resin-sealed-signed-numbered-bottle,24.95,USD,https://hellfirehotsauce.com/products/limited-edition-vampire-resin-sealed-signed-numbered-bottle,False,hellfirehotsauce.com,2026-09-19T11:09:45.470554Z,2026-09-19T14:01:06.545048Z,sauce-names-1,sauce-match-1,rule:sauce-structured-1,shopify,1,2_longtail,,False,0,,single_source:shopify,0,,,v1
sauce:hellfire|zombie-snot-resin-sealed-signed-numbered-bottle-limited-edition,hellfire,Hellfire Hot Sauce,zombie-snot-resin-sealed-signed-numbered-bottle-limited-edition,Zombie Snot Resin Sealed Signed Numbered Bottle (Limited Edition),,,,,unknown,https://hellfirehotsauce.com/products/limited-edition-zombie-snot-resin-sealed-signed-numbered-bottle,24.95,USD,https://hellfirehotsauce.com/products/limited-edition-zombie-snot-resin-sealed-signed-numbered-bottle,False,hellfirehotsauce.com,2026-09-19T11:09:45.470554Z,2026-09-19T14:01:06.545048Z,sauce-names-1,sauce-match-1,rule:sauce-structured-1,shopify,1,2_longtail,,False,0,,single_source:shopify,0,,,v1
sauce:hellfire|lucifer-s-last-blast-a-wicked-reaper-hot-sauce,hellfire,Hellfire Hot Sauce,lucifer-s-last-blast-a-wicked-reaper-hot-sauce,Lucifer's Last Blast - A Wicked Reaper Hot Sauce!,,,,,retail_listing,https://hellfirehotsauce.com/products/lucifers-last-blast,15.98,USD,https://hellfirehotsauce.com/products/lucifers-last-blast,True,hellfirehotsauce.com,2026-09-19T11:09:45.470554Z,2026-09-19T14:01:06.545048Z,sauce-names-1,sauce-match-1,rule:sauce-structured-1,shopify,1,2_longtail,,False,0,,single_source:shopify,0,,,v1
sauce:hellfire|medium-heat-hot-sauce-gift-pack,hellfire,Hellfire Hot Sauce,medium-heat-hot-sauce-gift-pack,Medium Heat “Hot Sauce” Gift Pack,,,,,retail_listing,https://hellfirehotsauce.com/products/medium-sauces,39.00,USD,https://hellfirehotsauce.com/products/medium-sauces,True,hellfirehotsauce.com,2026-09-19T11:09:45.470554Z,2026-09-19T14:01:06.545048Z,sauce-names-1,sauce-match-1,rule:sauce-structured-1,shopify,1,2_longtail,,False,0,,single_source:shopify,0,,,v1
sauce:hellfire|mens-hellfire-hot-sauce-beanie,hellfire,Hellfire Hot Sauce,mens-hellfire-hot-sauce-beanie,Mens Hellfire Hot Sauce Beanie,,,,,retail_listing,https://hellfirehotsauce.com/products/mens-beanie,29.95,USD,https://hellfirehotsauce.com/products/mens-beanie,True,hellfirehotsauce.com,2026-09-19T11:09:45.470554Z,2026-09-19T14:01:06.545048Z,sauce-names-1,sauce-match-1,rule:sauce-structured-1,shopify,1,2_longtail,,False,0,,single_source:shopify,0,,,v1
sauce:hellfire|mild-hot-sauce-gift-pack,hellfire,Hellfire Hot Sauce,mild-hot-sauce-gift-pack,Mild “Hot Sauce” Gift Pack,,,,,retail_listing,https://hellfirehotsauce.com/products/mild-sauces,39.00,USD,https://hellfirehotsauce.com/products/mild-sauces,True,hellfirehotsauce.com,2026-09-19T11:09:45.470554Z,2026-09-19T14:01:06.545048Z,sauce-names-1,sauce-match-1,rule:sauce-structured-1,shopify,1,2_longtail,,False,0,,single_source:shopify,0,,,v1
sauce:hellfire|mystery-set-of-3-resin-bottles-signed-numbered-resin-sealed,hellfire,Hellfire Hot Sauce,mystery-set-of-3-resin-bottles-signed-numbered-resin-sealed,"Mystery set of 3 Resin Bottles, Signed, Numbered & Resin Sealed",,,,,retail_listing,https://hellfirehotsauce.com/products/mystery-set-of-3-resin-bottles,99.00,USD,https://hellfirehotsauce.com/products/mystery-set-of-3-resin-bottles,True,hellfirehotsauce.com,2026-09-19T11:09:45.470554Z,2026-09-19T14:01:06.545048Z,sauce-names-1,sauce-match-1,rule:sauce-structured-1,shopify,1,2_longtail,,False,0,,single_source:shopify,0,,,v1
sauce:hellfire|new-double-doomed-rebooted-4-pack-hot-sauce-extreme-heat-hellfire-s-hottest-sauce,hellfire,Hellfire Hot Sauce,new-double-doomed-rebooted-4-pack-hot-sauce-extreme-heat-hellfire-s-hottest-sauce,NEW! Double Doomed Rebooted! 4-Pack Hot Sauce Extreme Heat! Hellfire's Hottest Sauce!,,,,,retail_listing,https://hellfirehotsauce.com/products/new-double-doomed-rebooted-4-pack-hot-sauce-extreme-heat-hellfires-hottest-sauce,107.82,USD,https://hellfirehotsauce.com/products/new-double-doomed-rebooted-4-pack-hot-sauce-extreme-heat-hellfires-hottest-sauce,True,hellfirehotsauce.com,2026-09-19T11:09:45.470554Z,2026-09-19T14:01:06.545048Z,sauce-names-1,sauce-match-1,rule:sauce-structured-1,shopify,1,2_longtail,,False,0,,single_source:shopify,0,,,v1
sauce:hellfire|new-gourmet-green-with-carolina-reaper,hellfire,Hellfire Hot Sauce,new-gourmet-green-with-carolina-reaper,New Gourmet Green With Carolina Reaper!,4 Pack,,,,retail_listing,https://hellfirehotsauce.com/products/new-gourmet-green-with-carolina-reaper-4-pack,35.96,USD,https://hellfirehotsauce.com/products/new-gourmet-green-with-carolina-reaper-4-pack,True,hellfirehotsauce.com,2026-09-19T11:09:45.470554Z,2026-09-19T14:01:06.545048Z,sauce-names-1,sauce-match-1,rule:sauce-structured-1,shopify,1,2_longtail,,False,0,,single_source:shopify,0,,,v1
sauce:hellfire|new-apricot-reaper-not-your-mama-s-bbq-hot-sauce,hellfire,Hellfire Hot Sauce,new-apricot-reaper-not-your-mama-s-bbq-hot-sauce,NEW! Apricot Reaper - Not Your Mama's BBQ Hot Sauce ( ),4 Pack,,,,retail_listing,https://hellfirehotsauce.com/products/new-hellfire-hot-sauce-not-your-mamas-bbq-hot-sauce-apricot-reaper-4-pack,35.96,USD,https://hellfirehotsauce.com/products/new-hellfire-hot-sauce-not-your-mamas-bbq-hot-sauce-apricot-reaper-4-pack,True,hellfirehotsauce.com,2026-09-19T11:09:45.470554Z,2026-09-19T14:01:06.545048Z,sauce-names-1,sauce-match-1,rule:sauce-structured-1,shopify,1,2_longtail,,False,0,,single_source:shopify,0,,,v1
sauce:hellfire|new-pineapple-fatalli-not-your-mama-s-bbq-hot-sauce,hellfire,Hellfire Hot Sauce,new-pineapple-fatalli-not-your-mama-s-bbq-hot-sauce,NEW! Pineapple Fatalli - Not Your Mama's BBQ Hot Sauce ( ),12 Pack,,,,retail_listing,https://hellfirehotsauce.com/products/new-hellfire-hot-sauce-not-your-mamas-bbq-hot-sauce-pineapple-fatalli-12-pack,35.96,USD,https://hellfirehotsauce.com/products/new-hellfire-hot-sauce-not-your-mamas-bbq-hot-sauce-pineapple-fatalli-4-pack,True,hellfirehotsauce.com,2026-09-19T11:09:45.470554Z,2026-09-19T14:01:06.545048Z,sauce-names-1,sauce-match-1,rule:sauce-structured-1,shopify,1,2_longtail,,False,0,,single_source:shopify,0,,,v1
sauce:hellfire|new-hot-one-s-hot-sauce-gift-pack,hellfire,Hellfire Hot Sauce,new-hot-one-s-hot-sauce-gift-pack,NEW Hot One’s “Hot Sauce” Gift Pack,,,,,retail_listing,https://hellfirehotsauce.com/products/new-hot-ones-4-pack,59.00,USD,https://hellfirehotsauce.com/products/new-hot-ones-4-pack,True,hellfirehotsauce.com,2026-09-19T11:09:45.470554Z,2026-09-19T14:01:06.545048Z,sauce-names-1,sauce-match-1,rule:sauce-structured-1,shopify,1,2_longtail,,False,0,,single_source:shopify,0,,,v1
sauce:hellfire|new-limited-edition-baby-buffalo-buffalo-hell-resin-bottles,hellfire,Hellfire Hot Sauce,new-limited-edition-baby-buffalo-buffalo-hell-resin-bottles,New! Limited Edition Baby Buffalo & Buffalo Hell Resin Bottles!,,,,,unknown,https://hellfirehotsauce.com/products/new-limited-edition-baby-buffalo-buffalo-hell-resin-bottles,59.00,USD,https://hellfirehotsauce.com/products/new-limited-edition-baby-buffalo-buffalo-hell-resin-bottles,False,hellfirehotsauce.com,2026-09-19T11:09:45.470554Z,2026-09-19T14:01:06.545048Z,sauce-names-1,sauce-match-1,rule:sauce-structured-1,shopify,1,2_longtail,,False,0,,single_source:shopify,0,,,v1
sauce:hellfire|world-s-best-sweet-savory,hellfire,Hellfire Hot Sauce,world-s-best-sweet-savory,World's Best Sweet & Savory !,4 Pack,,,,retail_listing,https://hellfirehotsauce.com/products/new-years-4-pack,39.99,USD,https://hellfirehotsauce.com/products/new-years-4-pack,True,hellfirehotsauce.com,2026-09-19T11:09:45.470554Z,2026-09-19T14:01:06.545048Z,sauce-names-1,sauce-match-1,rule:sauce-structured-1,shopify,1,2_longtail,,False,0,,single_source:shopify,0,,,v1
sauce:hellfire|next-day-you-pay-incredible-7-pepper-blend-hot-sauce,hellfire,Hellfire Hot Sauce,next-day-you-pay-incredible-7-pepper-blend-hot-sauce,Next Day You Pay - Incredible 7-Pepper Blend Hot Sauce!,,,,,retail_listing,https://hellfirehotsauce.com/products/next-day-you-pay,9.99,USD,https://hellfirehotsauce.com/products/next-day-you-pay,True,hellfirehotsauce.com,2026-09-19T11:09:45.470554Z,2026-09-19T14:01:06.545048Z,sauce-names-1,sauce-match-1,rule:sauce-structured-1,shopify,1,2_longtail,,False,0,,single_source:shopify,0,,,v1
sauce:hellfire|next-day-you-pay-hot-sauce-gift-pack,hellfire,Hellfire Hot Sauce,next-day-you-pay-hot-sauce-gift-pack,Next Day You Pay “Hot Sauce” Gift Pack,,,,,retail_listing,https://hellfirehotsauce.com/products/no-joke-novelty-sauces,49.00,USD,https://hellfirehotsauce.com/products/no-joke-novelty-sauces,True,hellfirehotsauce.com,2026-09-19T11:09:45.470554Z,2026-09-19T14:01:06.545048Z,sauce-names-1,sauce-match-1,rule:sauce-structured-1,shopify,1,2_longtail,,False,0,,single_source:shopify,0,,,v1
sauce:hellfire|new-apricot-reaper-not-your-mama-s-bbq,hellfire,Hellfire Hot Sauce,new-apricot-reaper-not-your-mama-s-bbq,NEW! Apricot Reaper - Not Your Mama's BBQ Hot Sauce,5oz,,,,retail_listing,https://hellfirehotsauce.com/products/not-your-mamas-bbq-hot-sauce-apricot-reaper,4.99,USD,https://hellfirehotsauce.com/products/not-your-mamas-bbq-hot-sauce-apricot-reaper,True,hellfirehotsauce.com,2026-09-19T11:09:45.470554Z,2026-09-19T14:01:06.545048Z,sauce-names-1,sauce-match-1,rule:sauce-structured-1,shopify,1,2_longtail,,False,0,,single_source:shopify,0,,,v1
sauce:hellfire|new-pineapple-fatalli-not-your-mama-s-bbq,hellfire,Hellfire Hot Sauce,new-pineapple-fatalli-not-your-mama-s-bbq,NEW! Pineapple Fatalli - Not Your Mama's BBQ Hot Sauce,5oz,,,,retail_listing,https://hellfirehotsauce.com/products/not-your-mamas-bbq-hot-sauce-pineapple-fatalli,4.99,USD,https://hellfirehotsauce.com/products/not-your-mamas-bbq-hot-sauce-pineapple-fatalli,True,hellfirehotsauce.com,2026-09-19T11:09:45.470554Z,2026-09-19T14:01:06.545048Z,sauce-names-1,sauce-match-1,rule:sauce-structured-1,shopify,1,2_longtail,,False,0,,single_source:shopify,0,,,v1
sauce:hellfire|official-2023-hellfire-hot-sauce-wall-calendar-14-1-2-x22-1-2,hellfire,Hellfire Hot Sauce,official-2023-hellfire-hot-sauce-wall-calendar-14-1-2-x22-1-2,"Official 2023 Hellfire Hot Sauce wall calendar! 14 1/2"" x22 1/2""",,,,,unknown,https://hellfirehotsauce.com/products/official-2023-hellfire-hot-sauce-wall-calendar-17-x-11,14.99,USD,https://hellfirehotsauce.com/products/official-2023-hellfire-hot-sauce-wall-calendar-17-x-11,False,hellfirehotsauce.com,2026-09-19T11:09:45.470554Z,2026-09-19T14:01:06.545048Z,sauce-names-1,sauce-match-1,rule:sauce-structured-1,shopify,1,2_longtail,,False,0,,single_source:shopify,0,,,v1
sauce:hellfire|official-hellfire-hot-sauce-beanie,hellfire,Hellfire Hot Sauce,official-hellfire-hot-sauce-beanie,Official Hellfire Hot Sauce Beanie,,,,,retail_listing,https://hellfirehotsauce.com/products/official-hellfire-hot-sauce-beanie,29.95,USD,https://hellfirehotsauce.com/products/official-hellfire-hot-sauce-beanie,True,hellfirehotsauce.com,2026-09-19T11:09:45.470554Z,2026-09-19T14:01:06.545048Z,sauce-names-1,sauce-match-1,rule:sauce-structured-1,shopify,1,2_longtail,,False,0,,single_source:shopify,0,,,v1
sauce:hellfire|official-hellfire-hot-sauce-flask,hellfire,Hellfire Hot Sauce,official-hellfire-hot-sauce-flask,Official Hellfire Hot Sauce Flask,,,,,unknown,https://hellfirehotsauce.com/products/official-hellfire-hot-sauce-flaskhoice,14.99,USD,https://hellfirehotsauce.com/products/official-hellfire-hot-sauce-flaskhoice,False,hellfirehotsauce.com,2026-09-19T11:09:45.470554Z,2026-09-19T14:01:06.545048Z,sauce-names-1,sauce-match-1,rule:sauce-structured-1,shopify,1,2_longtail,,False,0,,single_source:shopify,0,,,v1
sauce:hellfire|favorite-verde-hot-sauce-gift-pack,hellfire,Hellfire Hot Sauce,favorite-verde-hot-sauce-gift-pack,Favorite Verde “Hot Sauce” Gift Pack,,,,,retail_listing,https://hellfirehotsauce.com/products/our-favorite-verdes-4-pack,39.99,USD,https://hellfirehotsauce.com/products/our-favorite-verdes-4-pack,True,hellfirehotsauce.com,2026-09-19T11:09:45.470554Z,2026-09-19T14:01:06.545048Z,sauce-names-1,sauce-match-1,rule:sauce-structured-1,shopify,1,2_longtail,,False,0,,single_source:shopify,0,,,v1
sauce:hellfire|scoville-extreme-heat-hot-sauce-gift-pack,hellfire,Hellfire Hot Sauce,scoville-extreme-heat-hot-sauce-gift-pack,The Scoville Extreme Heat “Hot Sauce” Gift Pack,,,,,retail_listing,https://hellfirehotsauce.com/products/our-hottest-sauces-4-pack,59.00,USD,https://hellfirehotsauce.com/products/our-hottest-sauces-4-pack,True,hellfirehotsauce.com,2026-09-19T11:09:45.470554Z,2026-09-19T14:01:06.545048Z,sauce-names-1,sauce-match-1,rule:sauce-structured-1,shopify,1,2_longtail,,False,0,,single_source:shopify,0,,,v1
sauce:hellfire|our-mildest-hot-sauce-gift-pack,hellfire,Hellfire Hot Sauce,our-mildest-hot-sauce-gift-pack,Our Mildest Hot Sauce Gift Pack,,,,,retail_listing,https://hellfirehotsauce.com/products/our-mildest-hot-sauce-gift-pack,49.00,USD,https://hellfirehotsauce.com/products/our-mildest-hot-sauce-gift-pack,True,hellfirehotsauce.com,2026-09-19T11:09:45.470554Z,2026-09-19T14:01:06.545048Z,sauce-names-1,sauce-match-1,rule:sauce-structured-1,shopify,1,2_longtail,,False,0,,single_source:shopify,0,,,v1
sauce:hellfire|pre-sale-halloween-hell-2025-three-bottle-resin-set-le-only-13-sets,hellfire,Hellfire Hot Sauce,pre-sale-halloween-hell-2025-three-bottle-resin-set-le-only-13-sets,Pre-Sale Halloween Hell 2025 Three Bottle Resin Set LE Only 13 sets,,,,,unknown,https://hellfirehotsauce.com/products/pre-sale-halloween-hell-2025-three-bottle-resin-set-le-only-13-sets,129.00,USD,https://hellfirehotsauce.com/products/pre-sale-halloween-hell-2025-three-bottle-resin-set-le-only-13-sets,False,hellfirehotsauce.com,2026-09-19T11:09:45.470554Z,2026-09-19T14:01:06.545048Z,sauce-names-1,sauce-match-1,rule:sauce-structured-1,shopify,1,2_longtail,,False,0,,single_source:shopify,0,,,v1
sauce:hellfire|presale-2026-hellfire-hot-sauce-le-zombie-uncle-sam-prestige-art-bottle,hellfire,Hellfire Hot Sauce,presale-2026-hellfire-hot-sauce-le-zombie-uncle-sam-prestige-art-bottle,"Presale-2026 Hellfire Hot Sauce LE ""Zombie Uncle Sam"" Prestige Art Bottle!!!",,,,,unknown,https://hellfirehotsauce.com/products/presale-2026-hellfire-hot-sauce-le-zombie-uncle-sam-prestige-art-bottle,1298.00,USD,https://hellfirehotsauce.com/products/presale-2026-hellfire-hot-sauce-le-zombie-uncle-sam-prestige-art-bottle,False,hellfirehotsauce.com,2026-09-19T11:09:45.470554Z,2026-09-19T14:01:06.545048Z,sauce-names-1,sauce-match-1,rule:sauce-structured-1,shopify,1,2_longtail,,False,0,,single_source:shopify,0,,,v1
sauce:hellfire|pure-hell-award-winning-red-pepper,hellfire,Hellfire Hot Sauce,pure-hell-award-winning-red-pepper,PURE HELL - Award Winning Red Pepper Hot Sauce,,,,,retail_listing,https://hellfirehotsauce.com/products/pure-hell,9.99,USD,https://hellfirehotsauce.com/products/pure-hell,True,hellfirehotsauce.com,2026-09-19T11:09:45.470554Z,2026-09-19T14:01:06.545048Z,sauce-names-1,sauce-match-1,rule:sauce-structured-1,shopify,1,2_longtail,,False,0,,single_source:shopify,0,,,v1
sauce:hellfire|red-and-black-label-combo-pack-limited-edition-resins,hellfire,Hellfire Hot Sauce,red-and-black-label-combo-pack-limited-edition-resins,Red and Black Label Combo Pack Limited Edition Resins,,,,,unknown,https://hellfirehotsauce.com/products/red-and-black-label-combo-pack-limited-edition-rrsins,49.99,USD,https://hellfirehotsauce.com/products/red-and-black-label-combo-pack-limited-edition-rrsins,False,hellfirehotsauce.com,2026-09-19T11:09:45.470554Z,2026-09-19T14:01:06.545048Z,sauce-names-1,sauce-match-1,rule:sauce-structured-1,shopify,1,2_longtail,,False,0,,single_source:shopify,0,,,v1
sauce:hellfire|red-green-hot-sauce-gift-pack,hellfire,Hellfire Hot Sauce,red-green-hot-sauce-gift-pack,RED/GREEN “Hot Sauce” Gift Pack,,,,,retail_listing,https://hellfirehotsauce.com/products/red-green-4-pack,39.00,USD,https://hellfirehotsauce.com/products/red-green-4-pack,True,hellfirehotsauce.com,2026-09-19T11:09:45.470554Z,2026-09-19T14:01:06.545048Z,sauce-names-1,sauce-match-1,rule:sauce-structured-1,shopify,1,2_longtail,,False,0,,single_source:shopify,0,,,v1
sauce:hellfire|ritual-habitual,hellfire,Hellfire Hot Sauce,ritual-habitual,Ritual Habitual Hot Sauce,4 Pack,,,,retail_listing,https://hellfirehotsauce.com/products/ritual-habitual-hot-sauce-4-pack,32.36,USD,https://hellfirehotsauce.com/products/ritual-habitual-hot-sauce-4-pack,True,hellfirehotsauce.com,2026-09-19T11:09:45.470554Z,2026-09-19T14:01:06.545048Z,sauce-names-1,sauce-match-1,rule:sauce-structured-1,shopify,1,2_longtail,,False,0,,single_source:shopify,0,,,v1
sauce:hellfire|ritual-caribbean-style-award-winning-fruit-based,hellfire,Hellfire Hot Sauce,ritual-caribbean-style-award-winning-fruit-based,Ritual Caribbean Style - Award Winning Fruit-Based Hot Sauce,,,,,retail_listing,https://hellfirehotsauce.com/products/ritual-hot-sauce,9.99,USD,https://hellfirehotsauce.com/products/ritual-hot-sauce,True,hellfirehotsauce.com,2026-09-19T11:09:45.470554Z,2026-09-19T14:01:06.545048Z,sauce-names-1,sauce-match-1,rule:sauce-structured-1,shopify,1,2_longtail,,False,0,,single_source:shopify,0,,,v1
sauce:hellfire|ritual,hellfire,Hellfire Hot Sauce,ritual,Ritual Hot Sauce,4 Pack,,,,retail_listing,https://hellfirehotsauce.com/products/ritual-hot-sauce-4-pack,35.96,USD,https://hellfirehotsauce.com/products/ritual-hot-sauce-4-pack,True,hellfirehotsauce.com,2026-09-19T11:09:45.470554Z,2026-09-19T14:01:06.545048Z,sauce-names-1,sauce-match-1,rule:sauce-structured-1,shopify,1,2_longtail,,False,0,,single_source:shopify,0,,,v1
sauce:hellfire|ritual-hot-sauce-resin-dipped-bottle-limited-edition,hellfire,Hellfire Hot Sauce,ritual-hot-sauce-resin-dipped-bottle-limited-edition,Ritual Hot Sauce- Resin Dipped Bottle (Limited Edition),,,,,unknown,https://hellfirehotsauce.com/products/ritual-hot-sauce-resin-dipped-bottle-limited-edition,39.95,USD,https://hellfirehotsauce.com/products/ritual-hot-sauce-resin-dipped-bottle-limited-edition,False,hellfirehotsauce.com,2026-09-19T11:09:45.470554Z,2026-09-19T14:01:06.545048Z,sauce-names-1,sauce-match-1,rule:sauce-structured-1,shopify,1,2_longtail,,False,0,,single_source:shopify,0,,,v1
sauce:hellfire|screaming-mimi-award-winners-hot-sauce-gift-pack,hellfire,Hellfire Hot Sauce,screaming-mimi-award-winners-hot-sauce-gift-pack,Screaming Mimi Award Winners “Hot Sauce” Gift Pack,,,,,retail_listing,https://hellfirehotsauce.com/products/screaming-mimi-award-winners,45.00,USD,https://hellfirehotsauce.com/products/screaming-mimi-award-winners,True,hellfirehotsauce.com,2026-09-19T11:09:45.470554Z,2026-09-19T14:01:06.545048Z,sauce-names-1,sauce-match-1,rule:sauce-structured-1,shopify,1,2_longtail,,False,0,,single_source:shopify,0,,,v1
sauce:hellfire|special-superbowl-4-pack-presale-of-our-new-buffalo-hell-and-baby-buffalo-sauces,hellfire,Hellfire Hot Sauce,special-superbowl-4-pack-presale-of-our-new-buffalo-hell-and-baby-buffalo-sauces,Special Superbowl 4-Pack Presale of Our New Buffalo Hell and Baby Buffalo Sauces!,,,,,unknown,https://hellfirehotsauce.com/products/special-superbowl-4-pack-presale-of-our-new-buffalo-hell-and-baby-buffalo-sauces,29.99,USD,https://hellfirehotsauce.com/products/special-superbowl-4-pack-presale-of-our-new-buffalo-hell-and-baby-buffalo-sauces,False,hellfirehotsauce.com,2026-09-19T11:09:45.470554Z,2026-09-19T14:01:06.545048Z,sauce-names-1,sauce-match-1,rule:sauce-structured-1,shopify,1,2_longtail,,False,0,,single_source:shopify,0,,,v1
sauce:hellfire|sweet-amp-hot-hot-sauce-gift-pack,hellfire,Hellfire Hot Sauce,sweet-amp-hot-hot-sauce-gift-pack,Sweet &amp; Hot! “Hot Sauce” Gift Pack,,,,,retail_listing,https://hellfirehotsauce.com/products/sweet-heat,39.00,USD,https://hellfirehotsauce.com/products/sweet-heat,True,hellfirehotsauce.com,2026-09-19T11:09:45.470554Z,2026-09-19T14:01:06.545048Z,sauce-names-1,sauce-match-1,rule:sauce-structured-1,shopify,1,2_longtail,,False,0,,single_source:shopify,0,,,v1
sauce:hellfire|taco-s-everyday-hot-sauce-gift-pack,hellfire,Hellfire Hot Sauce,taco-s-everyday-hot-sauce-gift-pack,Taco’s Everyday “Hot Sauce” Gift Pack,,,,,retail_listing,https://hellfirehotsauce.com/products/tacos-everyday-4-pack,45.00,USD,https://hellfirehotsauce.com/products/tacos-everyday-4-pack,True,hellfirehotsauce.com,2026-09-19T11:09:45.470554Z,2026-09-19T14:01:06.545048Z,sauce-names-1,sauce-match-1,rule:sauce-structured-1,shopify,1,2_longtail,,False,0,,single_source:shopify,0,,,v1
sauce:hellfire|chilimaster-s-private-reserve-bourbon-infused-chipotle,hellfire,Hellfire Hot Sauce,chilimaster-s-private-reserve-bourbon-infused-chipotle,The Chilimaster's Private Reserve - Bourbon Infused Chipotle Hot Sauce,,,,,retail_listing,https://hellfirehotsauce.com/products/the-chilimasters-private-reserve,9.99,USD,https://hellfirehotsauce.com/products/the-chilimasters-private-reserve,True,hellfirehotsauce.com,2026-09-19T11:09:45.470554Z,2026-09-19T14:01:06.545048Z,sauce-names-1,sauce-match-1,rule:sauce-structured-1,shopify,1,2_longtail,,False,0,,single_source:shopify,0,,,v1
sauce:hellfire|new-double-doomed-rebooted-hot-sauce-extreme-heat-hellfire-s-hottest-sauce,hellfire,Hellfire Hot Sauce,new-double-doomed-rebooted-hot-sauce-extreme-heat-hellfire-s-hottest-sauce,NEW! Double Doomed Rebooted! Hot Sauce Extreme Heat! Hellfire's Hottest Sauce!,,,,,retail_listing,https://hellfirehotsauce.com/products/the-official-unofficial-release-of-double-doomed,29.95,USD,https://hellfirehotsauce.com/products/the-official-unofficial-release-of-double-doomed,True,hellfirehotsauce.com,2026-09-19T11:09:45.470554Z,2026-09-19T14:01:06.545048Z,sauce-names-1,sauce-match-1,rule:sauce-structured-1,shopify,1,2_longtail,,False,0,,single_source:shopify,0,,,v1
sauce:hellfire|red-and-green-hellfire-black-label-combo-pack-extra-spicy,hellfire,Hellfire Hot Sauce,red-and-green-hellfire-black-label-combo-pack-extra-spicy,Red and Green Hellfire Black Label Combo Pack Extra Spicy Hot Sauce,,,,,retail_listing,https://hellfirehotsauce.com/products/the-official-unofficial-release-of-our-red-and-black-label-combo-pack,18.99,USD,https://hellfirehotsauce.com/products/the-official-unofficial-release-of-our-red-and-black-label-combo-pack,True,hellfirehotsauce.com,2026-09-19T11:09:45.470554Z,2026-09-19T14:01:06.545048Z,sauce-names-1,sauce-match-1,rule:sauce-structured-1,shopify,1,2_longtail,,False,0,,single_source:shopify,0,,,v1
sauce:hellfire|official-zombie-snot-10th-anniversary-die-cast-hot-rod-only-25-made,hellfire,Hellfire Hot Sauce,official-zombie-snot-10th-anniversary-die-cast-hot-rod-only-25-made,The Official Zombie Snot 10th Anniversary Die-Cast Hot Rod! Only 25 Made!,,,,,unknown,https://hellfirehotsauce.com/products/the-official-zombie-snot-10th-anniversary-die-cast-hot-rod-only-25-made,59.88,USD,https://hellfirehotsauce.com/products/the-official-zombie-snot-10th-anniversary-die-cast-hot-rod-only-25-made,False,hellfirehotsauce.com,2026-09-19T11:09:45.470554Z,2026-09-19T14:01:06.545048Z,sauce-names-1,sauce-match-1,rule:sauce-structured-1,shopify,1,2_longtail,,False,0,,single_source:shopify,0,,,v1
sauce:hellfire|sauceress-s-private-reserve-gourmet-7-pot-primo,hellfire,Hellfire Hot Sauce,sauceress-s-private-reserve-gourmet-7-pot-primo,The Sauceress's Private Reserve -Gourmet 7- Pot Primo Hot Sauce,,,,,retail_listing,https://hellfirehotsauce.com/products/the-sauceresss-private-reserve,9.99,USD,https://hellfirehotsauce.com/products/the-sauceresss-private-reserve,True,hellfirehotsauce.com,2026-09-19T11:09:45.470554Z,2026-09-19T14:01:06.545048Z,sauce-names-1,sauce-match-1,rule:sauce-structured-1,shopify,1,2_longtail,,False,0,,single_source:shopify,0,,,v1
sauce:hellfire|verde-venom-official-vampira,hellfire,Hellfire Hot Sauce,verde-venom-official-vampira,Verde Venom - Official Vampira Hot Sauce,,,,,retail_listing,https://hellfirehotsauce.com/products/vampira-verde-venom-hot-sauce,9.99,USD,https://hellfirehotsauce.com/products/vampira-verde-venom-hot-sauce,True,hellfirehotsauce.com,2026-09-19T11:09:45.470554Z,2026-09-19T14:01:06.545048Z,sauce-names-1,sauce-match-1,rule:sauce-structured-1,shopify,1,2_longtail,,False,0,,single_source:shopify,0,,,v1
sauce:hellfire|vampira-verde-venom,hellfire,Hellfire Hot Sauce,vampira-verde-venom,Vampira “Verde Venom” Hot Sauce,4 Pack,,,,retail_listing,https://hellfirehotsauce.com/products/vampira-verde-venom-hot-sauce-4-pack,35.96,USD,https://hellfirehotsauce.com/products/vampira-verde-venom-hot-sauce-4-pack,True,hellfirehotsauce.com,2026-09-19T11:09:45.470554Z,2026-09-19T14:01:06.545048Z,sauce-names-1,sauce-match-1,rule:sauce-structured-1,shopify,1,2_longtail,,False,0,,single_source:shopify,0,,,v1
sauce:hellfire|vegan-hot-sauce-gift-pack,hellfire,Hellfire Hot Sauce,vegan-hot-sauce-gift-pack,Vegan “Hot Sauce” Gift Pack,,,,,retail_listing,https://hellfirehotsauce.com/products/vegan,39.00,USD,https://hellfirehotsauce.com/products/vegan,True,hellfirehotsauce.com,2026-09-19T11:09:45.470554Z,2026-09-19T14:01:06.545048Z,sauce-names-1,sauce-match-1,rule:sauce-structured-1,shopify,1,2_longtail,,False,0,,single_source:shopify,0,,,v1
sauce:hellfire|wingfest-hot-sauce-gift-pack,hellfire,Hellfire Hot Sauce,wingfest-hot-sauce-gift-pack,Wingfest “Hot Sauce” Gift Pack,,,,,unknown,https://hellfirehotsauce.com/products/wingfest-4-pack,59.00,USD,https://hellfirehotsauce.com/products/wingfest-4-pack,False,hellfirehotsauce.com,2026-09-19T11:09:45.470554Z,2026-09-19T14:01:06.545048Z,sauce-names-1,sauce-match-1,rule:sauce-structured-1,shopify,1,2_longtail,,False,0,,single_source:shopify,0,,,v1
sauce:high-desert|high-desert-garlic-cilantro-jalapeno,high-desert,High Desert Sauce Co.,high-desert-garlic-cilantro-jalapeno,High Desert Garlic Cilantro Jalapeño,,,,,retail_listing,https://heathotsauce.com/products/hdsc-garlic-cilantro-jalapeno,7.99,USD,https://heathotsauce.com/products/hdsc-garlic-cilantro-jalapeno,True,heathotsauce.com,2026-09-19T13:52:25.427841Z,2026-09-19T14:01:06.545048Z,sauce-names-1,sauce-match-1,rule:sauce-structured-1,shopify,1,2_longtail,,False,0,,single_source:shopify,0,,,v1
sauce:high-desert|high-desert-haba-racha,high-desert,High Desert Sauce Co.,high-desert-haba-racha,High Desert Haba-Racha,,,,,retail_listing,https://heathotsauce.com/products/hdsc-haba-racha,7.99,USD,https://heathotsauce.com/products/hdsc-haba-racha,True,heathotsauce.com,2026-09-19T13:52:25.427841Z,2026-09-19T14:01:06.545048Z,sauce-names-1,sauce-match-1,rule:sauce-structured-1,shopify,1,2_longtail,,False,0,,single_source:shopify,0,,,v1
sauce:high-desert|salsa-vibes-hdsc-x-craving-capsaicin,high-desert,High Desert Sauce Co.,salsa-vibes-hdsc-x-craving-capsaicin,Salsa Vibes HDSC x Craving Capsaicin,,,,,retail_listing,https://heathotsauce.com/products/salsa-vibes-hdsc-x-craving-capsaicin,9.99,USD,https://heathotsauce.com/products/salsa-vibes-hdsc-x-craving-capsaicin,True,heathotsauce.com,2026-09-19T13:52:25.427841Z,2026-09-19T14:01:06.545048Z,sauce-names-1,sauce-match-1,rule:sauce-structured-1,shopify,1,2_longtail,,False,0,,single_source:shopify,0,,,v1
sauce:high-desert|scotch-bonnet-mango,high-desert,High Desert Sauce Co.,scotch-bonnet-mango,Scotch Bonnet Mango,,,,,retail_listing,https://heathotsauce.com/products/scotch-bonnet-mango,7.99,USD,https://heathotsauce.com/products/scotch-bonnet-mango,True,heathotsauce.com,2026-09-19T13:52:25.427841Z,2026-09-19T14:01:06.545048Z,sauce-names-1,sauce-match-1,rule:sauce-structured-1,shopify,1,2_longtail,,False,0,,single_source:shopify,0,,,v1
sauce:high-desert|xxx-salsa-vibes-hdsc-x-craving-capsaicin,high-desert,High Desert Sauce Co.,xxx-salsa-vibes-hdsc-x-craving-capsaicin,XXX Salsa Vibes HDSC x Craving Capsaicin,,,,,retail_listing,https://heathotsauce.com/products/xxx-salsa-vibes-hdsc-x-craving-capsaicin,12.99,USD,https://heathotsauce.com/products/xxx-salsa-vibes-hdsc-x-craving-capsaicin,True,heathotsauce.com,2026-09-19T13:52:25.427841Z,2026-09-19T14:01:06.545048Z,sauce-names-1,sauce-match-1,rule:sauce-structured-1,shopify,1,2_longtail,,False,0,,single_source:shopify,0,,,v1
sauce:high-desert|xxx-salsa-vibes-high-desert,high-desert,High Desert,xxx-salsa-vibes-high-desert,XXX Salsa Vibes | High Desert Sauce Co.,,,,,retail_listing,https://heatonist.com/products/xxx-salsa-vibes-high-desert-sauce-co,16.00,USD,https://heatonist.com/products/xxx-salsa-vibes-high-desert-sauce-co,True,heatonist.com,2026-09-19T11:09:45.470554Z,2026-09-19T14:01:06.545048Z,sauce-names-1,sauce-match-1,rule:sauce-structured-1,shopify,1,2_longtail,,True,1,sauce:hot-ones|xxx-salsa-vibes-high-desert,single_source:shopify,0,,,v1
sauce:high-mesa-chile|flame-roasted-chile-hot-sauce-four-pack,high-mesa-chile,High Mesa Chile Co.,flame-roasted-chile-hot-sauce-four-pack,Flame Roasted Chile Hot Sauce Four Pack,,,,,retail_listing,https://highmesachile.co/products/flame-roasted-chile-hot-sauce-four-pack,36.00,USD,https://highmesachile.co/products/flame-roasted-chile-hot-sauce-four-pack,True,highmesachile.co,2026-09-19T11:09:45.470554Z,2026-09-19T14:01:06.545048Z,sauce-names-1,sauce-match-1,rule:sauce-structured-1,shopify,1,2_longtail,,False,0,,single_source:shopify,0,,,v1
sauce:high-mesa-chile|flame-roasted-chile-hot-sauce-three-pack,high-mesa-chile,High Mesa Chile Co.,flame-roasted-chile-hot-sauce-three-pack,Flame Roasted Chile Hot Sauce Three Pack,,,,,retail_listing,https://highmesachile.co/products/flame-roasted-chile-sauce-sampler-pack,30.00,USD,https://highmesachile.co/products/flame-roasted-chile-sauce-sampler-pack,True,highmesachile.co,2026-09-19T11:09:45.470554Z,2026-09-19T14:01:06.545048Z,sauce-names-1,sauce-match-1,rule:sauce-structured-1,shopify,1,2_longtail,,False,0,,single_source:shopify,0,,,v1
sauce:high-mesa-chile|hot-sauce-medium-heat-two-pack-fresno-hatch,high-mesa-chile,High Mesa Chile Co.,hot-sauce-medium-heat-two-pack-fresno-hatch,Hot Sauce Medium Heat Two Pack - Fresno + Hatch,,,,,retail_listing,https://highmesachile.co/products/hot-sauce-medium-heat-two-pack,24.00,USD,https://highmesachile.co/products/hot-sauce-medium-heat-two-pack,True,highmesachile.co,2026-09-19T11:09:45.470554Z,2026-09-19T14:01:06.545048Z,sauce-names-1,sauce-match-1,rule:sauce-structured-1,shopify,1,2_longtail,,False,0,,single_source:shopify,0,,,v1
sauce:high-mesa-chile|roasted-fresno,high-mesa-chile,High Mesa Chile Co.,roasted-fresno,Roasted Fresno Hot Sauce,,,,,retail_listing,https://highmesachile.co/products/roasted-fresno-hot-sauce,12.00,USD,https://highmesachile.co/products/roasted-fresno-hot-sauce,True,highmesachile.co,2026-09-19T11:09:45.470554Z,2026-09-19T14:01:06.545048Z,sauce-names-1,sauce-match-1,rule:sauce-structured-1,shopify,1,2_longtail,,False,0,,single_source:shopify,0,,,v1
sauce:high-mesa-chile|roasted-habanero,high-mesa-chile,High Mesa Chile Co.,roasted-habanero,Roasted Habanero Hot Sauce,,,,,retail_listing,https://highmesachile.co/products/roasted-habanero-hot-sauce,24.00,USD,https://highmesachile.co/products/roasted-habanero-hot-sauce,True,highmesachile.co,2026-09-19T11:09:45.470554Z,2026-09-19T14:01:06.545048Z,sauce-names-1,sauce-match-1,rule:sauce-structured-1,shopify,1,2_longtail,,False,0,,single_source:shopify,0,,,v1
sauce:high-mesa-chile|roasted-hatch-chile,high-mesa-chile,High Mesa Chile Co.,roasted-hatch-chile,Roasted Hatch Chile Hot Sauce,,,,,retail_listing,https://highmesachile.co/products/roasted-hatch-chile-hot-sauce,18.00,USD,https://highmesachile.co/products/roasted-hatch-chile-hot-sauce,True,highmesachile.co,2026-09-19T11:09:45.470554Z,2026-09-19T14:01:06.545048Z,sauce-names-1,sauce-match-1,rule:sauce-structured-1,shopify,1,2_longtail,,True,1,sauce:freaky-ferments-food-beverage|roasted-hatch-chile,single_source:shopify,0,,,v1
sauce:high-mesa-chile|roasted-serrano,high-mesa-chile,High Mesa Chile Co.,roasted-serrano,Roasted Serrano Hot Sauce,,,,,retail_listing,https://highmesachile.co/products/roasted-serrano-hot-sauce,24.00,USD,https://highmesachile.co/products/roasted-serrano-hot-sauce,True,highmesachile.co,2026-09-19T11:09:45.470554Z,2026-09-19T14:01:06.545048Z,sauce-names-1,sauce-match-1,rule:sauce-structured-1,shopify,1,2_longtail,,False,0,,single_source:shopify,0,,,v1
sauce:high-mesa-chile|hot-sauce-verde-two-pack-hatch-serrano,high-mesa-chile,High Mesa Chile Co.,hot-sauce-verde-two-pack-hatch-serrano,Hot Sauce Verde Two Pack - Hatch + Serrano,,,,,retail_listing,https://highmesachile.co/products/two-pack-hatch-serrano,24.00,USD,https://highmesachile.co/products/two-pack-hatch-serrano,True,highmesachile.co,2026-09-19T11:09:45.470554Z,2026-09-19T14:01:06.545048Z,sauce-names-1,sauce-match-1,rule:sauce-structured-1,shopify,1,2_longtail,,False,0,,single_source:shopify,0,,,v1
sauce:high-mesa-chile|hot-sauce-high-heat-two-pack-serrano-habanero,high-mesa-chile,High Mesa Chile Co.,hot-sauce-high-heat-two-pack-serrano-habanero,Hot Sauce High Heat Two Pack - Serrano + Habanero,,,,,retail_listing,https://highmesachile.co/products/two-pack-hot-heat-sauce,24.00,USD,https://highmesachile.co/products/two-pack-hot-heat-sauce,True,highmesachile.co,2026-09-19T11:09:45.470554Z,2026-09-19T14:01:06.545048Z,sauce-names-1,sauce-match-1,rule:sauce-structured-1,shopify,1,2_longtail,,False,0,,single_source:shopify,0,,,v1
sauce:high-river-sauces|peppers-up,high-river-sauces,High River Sauces,peppers-up,Peppers Up!,,,,,retail_listing,https://heatonist.com/products/high-river-sauces-peppers-up-hot-sauce,16.00,USD,https://heatonist.com/products/high-river-sauces-peppers-up-hot-sauce,True,heatonist.com,2026-09-19T11:09:45.470554Z,2026-09-19T14:01:06.545048Z,sauce-names-1,sauce-match-1,rule:sauce-structured-1,shopify,1,2_longtail,,False,0,,single_source:shopify,0,,,v1
sauce:high-river-sauces|peppers-up-high-river-sauces-c,high-river-sauces,High River Sauces,peppers-up-high-river-sauces-c,Peppers Up! | High River Sauces -C,,,,,retail_listing,https://heatonist.com/products/peppers-up-high-river-sauces-c,16.00,USD,https://heatonist.com/products/peppers-up-high-river-sauces-c,True,heatonist.com,2026-09-19T11:09:45.470554Z,2026-09-19T14:01:06.545048Z,sauce-names-1,sauce-match-1,rule:sauce-structured-1,shopify,1,2_longtail,,False,0,,single_source:shopify,0,,,v1
sauce:high-river-sauces|cheeba-gold,high-river-sauces,High River Sauces,cheeba-gold,Cheeba Gold,,,,,unknown,https://puckerbuttpeppercompany.com/products/cheeba-gold-1,8.00,USD,https://puckerbuttpeppercompany.com/products/cheeba-gold-1,False,puckerbuttpeppercompany.com,2026-09-19T11:09:45.470554Z,2026-09-19T14:01:06.545048Z,sauce-names-1,sauce-match-1,rule:sauce-structured-1,shopify,1,2_longtail,,False,0,,single_source:shopify,0,,,v1
sauce:high-river-sauces|foo-foo-mama-choo,high-river-sauces,High River Sauces,foo-foo-mama-choo,Foo Foo Mama Choo,,,,,retail_listing,https://puckerbuttpeppercompany.com/products/foo-foo-mama-choo,8.00,USD,https://puckerbuttpeppercompany.com/products/foo-foo-mama-choo,True,puckerbuttpeppercompany.com,2026-09-19T11:09:45.470554Z,2026-09-19T14:01:06.545048Z,sauce-names-1,sauce-match-1,rule:sauce-structured-1,shopify,1,2_longtail,,False,0,,single_source:shopify,0,,,v1
sauce:high-river-sauces|hellacious,high-river-sauces,High River Sauces,hellacious,Hellacious Hot Sauce,,,,,retail_listing,https://puckerbuttpeppercompany.com/products/hellacious-hot-sauce,7.00,USD,https://puckerbuttpeppercompany.com/products/hellacious-hot-sauce,True,puckerbuttpeppercompany.com,2026-09-19T11:09:45.470554Z,2026-09-19T14:01:06.545048Z,sauce-names-1,sauce-match-1,rule:sauce-structured-1,shopify,1,2_longtail,,True,1,sauce:|hellacious,single_source:shopify,0,,,v1
sauce:high-river-sauces|psych,high-river-sauces,High River Sauces,psych,Psych Sauce,,,,,unknown,https://puckerbuttpeppercompany.com/products/psych-sauces-high-river,8.00,USD,https://puckerbuttpeppercompany.com/products/psych-sauces-high-river,False,puckerbuttpeppercompany.com,2026-09-19T11:09:45.470554Z,2026-09-19T14:01:06.545048Z,sauce-names-1,sauce-match-1,rule:sauce-structured-1,shopify,1,2_longtail,,False,0,,single_source:shopify,0,,,v1
sauce:high-river-sauces|tears-of-the-sun,high-river-sauces,High River Sauces,tears-of-the-sun,Tears of the Sun,,00094922976321,,,retail_listing,http://world-en.openfoodfacts.org/product/0094922976321/tears-of-the-sun-hot-sauce-high-river-sauces,6.00,USD,https://puckerbuttpeppercompany.com/products/tears-of-the-sun,False,puckerbuttpeppercompany.com,2026-09-19T11:09:45.470554Z,2026-09-19T14:01:06.545048Z,sauce-names-1,sauce-match-1,rule:sauce-structured-1,off|shopify,2,1_population|2_longtail,,False,0,,multi_source,0,,,v1
sauce:hip-hop|honeyhill-gang,hip-hop,Hip Hop Hot Sauce,honeyhill-gang,Honeyhill Gang,,,,,retail_listing,https://puckerbuttpeppercompany.com/products/honeyhill-gang,8.00,USD,https://puckerbuttpeppercompany.com/products/honeyhill-gang,True,puckerbuttpeppercompany.com,2026-09-19T11:09:45.470554Z,2026-09-19T14:01:06.545048Z,sauce-names-1,sauce-match-1,rule:sauce-structured-1,shopify,1,2_longtail,,False,0,,single_source:shopify,0,,,v1
sauce:hip-hop|hype,hip-hop,Hip Hop Hot Sauce,hype,Hype Sauce,,,,,retail_listing,https://puckerbuttpeppercompany.com/products/hype-sauce,8.00,USD,https://puckerbuttpeppercompany.com/products/hype-sauce,True,puckerbuttpeppercompany.com,2026-09-19T11:09:45.470554Z,2026-09-19T14:01:06.545048Z,sauce-names-1,sauce-match-1,rule:sauce-structured-1,shopify,1,2_longtail,,False,0,,single_source:shopify,0,,,v1
sauce:hip-hop|king-rooster,hip-hop,Hip Hop Hot Sauce,king-rooster,King Rooster,,,,,retail_listing,https://puckerbuttpeppercompany.com/products/king-rooster,12.00,USD,https://puckerbuttpeppercompany.com/products/king-rooster,True,puckerbuttpeppercompany.com,2026-09-19T11:09:45.470554Z,2026-09-19T14:01:06.545048Z,sauce-names-1,sauce-match-1,rule:sauce-structured-1,shopify,1,2_longtail,,False,0,,single_source:shopify,0,,,v1
sauce:hip-hop|mamba-flame,hip-hop,Hip Hop Hot Sauce,mamba-flame,Mamba Flame,,,,,retail_listing,https://puckerbuttpeppercompany.com/products/mamba-flame,8.00,USD,https://puckerbuttpeppercompany.com/products/mamba-flame,True,puckerbuttpeppercompany.com,2026-09-19T11:09:45.470554Z,2026-09-19T14:01:06.545048Z,sauce-names-1,sauce-match-1,rule:sauce-structured-1,shopify,1,2_longtail,,False,0,,single_source:shopify,0,,,v1
sauce:hip-hop|pepper-x-enemy,hip-hop,Hip Hop Hot Sauce,pepper-x-enemy,Pepper X Enemy,,,,,retail_listing,https://puckerbuttpeppercompany.com/products/pepper-x-enemy,12.00,USD,https://puckerbuttpeppercompany.com/products/pepper-x-enemy,True,puckerbuttpeppercompany.com,2026-09-19T11:09:45.470554Z,2026-09-19T14:01:06.545048Z,sauce-names-1,sauce-match-1,rule:sauce-structured-1,shopify,1,2_longtail,,False,0,,single_source:shopify,0,,,v1
sauce:hip-hop|pepper-x-ray,hip-hop,Hip Hop Hot Sauce,pepper-x-ray,Pepper X Ray,,,,,retail_listing,https://puckerbuttpeppercompany.com/products/pepper-x-ray,12.00,USD,https://puckerbuttpeppercompany.com/products/pepper-x-ray,True,puckerbuttpeppercompany.com,2026-09-19T11:09:45.470554Z,2026-09-19T14:01:06.545048Z,sauce-names-1,sauce-match-1,rule:sauce-structured-1,shopify,1,2_longtail,,False,0,,single_source:shopify,0,,,v1
sauce:hip-hop|pepper-x-wing,hip-hop,Hip Hop Hot Sauce,pepper-x-wing,Pepper X Wing,,,,,retail_listing,https://puckerbuttpeppercompany.com/products/pepper-x-wing,12.00,USD,https://puckerbuttpeppercompany.com/products/pepper-x-wing,True,puckerbuttpeppercompany.com,2026-09-19T11:09:45.470554Z,2026-09-19T14:01:06.545048Z,sauce-names-1,sauce-match-1,rule:sauce-structured-1,shopify,1,2_longtail,,False,0,,single_source:shopify,0,,,v1
sauce:hip-hop|str8-bangin,hip-hop,Hip Hop Hot Sauce,str8-bangin,STR8 Bangin,,,,,retail_listing,https://puckerbuttpeppercompany.com/products/str8-bangin,12.00,USD,https://puckerbuttpeppercompany.com/products/str8-bangin,True,puckerbuttpeppercompany.com,2026-09-19T11:09:45.470554Z,2026-09-19T14:01:06.545048Z,sauce-names-1,sauce-match-1,rule:sauce-structured-1,shopify,1,2_longtail,,False,0,,single_source:shopify,0,,,v1
sauce:hip-hop|out-of-the-kitchen,hip-hop,Hip Hop Hot Sauce,out-of-the-kitchen,Out of the Kitchen,,,,,retail_listing,https://puckerbuttpeppercompany.com/products/straight-outta-the-kitchen,12.00,USD,https://puckerbuttpeppercompany.com/products/straight-outta-the-kitchen,True,puckerbuttpeppercompany.com,2026-09-19T11:09:45.470554Z,2026-09-19T14:01:06.545048Z,sauce-names-1,sauce-match-1,rule:sauce-structured-1,shopify,1,2_longtail,,False,0,,single_source:shopify,0,,,v1
sauce:hook-arrow|blueberry-ghost-pepper,hook-arrow,Hook & Arrow,blueberry-ghost-pepper,"Blueberry, Ghost Pepper",,,,,retail_listing,https://heatonist.com/products/blueberry-ghost-pepper-hook-arrow,12.00,USD,https://heatonist.com/products/blueberry-ghost-pepper-hook-arrow,True,heatonist.com,2026-09-19T11:09:45.470554Z,2026-09-19T14:01:06.545048Z,sauce-names-1,sauce-match-1,rule:sauce-structured-1,shopify,1,2_longtail,,False,0,,single_source:shopify,0,,,v1
sauce:hoss-soss|guajillo,hoss-soss,Hoss Soss,guajillo,Guajillo,,,,,unknown,https://crafthotsauce.com/products/hoss-soss-guajillo,9.00,USD,https://crafthotsauce.com/products/hoss-soss-guajillo,False,crafthotsauce.com,2026-09-19T13:52:25.427841Z,2026-09-19T14:01:06.545048Z,sauce-names-1,sauce-match-1,rule:sauce-structured-1,shopify,1,2_longtail,,False,0,,single_source:shopify,0,,,v1
sauce:hot-drops|frique-pique,hot-drops,Hot Drops,frique-pique,Friqué Piqué,,,,,retail_listing,https://heathotsauce.com/products/hot-drops-frique-pique,10.99,USD,https://heathotsauce.com/products/hot-drops-frique-pique,True,heathotsauce.com,2026-09-19T13:52:25.427841Z,2026-09-19T14:01:06.545048Z,sauce-names-1,sauce-match-1,rule:sauce-structured-1,shopify,1,2_longtail,,False,0,,single_source:shopify,0,,,v1
sauce:hot-drops|jala-pasilla,hot-drops,Hot Drops,jala-pasilla,Jala Pasilla,,,,,retail_listing,https://heathotsauce.com/products/hot-drops-jala-pasilla,10.99,USD,https://heathotsauce.com/products/hot-drops-jala-pasilla,True,heathotsauce.com,2026-09-19T13:52:25.427841Z,2026-09-19T14:01:06.545048Z,sauce-names-1,sauce-match-1,rule:sauce-structured-1,shopify,1,2_longtail,,False,0,,single_source:shopify,0,,,v1
sauce:hot-drops|not,hot-drops,Hot Drops,not,Not Sauce,,,,,retail_listing,https://heathotsauce.com/products/hot-drops-not-sauce,10.99,USD,https://heathotsauce.com/products/hot-drops-not-sauce,True,heathotsauce.com,2026-09-19T13:52:25.427841Z,2026-09-19T14:01:06.545048Z,sauce-names-1,sauce-match-1,rule:sauce-structured-1,shopify,1,2_longtail,,False,0,,single_source:shopify,0,,,v1
sauce:hot-n-saucy|black-garlic-n-peri-peri,hot-n-saucy,Hot N Saucy,black-garlic-n-peri-peri,Black Garlic N Peri Peri,,,,,unknown,https://heathotsauce.com/products/black-garlic-n-peri-peri,9.99,USD,https://heathotsauce.com/products/black-garlic-n-peri-peri,False,heathotsauce.com,2026-09-19T13:52:25.427841Z,2026-09-19T14:01:06.545048Z,sauce-names-1,sauce-match-1,rule:sauce-structured-1,shopify,1,2_longtail,,False,0,,single_source:shopify,0,,,v1
sauce:hot-ones|hot-ones-the-classic-trio,hot-ones,Hot Ones Hot Sauce,hot-ones-the-classic-trio,Hot Ones The Classic Trio,,,,,retail_listing,https://heatonist.com/products/hot-ones-classic-trio-hot-ones-hot-sauce,27.00,USD,https://heatonist.com/products/hot-ones-classic-trio-hot-ones-hot-sauce,True,heatonist.com,2026-09-19T11:09:45.470554Z,2026-09-19T14:01:06.545048Z,sauce-names-1,sauce-match-1,rule:sauce-structured-1,shopify,1,2_longtail,,False,0,,single_source:shopify,0,,,v1
sauce:hot-ones|hot-ones-trio-pack-original,hot-ones,Hot Ones Hot Sauce,hot-ones-trio-pack-original,Hot Ones Trio Pack - Original,,,,,retail_listing,https://heatonist.com/products/hot-ones-hot-sauce-original-trio-pack,42.00,USD,https://heatonist.com/products/hot-ones-hot-sauce-original-trio-pack,True,heatonist.com,2026-09-19T11:09:45.470554Z,2026-09-19T14:01:06.545048Z,sauce-names-1,sauce-match-1,rule:sauce-structured-1,shopify,1,2_longtail,,False,0,,single_source:shopify,0,,,v1
sauce:hot-ones|hot-ones-jr-trio-pack,hot-ones,Hot Ones Hot Sauce,hot-ones-jr-trio-pack,Hot Ones Jr. Trio Pack,,,,,retail_listing,https://heatonist.com/products/hot-ones-jr-hot-sauce-trio-pack,20.00,USD,https://heatonist.com/products/hot-ones-jr-hot-sauce-trio-pack,True,heatonist.com,2026-09-19T11:09:45.470554Z,2026-09-19T14:01:06.545048Z,sauce-names-1,sauce-match-1,rule:sauce-structured-1,shopify,1,2_longtail,,False,0,,single_source:shopify,0,,,v1
sauce:hot-ones|last-dab-thermageddon-hot-ones-c,hot-ones,Hot Ones Hot Sauce,last-dab-thermageddon-hot-ones-c,The Last Dab: Thermageddon | Hot Ones -C,,,,,retail_listing,https://heatonist.com/products/hot-ones-the-last-dab-thermageddon-c,16.11,USD,https://heatonist.com/products/hot-ones-the-last-dab-thermageddon-c,True,heatonist.com,2026-09-19T11:09:45.470554Z,2026-09-19T14:01:06.545048Z,sauce-names-1,sauce-match-1,rule:sauce-structured-1,shopify,1,2_longtail,,False,0,,single_source:shopify,0,,,v1
sauce:hot-ones|classic-chili-maple-hot-ones-c,hot-ones,Hot Ones Hot Sauce,classic-chili-maple-hot-ones-c,The Classic - Chili Maple | Hot Ones -C,,,,,unknown,https://heatonist.com/products/the-classic-chili-maple-edition-hot-ones-c,10.00,USD,https://heatonist.com/products/the-classic-chili-maple-edition-hot-ones-c,False,heatonist.com,2026-09-19T11:09:45.470554Z,2026-09-19T14:01:06.545048Z,sauce-names-1,sauce-match-1,rule:sauce-structured-1,shopify,1,2_longtail,,False,0,,single_source:shopify,0,,,v1
sauce:hot-ones|8-hot-ones-hot-sauce-c,hot-ones,Hot Ones,8-hot-ones-hot-sauce-c,#8 | Hot Ones Hot Sauce -C,,,,,retail_listing,https://heatonist.com/products/8-hot-ones-hot-sauce-copy,16.00,USD,https://heatonist.com/products/8-hot-ones-hot-sauce-copy,True,heatonist.com,2026-09-19T11:09:45.470554Z,2026-09-19T14:01:06.545048Z,sauce-names-1,sauce-match-1,rule:sauce-structured-1,shopify,1,2_longtail,,False,0,,single_source:shopify,0,,,v1
sauce:hot-ones|fan-favorite-trio,hot-ones,Hot Ones,fan-favorite-trio,Fan Favorite Trio,,,,,retail_listing,https://heatonist.com/products/fan-favorite-trio-heatonist,36.00,USD,https://heatonist.com/products/fan-favorite-trio-heatonist,True,heatonist.com,2026-09-19T11:09:45.470554Z,2026-09-19T14:01:06.545048Z,sauce-names-1,sauce-match-1,rule:sauce-structured-1,shopify,1,2_longtail,,False,0,,single_source:shopify,0,,,v1
sauce:hot-ones|bbq-trio-pack-hot-honey-caribbean-smoked-serrano,hot-ones,Hot Ones,bbq-trio-pack-hot-honey-caribbean-smoked-serrano,BBQ Trio Pack (Hot Honey / Caribbean / Smoked Serrano),,,,,retail_listing,https://heatonist.com/products/hot-ones-bbq-trio-pack-carribean-hot-honey-smoked-serrano,28.00,USD,https://heatonist.com/products/hot-ones-bbq-trio-pack-carribean-hot-honey-smoked-serrano,True,heatonist.com,2026-09-19T11:09:45.470554Z,2026-09-19T14:01:06.545048Z,sauce-names-1,sauce-match-1,rule:sauce-structured-1,shopify,1,2_longtail,,False,0,,single_source:shopify,0,,,v1
sauce:hot-ones|bbq-trio-pack-original-hot-honey-caribbean,hot-ones,Hot Ones,bbq-trio-pack-original-hot-honey-caribbean,BBQ Trio Pack (Original / Hot Honey / Caribbean),,,,,retail_listing,https://heatonist.com/products/hot-ones-bbq-trio-pack-original-hot-honey-carribean,28.00,USD,https://heatonist.com/products/hot-ones-bbq-trio-pack-original-hot-honey-carribean,True,heatonist.com,2026-09-19T11:09:45.470554Z,2026-09-19T14:01:06.545048Z,sauce-names-1,sauce-match-1,rule:sauce-structured-1,shopify,1,2_longtail,,False,0,,single_source:shopify,0,,,v1
sauce:hot-ones|bbq-trio-pack-original-hot-honey-smoked-serrano,hot-ones,Hot Ones,bbq-trio-pack-original-hot-honey-smoked-serrano,BBQ Trio Pack (Original / Hot Honey / Smoked Serrano),,,,,retail_listing,https://heatonist.com/products/hot-ones-bbq-trio-pack-original-hot-honey-smoked-serrano,28.00,USD,https://heatonist.com/products/hot-ones-bbq-trio-pack-original-hot-honey-smoked-serrano,True,heatonist.com,2026-09-19T11:09:45.470554Z,2026-09-19T14:01:06.545048Z,sauce-names-1,sauce-match-1,rule:sauce-structured-1,shopify,1,2_longtail,,False,0,,single_source:shopify,0,,,v1
sauce:hot-ones|bbq-trio-pack-original-smoked-serrano-caribbean,hot-ones,Hot Ones,bbq-trio-pack-original-smoked-serrano-caribbean,BBQ Trio Pack (Original / Smoked Serrano / Caribbean),,,,,retail_listing,https://heatonist.com/products/hot-ones-bbq-trio-pack-original-smoked-serrano-carribean,28.00,USD,https://heatonist.com/products/hot-ones-bbq-trio-pack-original-smoked-serrano-carribean,True,heatonist.com,2026-09-19T11:09:45.470554Z,2026-09-19T14:01:06.545048Z,sauce-names-1,sauce-match-1,rule:sauce-structured-1,shopify,1,2_longtail,,False,0,,single_source:shopify,0,,,v1
sauce:hot-ones|buffalo-hot-sauce-hot-ones,hot-ones,Hot Ones,buffalo-hot-sauce-hot-ones,Buffalo Hot Sauce | Hot Ones Hot Sauce,,,,,retail_listing,https://heatonist.com/products/hot-ones-buffalo-hot-sauce,10.00,USD,https://heatonist.com/products/hot-ones-buffalo-hot-sauce,True,heatonist.com,2026-09-19T11:09:45.470554Z,2026-09-19T14:01:06.545048Z,sauce-names-1,sauce-match-1,rule:sauce-structured-1,shopify,1,2_longtail,,False,0,,single_source:shopify,0,,,v1
sauce:hot-ones|garlic-fresno-los-calientes-mini-dab-challenge,hot-ones,Hot Ones,garlic-fresno-los-calientes-mini-dab-challenge,Garlic Fresno & Los Calientes Mini Dab Challenge,,,,,retail_listing,https://heatonist.com/products/hot-ones-garlic-fresno-los-calientes-mini-dab-challenge-3-pack,28.00,USD,https://heatonist.com/products/hot-ones-garlic-fresno-los-calientes-mini-dab-challenge-3-pack,True,heatonist.com,2026-09-19T11:09:45.470554Z,2026-09-19T14:01:06.545048Z,sauce-names-1,sauce-match-1,rule:sauce-structured-1,shopify,1,2_longtail,,False,0,,single_source:shopify,0,,,v1
sauce:hot-ones|last-dab-trio-pack-hot-ones,hot-ones,Hot Ones,last-dab-trio-pack-hot-ones,The Last Dab Trio Pack | Hot Ones Hot Sauce,,,,,retail_listing,https://heatonist.com/products/hot-ones-hot-sauce-last-dab-trio-pack,58.00,USD,https://heatonist.com/products/hot-ones-hot-sauce-last-dab-trio-pack,True,heatonist.com,2026-09-19T11:09:45.470554Z,2026-09-19T14:01:06.545048Z,sauce-names-1,sauce-match-1,rule:sauce-structured-1,shopify,1,2_longtail,,False,0,,single_source:shopify,0,,,v1
sauce:hot-ones|los-calientes-barbacoa-hot-ones,hot-ones,Hot Ones,los-calientes-barbacoa-hot-ones,Los Calientes Barbacoa | Hot Ones Hot Sauce,,,,,retail_listing,https://heatonist.com/products/hot-ones-hot-sauce-los-calientes-barbacoa,12.00,USD,https://heatonist.com/products/hot-ones-hot-sauce-los-calientes-barbacoa,True,heatonist.com,2026-09-19T11:09:45.470554Z,2026-09-19T14:01:06.545048Z,sauce-names-1,sauce-match-1,rule:sauce-structured-1,shopify,1,2_longtail,,False,0,,single_source:shopify,0,,,v1
sauce:hot-ones|los-calientes-barbacoa-hot-ones-hot-sauce-c,hot-ones,Hot Ones,los-calientes-barbacoa-hot-ones-hot-sauce-c,Los Calientes Barbacoa | Hot Ones Hot Sauce-C,,,,,retail_listing,https://heatonist.com/products/hot-ones-hot-sauce-los-calientes-barbacoa-c,12.00,USD,https://heatonist.com/products/hot-ones-hot-sauce-los-calientes-barbacoa-c,True,heatonist.com,2026-09-19T11:09:45.470554Z,2026-09-19T14:01:06.545048Z,sauce-names-1,sauce-match-1,rule:sauce-structured-1,shopify,1,2_longtail,,False,0,,single_source:shopify,0,,,v1
sauce:hot-ones|hot-sauce-warm-up-pack-season-27,hot-ones,Hot Ones,hot-sauce-warm-up-pack-season-27,Hot Sauce Warm Up Pack - Season 27,,,,,retail_listing,https://heatonist.com/products/hot-ones-hot-sauce-season-27-warm-up-pack,36.00,USD,https://heatonist.com/products/hot-ones-hot-sauce-season-27-warm-up-pack,True,heatonist.com,2026-09-19T11:09:45.470554Z,2026-09-19T14:01:06.545048Z,sauce-names-1,sauce-match-1,rule:sauce-structured-1,shopify,1,2_longtail,,True,4,sauce:hot-ones|hot-sauce-warm-up-pack-season-28|sauce:hot-ones|hot-sauce-warm-up-pack-season-30|sauce:hot-ones|hot-sauce-warmup-pack-season-25|sauce:hot-ones|hot-sauce-warmup-pack-season-26,single_source:shopify,0,,,v1
sauce:hot-ones|classic-chili-maple-hot-ones,hot-ones,Hot Ones,classic-chili-maple-hot-ones,The Classic Chili Maple | Hot Ones Hot Sauce,,,,,unknown,https://heatonist.com/products/hot-ones-hot-sauce-the-classic-chili-maple,10.00,USD,https://heatonist.com/products/hot-ones-hot-sauce-the-classic-chili-maple,False,heatonist.com,2026-09-19T11:09:45.470554Z,2026-09-19T14:01:06.545048Z,sauce-names-1,sauce-match-1,rule:sauce-structured-1,shopify,1,2_longtail,,False,0,,single_source:shopify,0,,,v1
sauce:hot-ones|fan-favorite-party-pack-hot-ones,hot-ones,Hot Ones,fan-favorite-party-pack-hot-ones,Fan Favorite Party Pack | Hot Ones Hot Sauce,,,,,retail_listing,https://heatonist.com/products/hot-ones-hot-sauce-the-fan-favorite-party-pack,60.00,USD,https://heatonist.com/products/hot-ones-hot-sauce-the-fan-favorite-party-pack,True,heatonist.com,2026-09-19T11:09:45.470554Z,2026-09-19T14:01:06.545048Z,sauce-names-1,sauce-match-1,rule:sauce-structured-1,shopify,1,2_longtail,,False,0,,single_source:shopify,0,,,v1
sauce:hot-ones|last-dab-reaper-edition-hot-ones,hot-ones,Hot Ones,last-dab-reaper-edition-hot-ones,The Last Dab - Reaper Edition | Hot Ones Hot Sauce,,,,,retail_listing,https://heatonist.com/products/hot-ones-hot-sauce-the-last-dab-reaper-edition,20.00,USD,https://heatonist.com/products/hot-ones-hot-sauce-the-last-dab-reaper-edition,True,heatonist.com,2026-09-19T11:09:45.470554Z,2026-09-19T14:01:06.545048Z,sauce-names-1,sauce-match-1,rule:sauce-structured-1,shopify,1,2_longtail,,False,0,,single_source:shopify,0,,,v1
sauce:hot-ones|last-dab-xperience-hot-ones,hot-ones,Hot Ones,last-dab-xperience-hot-ones,The Last Dab: Xperience | Hot Ones Hot Sauce,,,,,retail_listing,https://heatonist.com/products/hot-ones-hot-sauce-the-last-dab-xperience,22.00,USD,https://heatonist.com/products/hot-ones-hot-sauce-the-last-dab-xperience,True,heatonist.com,2026-09-19T11:09:45.470554Z,2026-09-19T14:01:06.545048Z,sauce-names-1,sauce-match-1,rule:sauce-structured-1,shopify,1,2_longtail,,False,0,,single_source:shopify,0,,,v1
sauce:hot-ones|hot-sauce-trio-pack-season-28,hot-ones,Hot Ones,hot-sauce-trio-pack-season-28,Hot Sauce Trio Pack - Season 28,,,,,retail_listing,https://heatonist.com/products/hot-ones-hot-sauce-trio-pack-season-28,40.00,USD,https://heatonist.com/products/hot-ones-hot-sauce-trio-pack-season-28,True,heatonist.com,2026-09-19T11:09:45.470554Z,2026-09-19T14:01:06.545048Z,sauce-names-1,sauce-match-1,rule:sauce-structured-1,shopify,1,2_longtail,,True,4,sauce:hot-ones|hot-sauce-trio-pack-season-27|sauce:hot-ones|hot-sauce-trio-pack-season-29|sauce:hot-ones|hot-sauce-trio-pack-season-30|sauce:hot-ones|hot-sauce-trio-pack-season-31,single_source:shopify,0,,,v1
sauce:hot-ones|hot-sauce-trio-pack-season-29,hot-ones,Hot Ones,hot-sauce-trio-pack-season-29,Hot Sauce Trio Pack - Season 29,,,,,retail_listing,https://heatonist.com/products/hot-ones-hot-sauce-trio-pack-season-29,40.00,USD,https://heatonist.com/products/hot-ones-hot-sauce-trio-pack-season-29,True,heatonist.com,2026-09-19T11:09:45.470554Z,2026-09-19T14:01:06.545048Z,sauce-names-1,sauce-match-1,rule:sauce-structured-1,shopify,1,2_longtail,,True,4,sauce:hot-ones|hot-sauce-trio-pack-season-27|sauce:hot-ones|hot-sauce-trio-pack-season-28|sauce:hot-ones|hot-sauce-trio-pack-season-30|sauce:hot-ones|hot-sauce-trio-pack-season-31,single_source:shopify,0,,,v1
sauce:hot-ones|hot-sauce-trio-pack-season-30,hot-ones,Hot Ones,hot-sauce-trio-pack-season-30,Hot Sauce Trio Pack - Season 30,,,,,retail_listing,https://heatonist.com/products/hot-ones-hot-sauce-trio-pack-season-30,40.00,USD,https://heatonist.com/products/hot-ones-hot-sauce-trio-pack-season-30,True,heatonist.com,2026-09-19T11:09:45.470554Z,2026-09-19T14:01:06.545048Z,sauce-names-1,sauce-match-1,rule:sauce-structured-1,shopify,1,2_longtail,,True,4,sauce:hot-ones|hot-sauce-trio-pack-season-27|sauce:hot-ones|hot-sauce-trio-pack-season-28|sauce:hot-ones|hot-sauce-trio-pack-season-29|sauce:hot-ones|hot-sauce-trio-pack-season-31,single_source:shopify,0,,,v1
sauce:hot-ones|hot-sauce-trio-pack-season-31,hot-ones,Hot Ones,hot-sauce-trio-pack-season-31,Hot Sauce Trio Pack - Season 31,,,,,retail_listing,https://heatonist.com/products/hot-ones-hot-sauce-trio-pack-season-31,40.00,USD,https://heatonist.com/products/hot-ones-hot-sauce-trio-pack-season-31,True,heatonist.com,2026-09-19T11:09:45.470554Z,2026-09-19T14:01:06.545048Z,sauce-names-1,sauce-match-1,rule:sauce-structured-1,shopify,1,2_longtail,,True,4,sauce:hot-ones|hot-sauce-trio-pack-season-27|sauce:hot-ones|hot-sauce-trio-pack-season-28|sauce:hot-ones|hot-sauce-trio-pack-season-29|sauce:hot-ones|hot-sauce-trio-pack-season-30,single_source:shopify,0,,,v1
sauce:hot-ones|hot-sauce-trio-season-26,hot-ones,Hot Ones,hot-sauce-trio-season-26,Hot Sauce Trio - Season 26,,,,,retail_listing,https://heatonist.com/products/hot-ones-hot-sauce-trio-season-26,20.00,USD,https://heatonist.com/products/hot-ones-hot-sauce-trio-season-26,True,heatonist.com,2026-09-19T11:09:45.470554Z,2026-09-19T14:01:06.545048Z,sauce-names-1,sauce-match-1,rule:sauce-structured-1,shopify,1,2_longtail,,False,0,,single_source:shopify,0,,,v1
sauce:hot-ones|hot-sauce-warm-up-pack-season-28,hot-ones,Hot Ones,hot-sauce-warm-up-pack-season-28,Hot Sauce Warm Up Pack - Season 28,,,,,retail_listing,https://heatonist.com/products/hot-ones-hot-sauce-warm-up-pack-season-28,36.00,USD,https://heatonist.com/products/hot-ones-hot-sauce-warm-up-pack-season-28,True,heatonist.com,2026-09-19T11:09:45.470554Z,2026-09-19T14:01:06.545048Z,sauce-names-1,sauce-match-1,rule:sauce-structured-1,shopify,1,2_longtail,,True,4,sauce:hot-ones|hot-sauce-warm-up-pack-season-27|sauce:hot-ones|hot-sauce-warm-up-pack-season-30|sauce:hot-ones|hot-sauce-warmup-pack-season-25|sauce:hot-ones|hot-sauce-warmup-pack-season-26,single_source:shopify,0,,,v1
sauce:hot-ones|hot-sauce-warm-up-pack-season-30,hot-ones,Hot Ones,hot-sauce-warm-up-pack-season-30,Hot Sauce Warm Up Pack - Season 30,,,,,retail_listing,https://heatonist.com/products/hot-ones-hot-sauce-warm-up-pack-season-30,34.00,USD,https://heatonist.com/products/hot-ones-hot-sauce-warm-up-pack-season-30,True,heatonist.com,2026-09-19T11:09:45.470554Z,2026-09-19T14:01:06.545048Z,sauce-names-1,sauce-match-1,rule:sauce-structured-1,shopify,1,2_longtail,,True,2,sauce:hot-ones|hot-sauce-warm-up-pack-season-27|sauce:hot-ones|hot-sauce-warm-up-pack-season-28,single_source:shopify,0,,,v1
sauce:hot-ones|hot-sauce-warmup-pack-season-25,hot-ones,Hot Ones,hot-sauce-warmup-pack-season-25,Hot Sauce Warmup Pack - Season 25,,,,,retail_listing,https://heatonist.com/products/hot-ones-hot-sauce-warmup-pack-season-25-heatonist,38.00,USD,https://heatonist.com/products/hot-ones-hot-sauce-warmup-pack-season-25-heatonist,True,heatonist.com,2026-09-19T11:09:45.470554Z,2026-09-19T14:01:06.545048Z,sauce-names-1,sauce-match-1,rule:sauce-structured-1,shopify,1,2_longtail,,True,3,sauce:hot-ones|hot-sauce-warm-up-pack-season-27|sauce:hot-ones|hot-sauce-warm-up-pack-season-28|sauce:hot-ones|hot-sauce-warmup-pack-season-26,single_source:shopify,0,,,v1
sauce:hot-ones|hot-sauce-warmup-pack-season-26,hot-ones,Hot Ones,hot-sauce-warmup-pack-season-26,Hot Sauce Warmup Pack - Season 26,,,,,retail_listing,https://heatonist.com/products/hot-ones-hot-sauce-warmup-pack-season-26,36.00,USD,https://heatonist.com/products/hot-ones-hot-sauce-warmup-pack-season-26,True,heatonist.com,2026-09-19T11:09:45.470554Z,2026-09-19T14:01:06.545048Z,sauce-names-1,sauce-match-1,rule:sauce-structured-1,shopify,1,2_longtail,,True,3,sauce:hot-ones|hot-sauce-warm-up-pack-season-27|sauce:hot-ones|hot-sauce-warm-up-pack-season-28|sauce:hot-ones|hot-sauce-warmup-pack-season-25,single_source:shopify,0,,,v1
sauce:hot-ones|jr-the-green-hot-ones,hot-ones,Hot Ones,jr-the-green-hot-ones,Jr. The Green | Hot Ones Hot Sauce,,,,,retail_listing,https://heatonist.com/products/hot-ones-jr-the-green,7.00,USD,https://heatonist.com/products/hot-ones-jr-the-green,True,heatonist.com,2026-09-19T11:09:45.470554Z,2026-09-19T14:01:06.545048Z,sauce-names-1,sauce-match-1,rule:sauce-structured-1,shopify,1,2_longtail,,False,0,,single_source:shopify,0,,,v1
sauce:hot-ones|jr-the-red-hot-ones,hot-ones,Hot Ones,jr-the-red-hot-ones,Jr. The Red | Hot Ones Hot Sauce,,,,,retail_listing,https://heatonist.com/products/hot-ones-jr-the-red-hot-ones-hot-sauce,7.00,USD,https://heatonist.com/products/hot-ones-jr-the-red-hot-ones-hot-sauce,True,heatonist.com,2026-09-19T11:09:45.470554Z,2026-09-19T14:01:06.545048Z,sauce-names-1,sauce-match-1,rule:sauce-structured-1,shopify,1,2_longtail,,False,0,,single_source:shopify,0,,,v1
sauce:hot-ones|jr-the-yellow-hot-ones,hot-ones,Hot Ones,jr-the-yellow-hot-ones,Jr. The Yellow | Hot Ones Hot Sauce,,,,,retail_listing,https://heatonist.com/products/hot-ones-jr-the-yellow,7.00,USD,https://heatonist.com/products/hot-ones-jr-the-yellow,True,heatonist.com,2026-09-19T11:09:45.470554Z,2026-09-19T14:01:06.545048Z,sauce-names-1,sauce-match-1,rule:sauce-structured-1,shopify,1,2_longtail,,False,0,,single_source:shopify,0,,,v1
sauce:hot-ones|jr-the-yellow-c,hot-ones,Hot Ones,jr-the-yellow-c,Jr | The Yellow-C,,,,,retail_listing,https://heatonist.com/products/hot-ones-jr-the-yellow-c,10.00,USD,https://heatonist.com/products/hot-ones-jr-the-yellow-c,True,heatonist.com,2026-09-19T11:09:45.470554Z,2026-09-19T14:01:06.545048Z,sauce-names-1,sauce-match-1,rule:sauce-structured-1,shopify,1,2_longtail,,False,0,,single_source:shopify,0,,,v1
sauce:hot-ones|pickled-garlic-sriracha-hot-ones,hot-ones,Hot Ones,pickled-garlic-sriracha-hot-ones,Pickled Garlic Sriracha | Hot Ones Hot Sauce,,,,,retail_listing,https://heatonist.com/products/hot-ones-pickled-garlic-sriracha,10.00,USD,https://heatonist.com/products/hot-ones-pickled-garlic-sriracha,True,heatonist.com,2026-09-19T11:09:45.470554Z,2026-09-19T14:01:06.545048Z,sauce-names-1,sauce-match-1,rule:sauce-structured-1,shopify,1,2_longtail,,False,0,,single_source:shopify,0,,,v1
sauce:hot-ones|hot-sauce-trio-pack-season-27,hot-ones,Hot Ones,hot-sauce-trio-pack-season-27,Hot Sauce Trio Pack - Season 27,,,,,retail_listing,https://heatonist.com/products/hot-ones-season-27-trio-pack,40.00,USD,https://heatonist.com/products/hot-ones-season-27-trio-pack,True,heatonist.com,2026-09-19T11:09:45.470554Z,2026-09-19T14:01:06.545048Z,sauce-names-1,sauce-match-1,rule:sauce-structured-1,shopify,1,2_longtail,,True,4,sauce:hot-ones|hot-sauce-trio-pack-season-28|sauce:hot-ones|hot-sauce-trio-pack-season-29|sauce:hot-ones|hot-sauce-trio-pack-season-30|sauce:hot-ones|hot-sauce-trio-pack-season-31,single_source:shopify,0,,,v1
sauce:hot-ones|last-dab-mini-hot-ones,hot-ones,Hot Ones,last-dab-mini-hot-ones,The Last Dab Mini | Hot Ones Hot Sauce,,,,,retail_listing,https://heatonist.com/products/hot-ones-the-last-dab-mini-gift,12.00,USD,https://heatonist.com/products/hot-ones-the-last-dab-mini-gift,True,heatonist.com,2026-09-19T11:09:45.470554Z,2026-09-19T14:01:06.545048Z,sauce-names-1,sauce-match-1,rule:sauce-structured-1,shopify,1,2_longtail,,False,0,,single_source:shopify,0,,,v1
sauce:hot-ones|last-dab-mini-trio-apollo-triple-x-xperience,hot-ones,Hot Ones,last-dab-mini-trio-apollo-triple-x-xperience,"The Last Dab Mini Trio | Apollo, Triple X, Xperience",,,,,retail_listing,https://heatonist.com/products/hot-ones-the-last-dab-mini-trio-apollo-triple-x-xperience,28.00,USD,https://heatonist.com/products/hot-ones-the-last-dab-mini-trio-apollo-triple-x-xperience,True,heatonist.com,2026-09-19T11:09:45.470554Z,2026-09-19T14:01:06.545048Z,sauce-names-1,sauce-match-1,rule:sauce-structured-1,shopify,1,2_longtail,,False,0,,single_source:shopify,0,,,v1
sauce:hot-ones|house-sauce-hot-ones,hot-ones,Hot Ones,house-sauce-hot-ones,House Sauce | Hot Ones Hot Sauce,,,,,retail_listing,https://heatonist.com/products/house-sauce-hot-ones-hot-sauce,8.00,USD,https://heatonist.com/products/house-sauce-hot-ones-hot-sauce,True,heatonist.com,2026-09-19T11:09:45.470554Z,2026-09-19T14:01:06.545048Z,sauce-names-1,sauce-match-1,rule:sauce-structured-1,shopify,1,2_longtail,,False,0,,single_source:shopify,0,,,v1
sauce:hot-ones|pickled-garlic-sriracha-c,hot-ones,Hot Ones,pickled-garlic-sriracha-c,| Pickled Garlic Sriracha -C,,,,,retail_listing,https://heatonist.com/products/pickled-garlic-sriracha-hot-ones-c,7.15,USD,https://heatonist.com/products/pickled-garlic-sriracha-hot-ones-c,True,heatonist.com,2026-09-19T11:09:45.470554Z,2026-09-19T14:01:06.545048Z,sauce-names-1,sauce-match-1,rule:sauce-structured-1,shopify,1,2_longtail,,False,0,,single_source:shopify,0,,,v1
sauce:hot-ones|classic-buffalo-edition-hot-ones-hot-sauce-c,hot-ones,Hot Ones,classic-buffalo-edition-hot-ones-hot-sauce-c,The Classic - Buffalo Edition | Hot Ones Hot Sauce -C,,,,,retail_listing,https://heatonist.com/products/the-classic-buffalo-edition-hot-ones-hot-sauce-c,10.00,USD,https://heatonist.com/products/the-classic-buffalo-edition-hot-ones-hot-sauce-c,True,heatonist.com,2026-09-19T11:09:45.470554Z,2026-09-19T14:01:06.545048Z,sauce-names-1,sauce-match-1,rule:sauce-structured-1,shopify,1,2_longtail,,False,0,,single_source:shopify,0,,,v1
sauce:hot-ones|last-dab-thermageddon,hot-ones,Hot Ones,last-dab-thermageddon,The Last Dab Thermageddon,,,,,retail_listing,https://heatonist.com/products/the-last-dab-thermageddon,22.00,USD,https://heatonist.com/products/the-last-dab-thermageddon,True,heatonist.com,2026-09-19T11:09:45.470554Z,2026-09-19T14:01:06.545048Z,sauce-names-1,sauce-match-1,rule:sauce-structured-1,shopify,1,2_longtail,,False,0,,single_source:shopify,0,,,v1
sauce:hot-ones|last-dab-xperience-hot-ones-hot-sauce-c,hot-ones,Hot Ones,last-dab-xperience-hot-ones-hot-sauce-c,The Last Dab: Xperience | Hot Ones Hot Sauce -C,,,,,retail_listing,https://heatonist.com/products/the-last-dab-xperience-hot-ones-hot-sauce-c,22.00,USD,https://heatonist.com/products/the-last-dab-xperience-hot-ones-hot-sauce-c,True,heatonist.com,2026-09-19T11:09:45.470554Z,2026-09-19T14:01:06.545048Z,sauce-names-1,sauce-match-1,rule:sauce-structured-1,shopify,1,2_longtail,,False,0,,single_source:shopify,0,,,v1
sauce:hot-ones|last-dab-xperience-mini,hot-ones,Hot Ones,last-dab-xperience-mini,The Last Dab Xperience Mini,,,,,retail_listing,https://heatonist.com/products/the-last-dab-xperience-mini,12.00,USD,https://heatonist.com/products/the-last-dab-xperience-mini,True,heatonist.com,2026-09-19T11:09:45.470554Z,2026-09-19T14:01:06.545048Z,sauce-names-1,sauce-match-1,rule:sauce-structured-1,shopify,1,2_longtail,,False,0,,single_source:shopify,0,,,v1
sauce:hot-ones|tropical-amarillo-hot-ones,hot-ones,Hot Ones,tropical-amarillo-hot-ones,Tropical Amarillo | Hot Ones Hot Sauce,,,,,retail_listing,https://heatonist.com/products/tropical-amarillo-hot-ones-hot-sauce,10.00,USD,https://heatonist.com/products/tropical-amarillo-hot-ones-hot-sauce,True,heatonist.com,2026-09-19T11:09:45.470554Z,2026-09-19T14:01:06.545048Z,sauce-names-1,sauce-match-1,rule:sauce-structured-1,shopify,1,2_longtail,,False,0,,single_source:shopify,0,,,v1
sauce:hot-ones|tropical-amarillo-hot-ones-hot-sauce-c,hot-ones,Hot Ones,tropical-amarillo-hot-ones-hot-sauce-c,Tropical Amarillo | Hot Ones Hot Sauce -C,,,,,retail_listing,https://heatonist.com/products/tropical-amarillo-hot-ones-hot-sauce-c,7.15,USD,https://heatonist.com/products/tropical-amarillo-hot-ones-hot-sauce-c,True,heatonist.com,2026-09-19T11:09:45.470554Z,2026-09-19T14:01:06.545048Z,sauce-names-1,sauce-match-1,rule:sauce-structured-1,shopify,1,2_longtail,,False,0,,single_source:shopify,0,,,v1
sauce:hot-ones|8-dragon-sinai-gourmet,hot-ones,Hot Ones,8-dragon-sinai-gourmet,8 Dragon | Sinai Gourmet,,,,,retail_listing,https://hotones.com/products/8-dragon-sinai-gourmet,14.00,USD,https://hotones.com/products/8-dragon-sinai-gourmet,True,hotones.com,2026-09-19T11:09:45.470554Z,2026-09-19T14:01:06.545048Z,sauce-names-1,sauce-match-1,rule:sauce-structured-1,shopify,1,2_longtail,,False,0,,single_source:shopify,0,,,v1
sauce:hot-ones|8-hot-ones,hot-ones,Hot Ones,8-hot-ones,#8 | Hot Ones Hot Sauce,,,,,retail_listing,https://hotones.com/products/8-hot-ones-hot-sauce,16.00,USD,https://hotones.com/products/8-hot-ones-hot-sauce,True,hotones.com,2026-09-19T11:09:45.470554Z,2026-09-19T14:01:06.545048Z,sauce-names-1,sauce-match-1,rule:sauce-structured-1,shopify,1,2_longtail,,False,0,,single_source:shopify,0,,,v1
sauce:hot-ones|bada-boom-newks,hot-ones,Hot Ones,bada-boom-newks,Bada-Boom | Newks,,,,,retail_listing,https://hotones.com/products/bada-boom-newks,14.00,USD,https://hotones.com/products/bada-boom-newks,True,hotones.com,2026-09-19T11:09:45.470554Z,2026-09-19T14:01:06.545048Z,sauce-names-1,sauce-match-1,rule:sauce-structured-1,shopify,1,2_longtail,,False,0,,single_source:shopify,0,,,v1
sauce:hot-ones|beach-bonnet-double-comfort,hot-ones,Hot Ones,beach-bonnet-double-comfort,Beach Bonnet | Double Comfort,,,,,retail_listing,https://hotones.com/products/beach-bonnet-double-comfort,12.00,USD,https://hotones.com/products/beach-bonnet-double-comfort,True,hotones.com,2026-09-19T11:09:45.470554Z,2026-09-19T14:01:06.545048Z,sauce-names-1,sauce-match-1,rule:sauce-structured-1,shopify,1,2_longtail,,True,1,sauce:double-comfort|beach-bonnet-double-comfort,single_source:shopify,0,,,v1
sauce:hot-ones|buffalo,hot-ones,Hot Ones,buffalo,Buffalo Hot Sauce,,00850044206490,,,retail_listing,https://hotones.com/products/buffalo-hot-sauce-hot-ones-hot-sauce,10.00,USD,https://hotones.com/products/buffalo-hot-sauce-hot-ones-hot-sauce,True,hotones.com,2026-09-19T11:09:45.470554Z,2026-09-19T14:01:06.545048Z,sauce-names-1,sauce-match-1,rule:sauce-structured-1,off|shopify,2,1_population|2_longtail,,True,23,sauce:amazon|buffalo|sauce:bdubs|buffalo|sauce:bitchin|buffalo|sauce:bob-evans|buffalo|sauce:chick-fil-a|buffalo,multi_source,0,,,v1
sauce:hot-ones|chickpotle-black-eyed-susan,hot-ones,Hot Ones,chickpotle-black-eyed-susan,Chickpotle | Black Eyed Susan,,,,,retail_listing,https://hotones.com/products/chickpotle-black-eyed-susan,12.00,USD,https://hotones.com/products/chickpotle-black-eyed-susan,True,hotones.com,2026-09-19T11:09:45.470554Z,2026-09-19T14:01:06.545048Z,sauce-names-1,sauce-match-1,rule:sauce-structured-1,shopify,1,2_longtail,,True,1,sauce:black-eyed-susan-spice|chickpotle-black-eyed-susan,single_source:shopify,0,,,v1
sauce:hot-ones|chile-lengua-de-fuego-passiflora-fire,hot-ones,Hot Ones,chile-lengua-de-fuego-passiflora-fire,Chile Lengua de Fuego | Passiflora Fire,,,,,retail_listing,https://hotones.com/products/chile-lengua-de-fuego-passiflora-fire,14.00,USD,https://hotones.com/products/chile-lengua-de-fuego-passiflora-fire,True,hotones.com,2026-09-19T11:09:45.470554Z,2026-09-19T14:01:06.545048Z,sauce-names-1,sauce-match-1,rule:sauce-structured-1,shopify,1,2_longtail,,False,0,,single_source:shopify,0,,,v1
sauce:hot-ones|evolution-hot-sauce-da-bomb,hot-ones,Hot Ones,evolution-hot-sauce-da-bomb,Evolution Hot Sauce | Da Bomb,,,,,retail_listing,https://hotones.com/products/evolution-hot-sauce-da-bomb,12.00,USD,https://hotones.com/products/evolution-hot-sauce-da-bomb,True,hotones.com,2026-09-19T11:09:45.470554Z,2026-09-19T14:01:06.545048Z,sauce-names-1,sauce-match-1,rule:sauce-structured-1,shopify,1,2_longtail,,False,0,,single_source:shopify,0,,,v1
sauce:hot-ones|garlic-delight-piko-peppers,hot-ones,Hot Ones,garlic-delight-piko-peppers,Garlic Delight | Piko Peppers,,,,,unknown,https://hotones.com/products/garlic-delight-piko-peppers,12.00,USD,https://hotones.com/products/garlic-delight-piko-peppers,False,hotones.com,2026-09-19T11:09:45.470554Z,2026-09-19T14:01:06.545048Z,sauce-names-1,sauce-match-1,rule:sauce-structured-1,shopify,1,2_longtail,,False,0,,single_source:shopify,0,,,v1
sauce:hot-ones|homegrown-hell-sichuan-tangerine-sauce-leopard,hot-ones,Hot Ones,homegrown-hell-sichuan-tangerine-sauce-leopard,Homegrown Hell - Sichuan Tangerine | Sauce Leopard,,,,,retail_listing,https://hotones.com/products/homegrown-hell-sichuan-tangerine-sauce-leopard,12.00,USD,https://hotones.com/products/homegrown-hell-sichuan-tangerine-sauce-leopard,True,hotones.com,2026-09-19T11:09:45.470554Z,2026-09-19T14:01:06.545048Z,sauce-names-1,sauce-match-1,rule:sauce-structured-1,shopify,1,2_longtail,,False,0,,single_source:shopify,0,,,v1
sauce:hot-ones|hot-bergine-good-heat,hot-ones,Hot Ones,hot-bergine-good-heat,Hot Bergine | Good Heat,,,,,retail_listing,https://hotones.com/products/hot-bergine-good-heat,12.00,USD,https://hotones.com/products/hot-bergine-good-heat,True,hotones.com,2026-09-19T11:09:45.470554Z,2026-09-19T14:01:06.545048Z,sauce-names-1,sauce-match-1,rule:sauce-structured-1,shopify,1,2_longtail,,True,1,sauce:la-pimenterie|hot-bergine-good-heat,single_source:shopify,0,,,v1
sauce:hot-ones|los-calientes-trio-pack,hot-ones,Hot Ones,los-calientes-trio-pack,Los Calientes Trio Pack,,,,,retail_listing,https://hotones.com/products/hot-ones-hot-sauce-los-calientes-trio-pack,32.00,USD,https://hotones.com/products/hot-ones-hot-sauce-los-calientes-trio-pack,True,hotones.com,2026-09-19T11:09:45.470554Z,2026-09-19T14:01:06.545048Z,sauce-names-1,sauce-match-1,rule:sauce-structured-1,shopify,1,2_longtail,,False,0,,single_source:shopify,0,,,v1
sauce:hot-ones|jr-the-green,hot-ones,Hot Ones,jr-the-green,Jr. The Green,,,,,retail_listing,https://hotones.com/products/hot-ones-jr-the-green,7.00,USD,https://hotones.com/products/hot-ones-jr-the-green,True,hotones.com,2026-09-19T11:09:45.470554Z,2026-09-19T14:01:06.545048Z,sauce-names-1,sauce-match-1,rule:sauce-structured-1,shopify,1,2_longtail,,False,0,,single_source:shopify,0,,,v1
sauce:hot-ones|jr-the-red,hot-ones,Hot Ones,jr-the-red,Jr. The Red,,,,,retail_listing,https://hotones.com/products/hot-ones-jr-the-red,7.00,USD,https://hotones.com/products/hot-ones-jr-the-red,True,hotones.com,2026-09-19T11:09:45.470554Z,2026-09-19T14:01:06.545048Z,sauce-names-1,sauce-match-1,rule:sauce-structured-1,shopify,1,2_longtail,,False,0,,single_source:shopify,0,,,v1
sauce:hot-ones|jr-the-yellow,hot-ones,Hot Ones,jr-the-yellow,Jr. The Yellow,,,,,retail_listing,https://hotones.com/products/hot-ones-jr-the-yellow,7.00,USD,https://hotones.com/products/hot-ones-jr-the-yellow,True,hotones.com,2026-09-19T11:09:45.470554Z,2026-09-19T14:01:06.545048Z,sauce-names-1,sauce-match-1,rule:sauce-structured-1,shopify,1,2_longtail,,False,0,,single_source:shopify,0,,,v1
sauce:hot-ones|jr-trio-pack,hot-ones,Hot Ones,jr-trio-pack,Jr. Trio Pack,,,,,retail_listing,https://hotones.com/products/hot-ones-jr-trio-pack,20.00,USD,https://hotones.com/products/hot-ones-jr-trio-pack,True,hotones.com,2026-09-19T11:09:45.470554Z,2026-09-19T14:01:06.545048Z,sauce-names-1,sauce-match-1,rule:sauce-structured-1,shopify,1,2_longtail,,False,0,,single_source:shopify,0,,,v1
sauce:hot-ones|pickled-garlic-sriracha-mini,hot-ones,Hot Ones,pickled-garlic-sriracha-mini,Pickled Garlic Sriracha Mini,,,,,retail_listing,https://hotones.com/products/hot-ones-pickled-garlic-sriracha-mini-hot-sauce,4.99,USD,https://hotones.com/products/hot-ones-pickled-garlic-sriracha-mini-hot-sauce,True,hotones.com,2026-09-19T11:09:45.470554Z,2026-09-19T14:01:06.545048Z,sauce-names-1,sauce-match-1,rule:sauce-structured-1,shopify,1,2_longtail,,False,0,,single_source:shopify,0,,,v1
sauce:hot-ones|season-28-warm-up-pack,hot-ones,Hot Ones,season-28-warm-up-pack,Season 28 Warm Up Pack,,,,,retail_listing,https://hotones.com/products/hot-ones-season-28-warm-up-pack,36.00,USD,https://hotones.com/products/hot-ones-season-28-warm-up-pack,True,hotones.com,2026-09-19T11:09:45.470554Z,2026-09-19T14:01:06.545048Z,sauce-names-1,sauce-match-1,rule:sauce-structured-1,shopify,1,2_longtail,,True,1,sauce:hot-ones|season-31-warm-up-pack,single_source:shopify,0,,,v1
sauce:hot-ones|last-dab-mini-trio,hot-ones,Hot Ones,last-dab-mini-trio,The Last Dab Mini Trio,,,,,retail_listing,https://hotones.com/products/hot-ones-the-last-dab-mini-trio-apollo-triple-x-xperience,28.00,USD,https://hotones.com/products/hot-ones-the-last-dab-mini-trio-apollo-triple-x-xperience,True,hotones.com,2026-09-19T11:09:45.470554Z,2026-09-19T14:01:06.545048Z,sauce-names-1,sauce-match-1,rule:sauce-structured-1,shopify,1,2_longtail,,False,0,,single_source:shopify,0,,,v1
sauce:hot-ones|hot-tropic-hot-sauce-shaquanda-s,hot-ones,Hot Ones,hot-tropic-hot-sauce-shaquanda-s,Hot Tropic Hot Sauce | Shaquanda's,,,,,retail_listing,https://hotones.com/products/hot-tropic-shaquandas,12.00,USD,https://hotones.com/products/hot-tropic-shaquandas,True,hotones.com,2026-09-19T11:09:45.470554Z,2026-09-19T14:01:06.545048Z,sauce-names-1,sauce-match-1,rule:sauce-structured-1,shopify,1,2_longtail,,False,0,,single_source:shopify,0,,,v1
sauce:hot-ones|house,hot-ones,Hot Ones,house,House Sauce,,,,,retail_listing,https://hotones.com/products/house-sauce-hot-sauce,8.00,USD,https://hotones.com/products/house-sauce-hot-sauce,True,hotones.com,2026-09-19T11:09:45.470554Z,2026-09-19T14:01:06.545048Z,sauce-names-1,sauce-match-1,rule:sauce-structured-1,shopify,1,2_longtail,,False,0,,single_source:shopify,0,,,v1
sauce:hot-ones|jang-korean-style-hot-sauce-onima-pantry,hot-ones,Hot Ones,jang-korean-style-hot-sauce-onima-pantry,JANG Korean-Style Hot Sauce | Onima Pantry,,,,,retail_listing,https://hotones.com/products/jang-korean-style-hot-sauce-onima-pantry,14.00,USD,https://hotones.com/products/jang-korean-style-hot-sauce-onima-pantry,True,hotones.com,2026-09-19T11:09:45.470554Z,2026-09-19T14:01:06.545048Z,sauce-names-1,sauce-match-1,rule:sauce-structured-1,shopify,1,2_longtail,,True,1,sauce:onima|jang-korean-style-hot-sauce-onima-pantry,single_source:shopify,0,,,v1
sauce:hot-ones|los-calientes-barbacoa,hot-ones,Hot Ones,los-calientes-barbacoa,Los Calientes Barbacoa,,,,,retail_listing,https://hotones.com/products/los-calientes-barbacoa-hot-ones-hot-sauce,12.00,USD,https://hotones.com/products/los-calientes-barbacoa-hot-ones-hot-sauce,True,hotones.com,2026-09-19T11:09:45.470554Z,2026-09-19T14:01:06.545048Z,sauce-names-1,sauce-match-1,rule:sauce-structured-1,shopify,1,2_longtail,,False,0,,single_source:shopify,0,,,v1
sauce:hot-ones|los-calientes-rojo,hot-ones,Hot Ones,los-calientes-rojo,Los Calientes Rojo,,,,,retail_listing,https://hotones.com/products/los-calientes-rojo-hot-ones-hot-sauce,12.00,USD,https://hotones.com/products/los-calientes-rojo-hot-ones-hot-sauce,True,hotones.com,2026-09-19T11:09:45.470554Z,2026-09-19T14:01:06.545048Z,sauce-names-1,sauce-match-1,rule:sauce-structured-1,shopify,1,2_longtail,,False,0,,single_source:shopify,0,,,v1
sauce:hot-ones|los-calientes-verde,hot-ones,Hot Ones,los-calientes-verde,Los Calientes Verde,,,,,retail_listing,https://hotones.com/products/los-calientes-verde-hot-ones-hot-sauce,12.00,USD,https://hotones.com/products/los-calientes-verde-hot-ones-hot-sauce,True,hotones.com,2026-09-19T11:09:45.470554Z,2026-09-19T14:01:06.545048Z,sauce-names-1,sauce-match-1,rule:sauce-structured-1,shopify,1,2_longtail,,False,0,,single_source:shopify,0,,,v1
sauce:hot-ones|mexicali-california-hot-sauce-solutions,hot-ones,Hot Ones,mexicali-california-hot-sauce-solutions,Mexicali | California Hot Sauce Solutions,,,,,retail_listing,https://hotones.com/products/mexicali-california-hot-sauce-solutions,12.00,USD,https://hotones.com/products/mexicali-california-hot-sauce-solutions,True,hotones.com,2026-09-19T11:09:45.470554Z,2026-09-19T14:01:06.545048Z,sauce-names-1,sauce-match-1,rule:sauce-structured-1,shopify,1,2_longtail,,False,0,,single_source:shopify,0,,,v1
sauce:hot-ones|neil-s-real-deal-chimmichuri-habanero,hot-ones,Hot Ones,neil-s-real-deal-chimmichuri-habanero,Neil's Real Deal | Chimmichuri Habanero,,,,,unknown,https://hotones.com/products/neils-real-deal-chimmichuri-habanero,14.00,USD,https://hotones.com/products/neils-real-deal-chimmichuri-habanero,False,hotones.com,2026-09-19T11:09:45.470554Z,2026-09-19T14:01:06.545048Z,sauce-names-1,sauce-match-1,rule:sauce-structured-1,shopify,1,2_longtail,,False,0,,single_source:shopify,0,,,v1
sauce:hot-ones|nirvana-funky-s,hot-ones,Hot Ones,nirvana-funky-s,Nirvana | Funky's Hot Sauce,,,,,retail_listing,https://hotones.com/products/nirvana-funkys-hot-sauce,14.00,USD,https://hotones.com/products/nirvana-funkys-hot-sauce,True,hotones.com,2026-09-19T11:09:45.470554Z,2026-09-19T14:01:06.545048Z,sauce-names-1,sauce-match-1,rule:sauce-structured-1,shopify,1,2_longtail,,True,1,sauce:funky-s|nirvana-funky-s,single_source:shopify,0,,,v1
sauce:hot-ones|nugget-honey,hot-ones,Hot Ones,nugget-honey,Nugget Honey,,,,,retail_listing,https://hotones.com/products/nugget-honey-hot-ones-hot-sauce,12.00,USD,https://hotones.com/products/nugget-honey-hot-ones-hot-sauce,True,hotones.com,2026-09-19T11:09:45.470554Z,2026-09-19T14:01:06.545048Z,sauce-names-1,sauce-match-1,rule:sauce-structured-1,shopify,1,2_longtail,,False,0,,single_source:shopify,0,,,v1
sauce:hot-ones|pickled-garlic-sriracha,hot-ones,Hot Ones,pickled-garlic-sriracha,Pickled Garlic Sriracha,,,,,retail_listing,https://hotones.com/products/pickled-garlic-sriracha-hot-ones-hot-sauce,10.00,USD,https://hotones.com/products/pickled-garlic-sriracha-hot-ones-hot-sauce,True,hotones.com,2026-09-19T11:09:45.470554Z,2026-09-19T14:01:06.545048Z,sauce-names-1,sauce-match-1,rule:sauce-structured-1,shopify,1,2_longtail,,False,0,,single_source:shopify,0,,,v1
sauce:hot-ones|pikliz-n-scorpion-hot-n-saucy,hot-ones,Hot Ones,pikliz-n-scorpion-hot-n-saucy,Pikliz N Scorpion | Hot N Saucy,,,,,retail_listing,https://hotones.com/products/pikliz-n-scorpion-hot-n-saucy,12.00,USD,https://hotones.com/products/pikliz-n-scorpion-hot-n-saucy,True,hotones.com,2026-09-19T11:09:45.470554Z,2026-09-19T14:01:06.545048Z,sauce-names-1,sauce-match-1,rule:sauce-structured-1,shopify,1,2_longtail,,False,0,,single_source:shopify,0,,,v1
sauce:hot-ones|season-28-trio-pack,hot-ones,Hot Ones,season-28-trio-pack,Season 28 Trio Pack,,,,,retail_listing,https://hotones.com/products/season-28-hot-ones-hot-sauce-trio-pack,40.00,USD,https://hotones.com/products/season-28-hot-ones-hot-sauce-trio-pack,True,hotones.com,2026-09-19T11:09:45.470554Z,2026-09-19T14:01:06.545048Z,sauce-names-1,sauce-match-1,rule:sauce-structured-1,shopify,1,2_longtail,,True,3,sauce:hot-ones|season-29-trio-pack|sauce:hot-ones|season-30-trio-pack|sauce:hot-ones|season-31-trio-pack,single_source:shopify,0,,,v1
sauce:hot-ones|season-29-trio-pack,hot-ones,Hot Ones,season-29-trio-pack,Season 29 Trio Pack,,,,,retail_listing,https://hotones.com/products/season-29-trio-pack,40.00,USD,https://hotones.com/products/season-29-trio-pack,True,hotones.com,2026-09-19T11:09:45.470554Z,2026-09-19T14:01:06.545048Z,sauce-names-1,sauce-match-1,rule:sauce-structured-1,shopify,1,2_longtail,,True,3,sauce:hot-ones|season-28-trio-pack|sauce:hot-ones|season-30-trio-pack|sauce:hot-ones|season-31-trio-pack,single_source:shopify,0,,,v1
sauce:hot-ones|season-30-trio-pack,hot-ones,Hot Ones,season-30-trio-pack,Season 30 Trio Pack,,,,,retail_listing,https://hotones.com/products/season-30-trio-pack,40.00,USD,https://hotones.com/products/season-30-trio-pack,True,hotones.com,2026-09-19T11:09:45.470554Z,2026-09-19T14:01:06.545048Z,sauce-names-1,sauce-match-1,rule:sauce-structured-1,shopify,1,2_longtail,,True,3,sauce:hot-ones|season-28-trio-pack|sauce:hot-ones|season-29-trio-pack|sauce:hot-ones|season-31-trio-pack,single_source:shopify,0,,,v1
sauce:hot-ones|season-30-warmup-pack,hot-ones,Hot Ones,season-30-warmup-pack,Season 30 Warmup Pack,,,,,retail_listing,https://hotones.com/products/season-30-warmup-pack,34.00,USD,https://hotones.com/products/season-30-warmup-pack,True,hotones.com,2026-09-19T11:09:45.470554Z,2026-09-19T14:01:06.545048Z,sauce-names-1,sauce-match-1,rule:sauce-structured-1,shopify,1,2_longtail,,True,1,sauce:hot-ones|season-31-warm-up-pack,single_source:shopify,0,,,v1
sauce:hot-ones|season-31-trio-pack,hot-ones,Hot Ones,season-31-trio-pack,Season 31 Trio Pack,,,,,retail_listing,https://hotones.com/products/season-31-trio-pack,40.00,USD,https://hotones.com/products/season-31-trio-pack,True,hotones.com,2026-09-19T11:09:45.470554Z,2026-09-19T14:01:06.545048Z,sauce-names-1,sauce-match-1,rule:sauce-structured-1,shopify,1,2_longtail,,True,3,sauce:hot-ones|season-28-trio-pack|sauce:hot-ones|season-29-trio-pack|sauce:hot-ones|season-30-trio-pack,single_source:shopify,0,,,v1
sauce:hot-ones|season-31-warm-up-pack,hot-ones,Hot Ones,season-31-warm-up-pack,Season 31 Warm Up Pack,,,,,retail_listing,https://hotones.com/products/season-31-warm-up-pack,34.00,USD,https://hotones.com/products/season-31-warm-up-pack,True,hotones.com,2026-09-19T11:09:45.470554Z,2026-09-19T14:01:06.545048Z,sauce-names-1,sauce-match-1,rule:sauce-structured-1,shopify,1,2_longtail,,True,2,sauce:hot-ones|season-28-warm-up-pack|sauce:hot-ones|season-30-warmup-pack,single_source:shopify,0,,,v1
sauce:hot-ones|smoked-habanero-peach-smokin-dragon,hot-ones,Hot Ones,smoked-habanero-peach-smokin-dragon,Smoked Habanero & Peach | Smokin' Dragon,,,,,unknown,https://hotones.com/products/smoked-habanero-peach-smokin-dragon,12.00,USD,https://hotones.com/products/smoked-habanero-peach-smokin-dragon,False,hotones.com,2026-09-19T11:09:45.470554Z,2026-09-19T14:01:06.545048Z,sauce-names-1,sauce-match-1,rule:sauce-structured-1,shopify,1,2_longtail,,False,0,,single_source:shopify,0,,,v1
sauce:hot-ones|smoked-serrano-squash-reaper-x-butterfly-bakery,hot-ones,Hot Ones,smoked-serrano-squash-reaper-x-butterfly-bakery,Smoked Serrano Squash Reaper X | Butterfly Bakery,,,,,retail_listing,https://hotones.com/products/smoked-serrano-squash-reaper-x-butterfly-bakery,16.00,USD,https://hotones.com/products/smoked-serrano-squash-reaper-x-butterfly-bakery,True,hotones.com,2026-09-19T11:09:45.470554Z,2026-09-19T14:01:06.545048Z,sauce-names-1,sauce-match-1,rule:sauce-structured-1,shopify,1,2_longtail,,False,0,,single_source:shopify,0,,,v1
sauce:hot-ones|suckerpunch-hot-sauce-torchbearer,hot-ones,Hot Ones,suckerpunch-hot-sauce-torchbearer,Suckerpunch Hot Sauce | Torchbearer,,,,,retail_listing,https://hotones.com/products/suckerpunch-torchbearer,12.00,USD,https://hotones.com/products/suckerpunch-torchbearer,True,hotones.com,2026-09-19T11:09:45.470554Z,2026-09-19T14:01:06.545048Z,sauce-names-1,sauce-match-1,rule:sauce-structured-1,shopify,1,2_longtail,,True,1,sauce:torchbearer-sauces|suckerpunch-hot-sauce-torchbearer,single_source:shopify,0,,,v1
sauce:hot-ones|thai-chili-miso-mastodon,hot-ones,Hot Ones,thai-chili-miso-mastodon,Thai Chili Miso | Mastodon,,,,,retail_listing,https://hotones.com/products/thai-chili-miso-mastodon,14.00,USD,https://hotones.com/products/thai-chili-miso-mastodon,True,hotones.com,2026-09-19T11:09:45.470554Z,2026-09-19T14:01:06.545048Z,sauce-names-1,sauce-match-1,rule:sauce-structured-1,shopify,1,2_longtail,,False,0,,single_source:shopify,0,,,v1
sauce:hot-ones|that-s-what-shishito-said-down-to-ferment,hot-ones,Hot Ones,that-s-what-shishito-said-down-to-ferment,That's What Shishito Said | Down To Ferment,,,,,retail_listing,https://hotones.com/products/thats-what-shishito-said-down-to-ferment,12.00,USD,https://hotones.com/products/thats-what-shishito-said-down-to-ferment,True,hotones.com,2026-09-19T11:09:45.470554Z,2026-09-19T14:01:06.545048Z,sauce-names-1,sauce-match-1,rule:sauce-structured-1,shopify,1,2_longtail,,False,0,,single_source:shopify,0,,,v1
sauce:hot-ones|classic-chili-maple,hot-ones,Hot Ones,classic-chili-maple,The Classic Chili Maple,,,,,retail_listing,https://hotones.com/products/the-classic-chili-maple-hot-ones-hot-sauce,10.00,USD,https://hotones.com/products/the-classic-chili-maple-hot-ones-hot-sauce,True,hotones.com,2026-09-19T11:09:45.470554Z,2026-09-19T14:01:06.545048Z,sauce-names-1,sauce-match-1,rule:sauce-structured-1,shopify,1,2_longtail,,True,1,sauce:heatonist|classic-chili-maple,single_source:shopify,0,,,v1
sauce:hot-ones|classic-garlic-fresno,hot-ones,Hot Ones,classic-garlic-fresno,The Classic Garlic Fresno,,,,,unknown,https://hotones.com/products/the-classic-garlic-fresno-hot-ones-hot-sauce,10.00,USD,https://hotones.com/products/the-classic-garlic-fresno-hot-ones-hot-sauce,False,hotones.com,2026-09-19T11:09:45.470554Z,2026-09-19T14:01:06.545048Z,sauce-names-1,sauce-match-1,rule:sauce-structured-1,shopify,1,2_longtail,,False,0,,single_source:shopify,0,,,v1
sauce:hot-ones|classic,hot-ones,Hot Ones,classic,The Classic,,,,,retail_listing,https://hotones.com/products/the-classic-hot-ones-hot-sauce,10.00,USD,https://hotones.com/products/the-classic-hot-ones-hot-sauce,True,hotones.com,2026-09-19T11:09:45.470554Z,2026-09-19T14:01:06.545048Z,sauce-names-1,sauce-match-1,rule:sauce-structured-1,shopify,1,2_longtail,,True,1,sauce:heatonist|classic,single_source:shopify,0,,,v1
sauce:hot-ones|classic-trio-pack,hot-ones,Hot Ones,classic-trio-pack,The Classic Trio Pack,,,,,retail_listing,https://hotones.com/products/the-classic-trio-hot-ones-hot-sauce,27.00,USD,https://hotones.com/products/the-classic-trio-hot-ones-hot-sauce,True,hotones.com,2026-09-19T11:09:45.470554Z,2026-09-19T14:01:06.545048Z,sauce-names-1,sauce-match-1,rule:sauce-structured-1,shopify,1,2_longtail,,False,0,,single_source:shopify,0,,,v1
sauce:hot-ones|last-dab-apollo,hot-ones,Hot Ones,last-dab-apollo,The Last Dab: Apollo,,,,,retail_listing,https://hotones.com/products/the-last-dab-apollo-hot-ones-hot-sauce,22.00,USD,https://hotones.com/products/the-last-dab-apollo-hot-ones-hot-sauce,True,hotones.com,2026-09-19T11:09:45.470554Z,2026-09-19T14:01:06.545048Z,sauce-names-1,sauce-match-1,rule:sauce-structured-1,shopify,1,2_longtail,,True,1,sauce:heatonist|last-dab-apollo,single_source:shopify,0,,,v1
sauce:hot-ones|last-dab-reaper-edition,hot-ones,Hot Ones,last-dab-reaper-edition,The Last Dab: Reaper Edition,,,,,retail_listing,https://hotones.com/products/the-last-dab-reaper-edition-hot-ones-hot-sauce,20.00,USD,https://hotones.com/products/the-last-dab-reaper-edition-hot-ones-hot-sauce,True,hotones.com,2026-09-19T11:09:45.470554Z,2026-09-19T14:01:06.545048Z,sauce-names-1,sauce-match-1,rule:sauce-structured-1,shopify,1,2_longtail,,True,1,sauce:heatonist|last-dab-reaper-edition,single_source:shopify,0,,,v1
sauce:hot-ones|last-dab-trio-pack,hot-ones,Hot Ones,last-dab-trio-pack,The Last Dab Trio Pack,,,,,retail_listing,https://hotones.com/products/the-last-dab-trio-pack-hot-ones-hot-sauce,58.00,USD,https://hotones.com/products/the-last-dab-trio-pack-hot-ones-hot-sauce,True,hotones.com,2026-09-19T11:09:45.470554Z,2026-09-19T14:01:06.545048Z,sauce-names-1,sauce-match-1,rule:sauce-structured-1,shopify,1,2_longtail,,False,0,,single_source:shopify,0,,,v1
sauce:hot-ones|last-dab-triple-x,hot-ones,Hot Ones,last-dab-triple-x,The Last Dab Triple X,,,,,retail_listing,https://hotones.com/products/the-last-dab-triplex-hot-sauce-hot-ones-hot-sauce,20.00,USD,https://hotones.com/products/the-last-dab-triplex-hot-sauce-hot-ones-hot-sauce,True,hotones.com,2026-09-19T11:09:45.470554Z,2026-09-19T14:01:06.545048Z,sauce-names-1,sauce-match-1,rule:sauce-structured-1,shopify,1,2_longtail,,False,0,,single_source:shopify,0,,,v1
sauce:hot-ones|last-dab-xperience,hot-ones,Hot Ones,last-dab-xperience,The Last Dab: Xperience,,,,,retail_listing,https://hotones.com/products/the-last-dab-xperience-hot-ones-hot-sauce,22.00,USD,https://hotones.com/products/the-last-dab-xperience-hot-ones-hot-sauce,True,hotones.com,2026-09-19T11:09:45.470554Z,2026-09-19T14:01:06.545048Z,sauce-names-1,sauce-match-1,rule:sauce-structured-1,shopify,1,2_longtail,,False,0,,single_source:shopify,0,,,v1
sauce:hot-ones|tropical-amarillo,hot-ones,Hot Ones,tropical-amarillo,Tropical Amarillo,,,,,retail_listing,https://hotones.com/products/tropical-amarillo-hot-ones-hot-sauce,10.00,USD,https://hotones.com/products/tropical-amarillo-hot-ones-hot-sauce,True,hotones.com,2026-09-19T11:09:45.470554Z,2026-09-19T14:01:06.545048Z,sauce-names-1,sauce-match-1,rule:sauce-structured-1,shopify,1,2_longtail,,False,0,,single_source:shopify,0,,,v1
sauce:hot-ones|xxx-salsa-vibes-high-desert,hot-ones,Hot Ones,xxx-salsa-vibes-high-desert,XXX Salsa Vibes | High Desert Sauce Co.,,,,,retail_listing,https://hotones.com/products/xxx-salsa-vibes-high-desert-sauce-co,16.00,USD,https://hotones.com/products/xxx-salsa-vibes-high-desert-sauce-co,True,hotones.com,2026-09-19T11:09:45.470554Z,2026-09-19T14:01:06.545048Z,sauce-names-1,sauce-match-1,rule:sauce-structured-1,shopify,1,2_longtail,,True,1,sauce:high-desert|xxx-salsa-vibes-high-desert,single_source:shopify,0,,,v1
sauce:hot-n-saucy|pikliz-n-scorpion,hot-n-saucy,Hot n Saucy,pikliz-n-scorpion,Pikliz N Scorpion,,,,,retail_listing,https://heatonist.com/products/pikliz-n-scorpion-hot-n-saucy,12.00,USD,https://heatonist.com/products/pikliz-n-scorpion-hot-n-saucy,True,heatonist.com,2026-09-19T11:09:45.470554Z,2026-09-19T14:01:06.545048Z,sauce-names-1,sauce-match-1,rule:sauce-structured-1,shopify,1,2_longtail,,False,0,,single_source:shopify,0,,,v1
sauce:hotter-than-el|24-karat-gold,hotter-than-el,Hotter Than El,24-karat-gold,24 Karat Gold,,,,,unknown,https://crafthotsauce.com/products/24-karat-gold,6.50,USD,https://crafthotsauce.com/products/24-karat-gold,False,crafthotsauce.com,2026-09-19T13:52:25.427841Z,2026-09-19T14:01:06.545048Z,sauce-names-1,sauce-match-1,rule:sauce-structured-1,shopify,1,2_longtail,,False,0,,single_source:shopify,0,,,v1
sauce:hotter-than-el|gator-jake-s-rajun-cajun,hotter-than-el,Hotter Than El,gator-jake-s-rajun-cajun,Gator Jake's Rajun Cajun,,,,,unknown,https://crafthotsauce.com/products/gator-jakes-rajun-cajun,8.00,USD,https://crafthotsauce.com/products/gator-jakes-rajun-cajun,False,crafthotsauce.com,2026-09-19T13:52:25.427841Z,2026-09-19T14:01:06.545048Z,sauce-names-1,sauce-match-1,rule:sauce-structured-1,shopify,1,2_longtail,,False,0,,single_source:shopify,0,,,v1
sauce:hotter-than-el|ghost,hotter-than-el,Hotter Than El,ghost,Ghost Sauce,,,,,retail_listing,https://heathotsauce.com/products/hotter-than-el-ghost-sauce,8.00,USD,https://crafthotsauce.com/products/ghost-sauce,True,crafthotsauce.com,2026-09-19T13:52:25.427841Z,2026-09-19T14:01:06.545048Z,sauce-names-1,sauce-match-1,rule:sauce-structured-1,shopify,1,2_longtail,,True,3,sauce:freaky-ferments-food-beverage|ghost|sauce:seafire-gourmet|ghost|sauce:|ghost,single_source:shopify,0,,,v1
sauce:hotter-than-el|purple-haze,hotter-than-el,Hotter Than El,purple-haze,Purple Haze,,,,,unknown,https://crafthotsauce.com/products/purple-haze,8.00,USD,https://crafthotsauce.com/products/purple-haze,False,crafthotsauce.com,2026-09-19T13:52:25.427841Z,2026-09-19T14:01:06.545048Z,sauce-names-1,sauce-match-1,rule:sauce-structured-1,shopify,1,2_longtail,,False,0,,single_source:shopify,0,,,v1
sauce:hotter-than-el|reaper-s-revenge,hotter-than-el,Hotter Than El,reaper-s-revenge,Reaper's Revenge,,,,,unknown,https://crafthotsauce.com/products/reapers-revenge,8.00,USD,https://crafthotsauce.com/products/reapers-revenge,False,crafthotsauce.com,2026-09-19T13:52:25.427841Z,2026-09-19T14:01:06.545048Z,sauce-names-1,sauce-match-1,rule:sauce-structured-1,shopify,1,2_longtail,,False,0,,single_source:shopify,0,,,v1
sauce:hotter-than-el|gator-jake-s-flamin-rajun-cajun,hotter-than-el,Hotter Than El,gator-jake-s-flamin-rajun-cajun,Gator Jake's Flamin' Rajun Cajun,,,,,unknown,https://heathotsauce.com/products/gator-jakes-flamin-rajun-cajun,11.99,USD,https://heathotsauce.com/products/gator-jakes-flamin-rajun-cajun,False,heathotsauce.com,2026-09-19T13:52:25.427841Z,2026-09-19T14:01:06.545048Z,sauce-names-1,sauce-match-1,rule:sauce-structured-1,shopify,1,2_longtail,,False,0,,single_source:shopify,0,,,v1
sauce:humboldt|humboldt-hotsauce-emerald,humboldt,Humboldt Hot Sauce,humboldt-hotsauce-emerald,Humboldt Hotsauce - Emerald Sauce,,,,,unknown,https://crafthotsauce.com/products/emerald-sauce,8.00,USD,https://crafthotsauce.com/products/emerald-sauce,False,crafthotsauce.com,2026-09-19T13:52:25.427841Z,2026-09-19T14:01:06.545048Z,sauce-names-1,sauce-match-1,rule:sauce-structured-1,shopify,1,2_longtail,,False,0,,single_source:shopify,0,,,v1
sauce:humboldt|humboldt-hotsauce-habanero-mango,humboldt,Humboldt Hot Sauce,humboldt-hotsauce-habanero-mango,Humboldt Hotsauce - Habanero Mango,,,,,unknown,https://crafthotsauce.com/products/humboldt-habanero-mango,8.00,USD,https://crafthotsauce.com/products/humboldt-habanero-mango,False,crafthotsauce.com,2026-09-19T13:52:25.427841Z,2026-09-19T14:01:06.545048Z,sauce-names-1,sauce-match-1,rule:sauce-structured-1,shopify,1,2_longtail,,False,0,,single_source:shopify,0,,,v1
sauce:humboldt|humboldt-hotsauce-island-style,humboldt,Humboldt Hot Sauce,humboldt-hotsauce-island-style,Humboldt Hotsauce - Island Style,,,,,unknown,https://crafthotsauce.com/products/island-style,8.00,USD,https://crafthotsauce.com/products/island-style,False,crafthotsauce.com,2026-09-19T13:52:25.427841Z,2026-09-19T14:01:06.545048Z,sauce-names-1,sauce-match-1,rule:sauce-structured-1,shopify,1,2_longtail,,False,0,,single_source:shopify,0,,,v1
sauce:humboldt|humboldt-hotsauce-smokin-hot-nooner,humboldt,Humboldt Hot Sauce,humboldt-hotsauce-smokin-hot-nooner,Humboldt Hotsauce - Smokin' Hot Nooner,,,,,unknown,https://crafthotsauce.com/products/smokin-hot-nooner,8.00,USD,https://crafthotsauce.com/products/smokin-hot-nooner,False,crafthotsauce.com,2026-09-19T13:52:25.427841Z,2026-09-19T14:01:06.545048Z,sauce-names-1,sauce-match-1,rule:sauce-structured-1,shopify,1,2_longtail,,False,0,,single_source:shopify,0,,,v1
sauce:humboldt|trinidad-stinger,humboldt,Humboldt,trinidad-stinger,Trinidad Stinger,,,,,unknown,https://puckerbuttpeppercompany.com/products/humboldt-tinidad-stinger,9.00,USD,https://puckerbuttpeppercompany.com/products/humboldt-tinidad-stinger,False,puckerbuttpeppercompany.com,2026-09-19T11:09:45.470554Z,2026-09-19T14:01:06.545048Z,sauce-names-1,sauce-match-1,rule:sauce-structured-1,shopify,1,2_longtail,,False,0,,single_source:shopify,0,,,v1
sauce:inferno-farms|green-monster,inferno-farms,Inferno Farms,green-monster,Green Monster,,,,,unknown,https://crafthotsauce.com/products/green-monster,10.00,USD,https://crafthotsauce.com/products/green-monster,False,crafthotsauce.com,2026-09-19T13:52:25.427841Z,2026-09-19T14:01:06.545048Z,sauce-names-1,sauce-match-1,rule:sauce-structured-1,shopify,1,2_longtail,,False,0,,single_source:shopify,0,,,v1
sauce:inferno-farms|alliuminaughty,inferno-farms,Inferno Farms,alliuminaughty,Alliuminaughty,,,,,unknown,https://crafthotsauce.com/products/inferno-farms-alliuminaughty,11.00,USD,https://crafthotsauce.com/products/inferno-farms-alliuminaughty,False,crafthotsauce.com,2026-09-19T13:52:25.427841Z,2026-09-19T14:01:06.545048Z,sauce-names-1,sauce-match-1,rule:sauce-structured-1,shopify,1,2_longtail,,False,0,,single_source:shopify,0,,,v1
sauce:inferno-farms|tingleberry,inferno-farms,Inferno Farms,tingleberry,Tingleberry,,,,,unknown,https://crafthotsauce.com/products/inferno-farms-tingleberry,10.00,USD,https://crafthotsauce.com/products/inferno-farms-tingleberry,False,crafthotsauce.com,2026-09-19T13:52:25.427841Z,2026-09-19T14:01:06.545048Z,sauce-names-1,sauce-match-1,rule:sauce-structured-1,shopify,1,2_longtail,,False,0,,single_source:shopify,0,,,v1
sauce:inferno-farms|pineapple-xxxpress,inferno-farms,Inferno Farms,pineapple-xxxpress,Pineapple XXXpress,,,,,unknown,https://crafthotsauce.com/products/pinapple-xpress,10.50,USD,https://crafthotsauce.com/products/pinapple-xpress,False,crafthotsauce.com,2026-09-19T13:52:25.427841Z,2026-09-19T14:01:06.545048Z,sauce-names-1,sauce-match-1,rule:sauce-structured-1,shopify,1,2_longtail,,False,0,,single_source:shopify,0,,,v1
sauce:inferno-farms|volcanus,inferno-farms,Inferno Farms,volcanus,Volcanus,,,,,unknown,https://crafthotsauce.com/products/volcanus,11.00,USD,https://crafthotsauce.com/products/volcanus,False,crafthotsauce.com,2026-09-19T13:52:25.427841Z,2026-09-19T14:01:06.545048Z,sauce-names-1,sauce-match-1,rule:sauce-structured-1,shopify,1,2_longtail,,False,0,,single_source:shopify,0,,,v1
sauce:inferno-farms|where-there-s-smoke,inferno-farms,Inferno Farms,where-there-s-smoke,Where There's Smoke,,,,,unknown,https://crafthotsauce.com/products/where-theres-smoke,10.00,USD,https://crafthotsauce.com/products/where-theres-smoke,False,crafthotsauce.com,2026-09-19T13:52:25.427841Z,2026-09-19T14:01:06.545048Z,sauce-names-1,sauce-match-1,rule:sauce-structured-1,shopify,1,2_longtail,,False,0,,single_source:shopify,0,,,v1
sauce:j-s-small-batch|j-s-small-batch-lime-inna-coconut,j-s-small-batch,J's Small Batch Hot Sauce,j-s-small-batch-lime-inna-coconut,J's Small Batch Lime Inna Coconut,,,,,unknown,https://heathotsauce.com/products/js-small-batch-lime-inna-coconut,13.99,USD,https://heathotsauce.com/products/js-small-batch-lime-inna-coconut,False,heathotsauce.com,2026-09-19T13:52:25.427841Z,2026-09-19T14:01:06.545048Z,sauce-names-1,sauce-match-1,rule:sauce-structured-1,shopify,1,2_longtail,,False,0,,single_source:shopify,0,,,v1
sauce:jacobsen|hot-honey-sauce-with-scorpion-chili-hot-honey-with-scorpion-chili,jacobsen,JACOBSEN CO.,hot-honey-sauce-with-scorpion-chili-hot-honey-with-scorpion-chili,"HOT HONEY SAUCE WITH SCORPION CHILI, HOT HONEY WITH SCORPION CHILI",,00814417020229,,,retail_listing,file:///C:/Users/luke_/Desktop/AI/Scout/state/snapshot-20260919T082412Z/fdc/candidates.csv,10.99,USD,https://adoboloco.com/shop/hot-honey-sauce/,False,adoboloco.com,2026-09-19T11:09:45.470554Z,2026-09-19T14:01:06.545048Z,sauce-names-1,sauce-match-1,rule:sauce-structured-1,fdc|off|woo,3,1_population|2_longtail,,False,0,,multi_source,0,,,v1
sauce:jack-s-pepper-heist|pepita-scorpion,jack-s-pepper-heist,Jack's Pepper Heist,pepita-scorpion,PEPITA SCORPION,,,,,retail_listing,https://jackspepperheist.com/products/pepita-scorpion,13.00,USD,https://jackspepperheist.com/products/pepita-scorpion,True,jackspepperheist.com,2026-09-19T11:09:45.470554Z,2026-09-19T14:01:06.545048Z,sauce-names-1,sauce-match-1,rule:sauce-structured-1,shopify,1,2_longtail,,False,0,,single_source:shopify,0,,,v1
sauce:jack-s-pepper-heist|pineapple-habanero,jack-s-pepper-heist,Jack's Pepper Heist,pineapple-habanero,PINEAPPLE HABANERO,,,,,retail_listing,https://jackspepperheist.com/products/pineapple-hot-sauce,13.00,USD,https://jackspepperheist.com/products/pineapple-hot-sauce,True,jackspepperheist.com,2026-09-19T11:09:45.470554Z,2026-09-19T14:01:06.545048Z,sauce-names-1,sauce-match-1,rule:sauce-structured-1,shopify,1,2_longtail,,True,6,sauce:acid-league|pineapple-habanero|sauce:bj-s-wholesale-club-corporate|pineapple-habanero|sauce:bravado-spice|pineapple-habanero|sauce:sauce-shop|pineapple-habanero|sauce:terrapin-ridge-farms|pineapple-habanero,single_source:shopify,0,,,v1
sauce:jack-s-pepper-heist|tomatillo-serrano,jack-s-pepper-heist,Jack's Pepper Heist,tomatillo-serrano,TOMATILLO SERRANO,,,,,retail_listing,https://jackspepperheist.com/products/tomatillo-pepper-sauce,13.00,USD,https://jackspepperheist.com/products/tomatillo-pepper-sauce,True,jackspepperheist.com,2026-09-19T11:09:45.470554Z,2026-09-19T14:01:06.545048Z,sauce-names-1,sauce-match-1,rule:sauce-structured-1,shopify,1,2_longtail,,False,0,,single_source:shopify,0,,,v1
sauce:jack-s-pepper-heist|jack-s-5-star-heist-lineup,jack-s-pepper-heist,Jack's Pepper Heist,jack-s-5-star-heist-lineup,Jack's 5-Star Heist Lineup,,,,,unknown,https://jackspepperheist.com/products/trio-set,56.00,USD,https://jackspepperheist.com/products/trio-set,False,jackspepperheist.com,2026-09-19T11:09:45.470554Z,2026-09-19T14:01:06.545048Z,sauce-names-1,sauce-match-1,rule:sauce-structured-1,shopify,1,2_longtail,,False,0,,single_source:shopify,0,,,v1
sauce:jersey-barnfire|jersey-barn-fire-sweet-spicy-thai-chili,jersey-barnfire,Jersey Barnfire,jersey-barn-fire-sweet-spicy-thai-chili,Jersey Barn Fire Sweet & Spicy Thai Chili,,,,,unknown,https://puckerbuttpeppercompany.com/products/jersey-barn-fire-sweet-spicy-thai-chili,12.00,USD,https://puckerbuttpeppercompany.com/products/jersey-barn-fire-sweet-spicy-thai-chili,False,puckerbuttpeppercompany.com,2026-09-19T11:09:45.470554Z,2026-09-19T14:01:06.545048Z,sauce-names-1,sauce-match-1,rule:sauce-structured-1,shopify,1,2_longtail,,False,0,,single_source:shopify,0,,,v1
sauce:jersey-barnfire|garden-state-green,jersey-barnfire,Jersey Barnfire,garden-state-green,Garden State Green Hot Sauce,,,,,unknown,https://puckerbuttpeppercompany.com/products/jersey-barnfire-garden-state-green-hot-sauce,10.00,USD,https://puckerbuttpeppercompany.com/products/jersey-barnfire-garden-state-green-hot-sauce,False,puckerbuttpeppercompany.com,2026-09-19T11:09:45.470554Z,2026-09-19T14:01:06.545048Z,sauce-names-1,sauce-match-1,rule:sauce-structured-1,shopify,1,2_longtail,,False,0,,single_source:shopify,0,,,v1
sauce:jersey-barnfire|indian-summer,jersey-barnfire,Jersey Barnfire,indian-summer,Indian Summer Hot Sauce,,,,,unknown,https://puckerbuttpeppercompany.com/products/jersey-barnfire-indian-summer-hot-sauce,10.00,USD,https://puckerbuttpeppercompany.com/products/jersey-barnfire-indian-summer-hot-sauce,False,puckerbuttpeppercompany.com,2026-09-19T11:09:45.470554Z,2026-09-19T14:01:06.545048Z,sauce-names-1,sauce-match-1,rule:sauce-structured-1,shopify,1,2_longtail,,False,0,,single_source:shopify,0,,,v1
sauce:jersey-barnfire|original-black-garlic,jersey-barnfire,Jersey Barnfire,original-black-garlic,Original Black Garlic Hot Sauce,,,,,unknown,https://puckerbuttpeppercompany.com/products/jersey-barnfire-original-black-garlic-hot-sauce,8.00,USD,https://puckerbuttpeppercompany.com/products/jersey-barnfire-original-black-garlic-hot-sauce,False,puckerbuttpeppercompany.com,2026-09-19T11:09:45.470554Z,2026-09-19T14:01:06.545048Z,sauce-names-1,sauce-match-1,rule:sauce-structured-1,shopify,1,2_longtail,,False,0,,single_source:shopify,0,,,v1
sauce:jersey-barnfire|ramped-up,jersey-barnfire,Jersey Barnfire,ramped-up,Ramped up,,,,,unknown,https://puckerbuttpeppercompany.com/products/jersey-barnfire-ramped-up,15.00,USD,https://puckerbuttpeppercompany.com/products/jersey-barnfire-ramped-up,False,puckerbuttpeppercompany.com,2026-09-19T11:09:45.470554Z,2026-09-19T14:01:06.545048Z,sauce-names-1,sauce-match-1,rule:sauce-structured-1,shopify,1,2_longtail,,False,0,,single_source:shopify,0,,,v1
sauce:jersey-barnfire|roasted-peach-habanero,jersey-barnfire,Jersey Barnfire,roasted-peach-habanero,Roasted Peach Habanero,,,,,unknown,https://puckerbuttpeppercompany.com/products/jersey-barnfire-roasted-peach-habanero,10.00,USD,https://puckerbuttpeppercompany.com/products/jersey-barnfire-roasted-peach-habanero,False,puckerbuttpeppercompany.com,2026-09-19T11:09:45.470554Z,2026-09-19T14:01:06.545048Z,sauce-names-1,sauce-match-1,rule:sauce-structured-1,shopify,1,2_longtail,,False,0,,single_source:shopify,0,,,v1
sauce:jersey-barnfire|murder-by-primo,jersey-barnfire,Jersey Barnfire,murder-by-primo,Murder By Primo,,,,,unknown,https://puckerbuttpeppercompany.com/products/murder-by-primo,10.00,USD,https://puckerbuttpeppercompany.com/products/murder-by-primo,False,puckerbuttpeppercompany.com,2026-09-19T11:09:45.470554Z,2026-09-19T14:01:06.545048Z,sauce-names-1,sauce-match-1,rule:sauce-structured-1,shopify,1,2_longtail,,False,0,,single_source:shopify,0,,,v1
sauce:jersey-barnfire|ultra-hot-black-garlic,jersey-barnfire,Jersey Barnfire,ultra-hot-black-garlic,Ultra Hot Black Garlic,,,,,unknown,https://puckerbuttpeppercompany.com/products/ultra-hot-black-garlic,15.00,USD,https://puckerbuttpeppercompany.com/products/ultra-hot-black-garlic,False,puckerbuttpeppercompany.com,2026-09-19T11:09:45.470554Z,2026-09-19T14:01:06.545048Z,sauce-names-1,sauce-match-1,rule:sauce-structured-1,shopify,1,2_longtail,,False,0,,single_source:shopify,0,,,v1
sauce:joeys|black-truffle-collection-extremely-limited,joeys,Joeys Hot Sauce,black-truffle-collection-extremely-limited,Black Truffle Collection (Extremely Limited),,,,,retail_listing,https://joeyshotsauce.com/products/black-truffle-collection-extremely-limited,65.97,USD,https://joeyshotsauce.com/products/black-truffle-collection-extremely-limited,True,joeyshotsauce.com,2026-09-19T11:09:45.470554Z,2026-09-19T14:01:06.545048Z,sauce-names-1,sauce-match-1,rule:sauce-structured-1,shopify,1,2_longtail,,False,0,,single_source:shopify,0,,,v1
sauce:joeys|flamethrower-took-bronze-in-the-european-hot-sauce-awards,joeys,Joeys Hot Sauce,flamethrower-took-bronze-in-the-european-hot-sauce-awards,Flamethrower (Took Bronze In The European Hot Sauce Awards),,,,,retail_listing,https://joeyshotsauce.com/products/flame-thrower-1,12.99,USD,https://joeyshotsauce.com/products/flame-thrower-1,True,joeyshotsauce.com,2026-09-19T11:09:45.470554Z,2026-09-19T14:01:06.545048Z,sauce-names-1,sauce-match-1,rule:sauce-structured-1,shopify,1,2_longtail,,False,0,,single_source:shopify,0,,,v1
sauce:joeys|priscilla-the-creeper-took-silver-in-the-european-hot-sauce-awards,joeys,Joeys Hot Sauce,priscilla-the-creeper-took-silver-in-the-european-hot-sauce-awards,Priscilla The Creeper (Took Silver In The European Hot Sauce Awards),,,,,retail_listing,https://joeyshotsauce.com/products/hot-sauce-1,11.99,USD,https://joeyshotsauce.com/products/hot-sauce-1,True,joeyshotsauce.com,2026-09-19T11:09:45.470554Z,2026-09-19T14:01:06.545048Z,sauce-names-1,sauce-match-1,rule:sauce-structured-1,shopify,1,2_longtail,,False,0,,single_source:shopify,0,,,v1
sauce:joeys|joey-s-hot-honey-with-saffron-took-gold-in-the-european-hot-sauce-awards,joeys,Joeys Hot Sauce,joey-s-hot-honey-with-saffron-took-gold-in-the-european-hot-sauce-awards,Joey's Hot Honey With Saffron (Took Gold In The European Hot Sauce Awards),,,,,retail_listing,https://joeyshotsauce.com/products/joeys-hot-honey,15.00,USD,https://joeyshotsauce.com/products/joeys-hot-honey,True,joeyshotsauce.com,2026-09-19T11:09:45.470554Z,2026-09-19T14:01:06.545048Z,sauce-names-1,sauce-match-1,rule:sauce-structured-1,shopify,1,2_longtail,,False,0,,single_source:shopify,0,,,v1
sauce:joeys|lisa-the-truffle-queen-1st-place-screaming-mimi-award-winner,joeys,Joeys Hot Sauce,lisa-the-truffle-queen-1st-place-screaming-mimi-award-winner,Lisa The Truffle Queen (1st Place Screaming MiMi Award Winner),,,,,retail_listing,https://joeyshotsauce.com/products/lisa-the-truffle-queen,18.99,USD,https://joeyshotsauce.com/products/lisa-the-truffle-queen,True,joeyshotsauce.com,2026-09-19T11:09:45.470554Z,2026-09-19T14:01:06.545048Z,sauce-names-1,sauce-match-1,rule:sauce-structured-1,shopify,1,2_longtail,,False,0,,single_source:shopify,0,,,v1
sauce:joeys|mildish-bambino,joeys,Joeys Hot Sauce,mildish-bambino,Mildish Bambino,,,,,retail_listing,https://joeyshotsauce.com/products/mildish-bambino,11.99,USD,https://joeyshotsauce.com/products/mildish-bambino,True,joeyshotsauce.com,2026-09-19T11:09:45.470554Z,2026-09-19T14:01:06.545048Z,sauce-names-1,sauce-match-1,rule:sauce-structured-1,shopify,1,2_longtail,,False,0,,single_source:shopify,0,,,v1
sauce:joeys|velluto-reserve-limited-edition-truffle,joeys,Joeys Hot Sauce,velluto-reserve-limited-edition-truffle,Velluto Reserve | Limited Edition Truffle Hot Sauce,,,,,retail_listing,https://joeyshotsauce.com/products/velluto-reserve-limited-edition-truffle-hot-sauce,24.99,USD,https://joeyshotsauce.com/products/velluto-reserve-limited-edition-truffle-hot-sauce,True,joeyshotsauce.com,2026-09-19T11:09:45.470554Z,2026-09-19T14:01:06.545048Z,sauce-names-1,sauce-match-1,rule:sauce-structured-1,shopify,1,2_longtail,,False,0,,single_source:shopify,0,,,v1
sauce:julz-s-creations|black-lung-pop,julz-s-creations,Julz's Creations,black-lung-pop,"The Black Lung, Pop",,,,,unknown,https://crafthotsauce.com/products/julz-creations-the-black-lung-pop,9.00,USD,https://crafthotsauce.com/products/julz-creations-the-black-lung-pop,False,crafthotsauce.com,2026-09-19T13:52:25.427841Z,2026-09-19T14:01:06.545048Z,sauce-names-1,sauce-match-1,rule:sauce-structured-1,shopify,1,2_longtail,,False,0,,single_source:shopify,0,,,v1
sauce:julz-s-creations|corpse-reviver,julz-s-creations,Julz's Creations,corpse-reviver,Corpse Reviver,,,,,unknown,https://crafthotsauce.com/products/julzs-creations-corpse-reviver,10.00,USD,https://crafthotsauce.com/products/julzs-creations-corpse-reviver,False,crafthotsauce.com,2026-09-19T13:52:25.427841Z,2026-09-19T14:01:06.545048Z,sauce-names-1,sauce-match-1,rule:sauce-structured-1,shopify,1,2_longtail,,False,0,,single_source:shopify,0,,,v1
sauce:julz-s-creations|kind-of-a-big-deal,julz-s-creations,Julz's Creations,kind-of-a-big-deal,Kind of a Big Deal,,,,,unknown,https://crafthotsauce.com/products/julzs-creations-kind-of-a-big-deal,9.00,USD,https://crafthotsauce.com/products/julzs-creations-kind-of-a-big-deal,False,crafthotsauce.com,2026-09-19T13:52:25.427841Z,2026-09-19T14:01:06.545048Z,sauce-names-1,sauce-match-1,rule:sauce-structured-1,shopify,1,2_longtail,,False,0,,single_source:shopify,0,,,v1
sauce:julz-s-creations|mild,julz-s-creations,Julz's Creations,mild,Mild Hot Sauce,,,,,unknown,https://crafthotsauce.com/products/julzs-creations-mild-hot-sauce,8.00,USD,https://crafthotsauce.com/products/julzs-creations-mild-hot-sauce,False,crafthotsauce.com,2026-09-19T13:52:25.427841Z,2026-09-19T14:01:06.545048Z,sauce-names-1,sauce-match-1,rule:sauce-structured-1,shopify,1,2_longtail,,True,3,sauce:always-flavored|mild|sauce:papa-turts|mild|sauce:taco-bell|mild,single_source:shopify,0,,,v1
sauce:julz-s-creations|original,julz-s-creations,Julz's Creations,original,Original,,,,,unknown,https://crafthotsauce.com/products/julzs-creations-original,9.00,USD,https://crafthotsauce.com/products/julzs-creations-original,False,crafthotsauce.com,2026-09-19T13:52:25.427841Z,2026-09-19T14:01:06.545048Z,sauce-names-1,sauce-match-1,rule:sauce-structured-1,shopify,1,2_longtail,,True,23,sauce:82-s|original|sauce:bombanana|original|sauce:bruce|original|sauce:buldak|original|sauce:char-man|original,single_source:shopify,0,,,v1
sauce:julz-s-creations|citrus-bomb-hot-sauce-8-10-heat,julz-s-creations,Julz’s Creations,citrus-bomb-hot-sauce-8-10-heat,Citrus Bomb! Hot Sauce [8/10 heat],,,,,retail_listing,https://julzscreations.com/products/citrus-bomb-hot-sauce-8-10-heat,7.99,USD,https://julzscreations.com/products/citrus-bomb-hot-sauce-8-10-heat,True,julzscreations.com,2026-09-19T11:09:45.470554Z,2026-09-19T14:01:06.545048Z,sauce-names-1,sauce-match-1,rule:sauce-structured-1,shopify,1,2_longtail,,False,0,,single_source:shopify,0,,,v1
sauce:julz-s-creations|clearance-hot-sauces,julz-s-creations,Julz’s Creations,clearance-hot-sauces,Clearance hot sauces!,,,,,retail_listing,https://julzscreations.com/products/clearance-hot-sauces-1,1.50,USD,https://julzscreations.com/products/clearance-hot-sauces-1,True,julzscreations.com,2026-09-19T11:09:45.470554Z,2026-09-19T14:01:06.545048Z,sauce-names-1,sauce-match-1,rule:sauce-structured-1,shopify,1,2_longtail,,False,0,,single_source:shopify,0,,,v1
sauce:julz-s-creations|corpse-reviver-hot-sauce-10-10,julz-s-creations,Julz’s Creations,corpse-reviver-hot-sauce-10-10,Corpse Reviver Hot Sauce [10/10],,,,,retail_listing,https://julzscreations.com/products/corpse-reviver-hot-sauce-10-10,9.00,USD,https://julzscreations.com/products/corpse-reviver-hot-sauce-10-10,True,julzscreations.com,2026-09-19T11:09:45.470554Z,2026-09-19T14:01:06.545048Z,sauce-names-1,sauce-match-1,rule:sauce-structured-1,shopify,1,2_longtail,,False,0,,single_source:shopify,0,,,v1
sauce:julz-s-creations|dragon-s-breath-hot-sauce-11-10-heat,julz-s-creations,Julz’s Creations,dragon-s-breath-hot-sauce-11-10-heat,Dragon's Breath Hot Sauce [11/10 heat],,,,,retail_listing,https://julzscreations.com/products/dragon-s-breath-hot-sauce-11-10-heat,11.99,USD,https://julzscreations.com/products/dragon-s-breath-hot-sauce-11-10-heat,True,julzscreations.com,2026-09-19T11:09:45.470554Z,2026-09-19T14:01:06.545048Z,sauce-names-1,sauce-match-1,rule:sauce-structured-1,shopify,1,2_longtail,,False,0,,single_source:shopify,0,,,v1
sauce:julz-s-creations|antichrist-s-delight-ghost-pepper-hot-sauce-7-10-heat,julz-s-creations,Julz’s Creations,antichrist-s-delight-ghost-pepper-hot-sauce-7-10-heat,Antichrist's Delight {Ghost Pepper) Hot Sauce [7/10 heat],,,,,retail_listing,https://julzscreations.com/products/ghost-pepper-hot-sauce-7-10-heat,5.00,USD,https://julzscreations.com/products/ghost-pepper-hot-sauce-7-10-heat,True,julzscreations.com,2026-09-19T11:09:45.470554Z,2026-09-19T14:01:06.545048Z,sauce-names-1,sauce-match-1,rule:sauce-structured-1,shopify,1,2_longtail,,False,0,,single_source:shopify,0,,,v1
sauce:julz-s-creations|green-eyed-monster-hot-sauce-heat-6-7-10-award-winner,julz-s-creations,Julz’s Creations,green-eyed-monster-hot-sauce-heat-6-7-10-award-winner,Green Eyed Monster Hot Sauce [heat 6-7/10] *Award Winner!*,,,,,retail_listing,https://julzscreations.com/products/green-eyed-monster-hot-sauce-heat-6-7-10,8.00,USD,https://julzscreations.com/products/green-eyed-monster-hot-sauce-heat-6-7-10,True,julzscreations.com,2026-09-19T11:09:45.470554Z,2026-09-19T14:01:06.545048Z,sauce-names-1,sauce-match-1,rule:sauce-structured-1,shopify,1,2_longtail,,False,0,,single_source:shopify,0,,,v1
sauce:julz-s-creations|kind-of-a-big-deal-hot-sauce-4-10-heat-award-winner,julz-s-creations,Julz’s Creations,kind-of-a-big-deal-hot-sauce-4-10-heat-award-winner,Kind of a Big Deal Hot Sauce [4/10 heat] (Award winner!),,,,,retail_listing,https://julzscreations.com/products/kind-of-a-big-deal-hot-sauce-5-10-heat,6.99,USD,https://julzscreations.com/products/kind-of-a-big-deal-hot-sauce-5-10-heat,True,julzscreations.com,2026-09-19T11:09:45.470554Z,2026-09-19T14:01:06.545048Z,sauce-names-1,sauce-match-1,rule:sauce-structured-1,shopify,1,2_longtail,,False,0,,single_source:shopify,0,,,v1
sauce:julz-s-creations|little-mystical-s-tahitian-thunder-hot-sauce-4-10-heat-scovie-award-winner,julz-s-creations,Julz’s Creations,little-mystical-s-tahitian-thunder-hot-sauce-4-10-heat-scovie-award-winner,Little Mystical's Tahitian Thunder Hot Sauce [4/10 heat] *Scovie Award Winner!*,,,,,retail_listing,https://julzscreations.com/products/little-mysticals-tahitian-thunder-hot-sauce,6.99,USD,https://julzscreations.com/products/little-mysticals-tahitian-thunder-hot-sauce,True,julzscreations.com,2026-09-19T11:09:45.470554Z,2026-09-19T14:01:06.545048Z,sauce-names-1,sauce-match-1,rule:sauce-structured-1,shopify,1,2_longtail,,False,0,,single_source:shopify,0,,,v1
sauce:julz-s-creations|mild-hot-sauce-1-10-heat,julz-s-creations,Julz’s Creations,mild-hot-sauce-1-10-heat,Mild Hot Sauce [1/10 heat],,,,,retail_listing,https://julzscreations.com/products/mild-hot-sauce-1-10-heat,5.99,USD,https://julzscreations.com/products/mild-hot-sauce-1-10-heat,True,julzscreations.com,2026-09-19T11:09:45.470554Z,2026-09-19T14:01:06.545048Z,sauce-names-1,sauce-match-1,rule:sauce-structured-1,shopify,1,2_longtail,,False,0,,single_source:shopify,0,,,v1
sauce:julz-s-creations|original-hot-sauce-3-10-heat-winner,julz-s-creations,Julz’s Creations,original-hot-sauce-3-10-heat-winner,Original Hot Sauce [3/10 heat] (WINNER!),,,,,retail_listing,https://julzscreations.com/products/original-hot-sauce-3-10-heat,6.99,USD,https://julzscreations.com/products/original-hot-sauce-3-10-heat,True,julzscreations.com,2026-09-19T11:09:45.470554Z,2026-09-19T14:01:06.545048Z,sauce-names-1,sauce-match-1,rule:sauce-structured-1,shopify,1,2_longtail,,False,0,,single_source:shopify,0,,,v1
sauce:julz-s-creations|reaper-s-scythe-10-10-heat,julz-s-creations,Julz’s Creations,reaper-s-scythe-10-10-heat,Reaper's Scythe [10/10 heat],,,,,retail_listing,https://julzscreations.com/products/reapers-scythe-10-10-heat,10.00,USD,https://julzscreations.com/products/reapers-scythe-10-10-heat,True,julzscreations.com,2026-09-19T11:09:45.470554Z,2026-09-19T14:01:06.545048Z,sauce-names-1,sauce-match-1,rule:sauce-structured-1,shopify,1,2_longtail,,False,0,,single_source:shopify,0,,,v1
sauce:julz-s-creations|scorpion-stinger-hot-sauce-9-10-heat-award-winner,julz-s-creations,Julz’s Creations,scorpion-stinger-hot-sauce-9-10-heat-award-winner,Scorpion Stinger Hot Sauce [9/10 heat *Award Winner!],,,,,retail_listing,https://julzscreations.com/products/scorpion-stinger-hot-sauce-9-10-heat,7.99,USD,https://julzscreations.com/products/scorpion-stinger-hot-sauce-9-10-heat,True,julzscreations.com,2026-09-19T11:09:45.470554Z,2026-09-19T14:01:06.545048Z,sauce-names-1,sauce-match-1,rule:sauce-structured-1,shopify,1,2_longtail,,False,0,,single_source:shopify,0,,,v1
sauce:julz-s-creations|black-lung-pop-hot-sauce-1-10-heat,julz-s-creations,Julz’s Creations,black-lung-pop-hot-sauce-1-10-heat,"The Black Lung, Pop Hot Sauce [1/10 heat]",,,,,retail_listing,https://julzscreations.com/products/the-black-lung-pop-hot-sauce-1-10-heat,5.99,USD,https://julzscreations.com/products/the-black-lung-pop-hot-sauce-1-10-heat,True,julzscreations.com,2026-09-19T11:09:45.470554Z,2026-09-19T14:01:06.545048Z,sauce-names-1,sauce-match-1,rule:sauce-structured-1,shopify,1,2_longtail,,False,0,,single_source:shopify,0,,,v1
sauce:julz-s-creations|devil-s-backdoor-trots-hot-sauce-9-10-heat,julz-s-creations,Julz’s Creations,devil-s-backdoor-trots-hot-sauce-9-10-heat,The Devil's Backdoor Trots Hot Sauce [9/10 heat],,,,,unknown,https://julzscreations.com/products/the-devils-backdoor-trots-hot-sauce-9-10-heat,7.99,USD,https://julzscreations.com/products/the-devils-backdoor-trots-hot-sauce-9-10-heat,False,julzscreations.com,2026-09-19T11:09:45.470554Z,2026-09-19T14:01:06.545048Z,sauce-names-1,sauce-match-1,rule:sauce-structured-1,shopify,1,2_longtail,,False,0,,single_source:shopify,0,,,v1
sauce:jumpin-jack-s|hot-pepper-butter,jumpin-jack-s,Jumpin' Jack's,hot-pepper-butter,Hot Pepper Butter,,,,,retail_listing,https://deepforkfoods.com/products/jumpin-jack,10.00,USD,https://deepforkfoods.com/products/jumpin-jack,True,deepforkfoods.com,2026-09-19T11:09:45.470554Z,2026-09-19T14:01:06.545048Z,sauce-names-1,sauce-match-1,rule:sauce-structured-1,shopify,1,2_longtail,,False,0,,single_source:shopify,0,,,v1
sauce:jumpin-jack-s|hoppin-habanero,jumpin-jack-s,Jumpin' Jack's,hoppin-habanero,Hoppin' Habanero Hot Sauce,,,,,unknown,https://deepforkfoods.com/products/jumpin-jacks-hoppin-habanero-hot-sauce,7.00,USD,https://deepforkfoods.com/products/jumpin-jacks-hoppin-habanero-hot-sauce,False,deepforkfoods.com,2026-09-19T11:09:45.470554Z,2026-09-19T14:01:06.545048Z,sauce-names-1,sauce-match-1,rule:sauce-structured-1,shopify,1,2_longtail,,False,0,,single_source:shopify,0,,,v1
sauce:jumpin-jack-s|kickin-cayenne,jumpin-jack-s,Jumpin' Jack's,kickin-cayenne,Kickin' Cayenne Hot Sauce,,,,,retail_listing,https://deepforkfoods.com/products/jumpin-jacks-hot-sauce,7.00,USD,https://deepforkfoods.com/products/jumpin-jacks-hot-sauce,True,deepforkfoods.com,2026-09-19T11:09:45.470554Z,2026-09-19T14:01:06.545048Z,sauce-names-1,sauce-match-1,rule:sauce-structured-1,shopify,1,2_longtail,,False,0,,single_source:shopify,0,,,v1
sauce:jumpin-jack-s|medium-pepper-butter,jumpin-jack-s,Jumpin' Jack's,medium-pepper-butter,Medium Pepper Butter,,,,,unknown,https://deepforkfoods.com/products/jumpin-jacks-medium-pepper-butter,10.00,USD,https://deepforkfoods.com/products/jumpin-jacks-medium-pepper-butter,False,deepforkfoods.com,2026-09-19T11:09:45.470554Z,2026-09-19T14:01:06.545048Z,sauce-names-1,sauce-match-1,rule:sauce-structured-1,shopify,1,2_longtail,,False,0,,single_source:shopify,0,,,v1
sauce:jumpin-jack-s|mild-pepper-butter,jumpin-jack-s,Jumpin' Jack's,mild-pepper-butter,Mild Pepper Butter,,,,,unknown,https://deepforkfoods.com/products/jumpin-jacks-pepper-butter-copy,10.00,USD,https://deepforkfoods.com/products/jumpin-jacks-pepper-butter-copy,False,deepforkfoods.com,2026-09-19T11:09:45.470554Z,2026-09-19T14:01:06.545048Z,sauce-names-1,sauce-match-1,rule:sauce-structured-1,shopify,1,2_longtail,,False,0,,single_source:shopify,0,,,v1
sauce:k|k-sauce-k-1-original,k,K Sauce,k-sauce-k-1-original,K-Sauce - K-1 Original,,,,,unknown,https://crafthotsauce.com/products/k-1,9.00,USD,https://crafthotsauce.com/products/k-1,False,crafthotsauce.com,2026-09-19T13:52:25.427841Z,2026-09-19T14:01:06.545048Z,sauce-names-1,sauce-match-1,rule:sauce-structured-1,shopify,1,2_longtail,,False,0,,single_source:shopify,0,,,v1
sauce:k|k-sauce-k-2-mean-green,k,K Sauce,k-sauce-k-2-mean-green,K-Sauce - K-2 Mean Green,,,,,unknown,https://crafthotsauce.com/products/k-2,8.50,USD,https://crafthotsauce.com/products/k-2,False,crafthotsauce.com,2026-09-19T13:52:25.427841Z,2026-09-19T14:01:06.545048Z,sauce-names-1,sauce-match-1,rule:sauce-structured-1,shopify,1,2_longtail,,False,0,,single_source:shopify,0,,,v1
sauce:k|k-sauce-k-3-be-afraid,k,K Sauce,k-sauce-k-3-be-afraid,K-Sauce - K-3 Be Afraid!,,,,,unknown,https://crafthotsauce.com/products/k-3,8.50,USD,https://crafthotsauce.com/products/k-3,False,crafthotsauce.com,2026-09-19T13:52:25.427841Z,2026-09-19T14:01:06.545048Z,sauce-names-1,sauce-match-1,rule:sauce-structured-1,shopify,1,2_longtail,,False,0,,single_source:shopify,0,,,v1
sauce:k|k-sauce-k-5-chipotle,k,K Sauce,k-sauce-k-5-chipotle,K-Sauce - K-5 Chipotle,,,,,unknown,https://crafthotsauce.com/products/k-5,9.00,USD,https://crafthotsauce.com/products/k-5,False,crafthotsauce.com,2026-09-19T13:52:25.427841Z,2026-09-19T14:01:06.545048Z,sauce-names-1,sauce-match-1,rule:sauce-structured-1,shopify,1,2_longtail,,False,0,,single_source:shopify,0,,,v1
sauce:k|k-sauce-k-6-salsa-brava,k,K Sauce,k-sauce-k-6-salsa-brava,K-Sauce - K-6 Salsa Brava,,,,,unknown,https://crafthotsauce.com/products/k-6,8.50,USD,https://crafthotsauce.com/products/k-6,False,crafthotsauce.com,2026-09-19T13:52:25.427841Z,2026-09-19T14:01:06.545048Z,sauce-names-1,sauce-match-1,rule:sauce-structured-1,shopify,1,2_longtail,,False,0,,single_source:shopify,0,,,v1
sauce:karma|bad-karma,karma,Karma Sauce,bad-karma,Bad Karma,,,,,unknown,https://crafthotsauce.com/products/bad-karma,9.00,USD,https://crafthotsauce.com/products/bad-karma,False,crafthotsauce.com,2026-09-19T13:52:25.427841Z,2026-09-19T14:01:06.545048Z,sauce-names-1,sauce-match-1,rule:sauce-structured-1,shopify,1,2_longtail,,False,0,,single_source:shopify,0,,,v1
sauce:karma|burn-after-eating,karma,Karma Sauce,burn-after-eating,Burn After Eating,,,,,retail_listing,https://karmasauce.com/products/burn-after-eating,14.50,USD,https://crafthotsauce.com/products/burn-after-eating,True,crafthotsauce.com,2026-09-19T11:09:45.470554Z,2026-09-19T14:01:06.545048Z,sauce-names-1,sauce-match-1,rule:sauce-structured-1,shopify,1,2_longtail,,False,0,,single_source:shopify,0,,,v1
sauce:karma|carnival,karma,Karma Sauce,carnival,Carnival,,,,,retail_listing,https://karmasauce.com/products/carnival,12.00,USD,https://crafthotsauce.com/products/carnival,True,crafthotsauce.com,2026-09-19T11:09:45.470554Z,2026-09-19T14:01:06.545048Z,sauce-names-1,sauce-match-1,rule:sauce-structured-1,shopify,1,2_longtail,,False,0,,single_source:shopify,0,,,v1
sauce:karma|funken-hot,karma,Karma Sauce,funken-hot,Funken Hot,,,,,unknown,https://crafthotsauce.com/products/funken-hot,10.50,USD,https://crafthotsauce.com/products/funken-hot,False,crafthotsauce.com,2026-09-19T13:52:25.427841Z,2026-09-19T14:01:06.545048Z,sauce-names-1,sauce-match-1,rule:sauce-structured-1,shopify,1,2_longtail,,False,0,,single_source:shopify,0,,,v1
sauce:karma|huhu-pina,karma,Karma Sauce,huhu-pina,Huhū Piña,,,,,unknown,https://crafthotsauce.com/products/huha-pina,8.00,USD,https://crafthotsauce.com/products/huha-pina,False,crafthotsauce.com,2026-09-19T13:52:25.427841Z,2026-09-19T14:01:06.545048Z,sauce-names-1,sauce-match-1,rule:sauce-structured-1,shopify,1,2_longtail,,False,0,,single_source:shopify,0,,,v1
sauce:karma|it-s-tuesday-somewhere,karma,Karma Sauce,it-s-tuesday-somewhere,It's Tuesday Somewhere,,,,,unknown,https://crafthotsauce.com/products/its-tuesday-somewhere,8.00,USD,https://crafthotsauce.com/products/its-tuesday-somewhere,False,crafthotsauce.com,2026-09-19T13:52:25.427841Z,2026-09-19T14:01:06.545048Z,sauce-names-1,sauce-match-1,rule:sauce-structured-1,shopify,1,2_longtail,,False,0,,single_source:shopify,0,,,v1
sauce:karma|smokey-karma,karma,Karma Sauce,smokey-karma,Smokey Karma,,,,,unknown,https://crafthotsauce.com/products/smokey-karma,8.00,USD,https://crafthotsauce.com/products/smokey-karma,False,crafthotsauce.com,2026-09-19T13:52:25.427841Z,2026-09-19T14:01:06.545048Z,sauce-names-1,sauce-match-1,rule:sauce-structured-1,shopify,1,2_longtail,,False,0,,single_source:shopify,0,,,v1
sauce:karma|funken-yellow-yellow-moruga-edition-karma-sauce-c,karma,Karma Sauce,funken-yellow-yellow-moruga-edition-karma-sauce-c,Funken Yellow - Yellow Moruga Edition | Karma Sauce -C,,,,,retail_listing,https://heatonist.com/products/funken-yellow-yellow-moruga-edition-karma-sauce-c,8.00,USD,https://heatonist.com/products/funken-yellow-yellow-moruga-edition-karma-sauce-c,True,heatonist.com,2026-09-19T11:09:45.470554Z,2026-09-19T14:01:06.545048Z,sauce-names-1,sauce-match-1,rule:sauce-structured-1,shopify,1,2_longtail,,False,0,,single_source:shopify,0,,,v1
sauce:karma|funken-yellow-yellow-moruga-edition,karma,Karma Sauce,funken-yellow-yellow-moruga-edition,Funken Yellow - Yellow Moruga Edition,,,,,retail_listing,https://heatonist.com/products/karma-sauce-funken-yellow-moruga-edition-hot-sauce,16.00,USD,https://heatonist.com/products/karma-sauce-funken-yellow-moruga-edition-hot-sauce,True,heatonist.com,2026-09-19T11:09:45.470554Z,2026-09-19T14:01:06.545048Z,sauce-names-1,sauce-match-1,rule:sauce-structured-1,shopify,1,2_longtail,,False,0,,single_source:shopify,0,,,v1
sauce:karma|lift-off-karma-sauce-c,karma,Karma Sauce,lift-off-karma-sauce-c,Lift Off | Karma Sauce-C,,,,,retail_listing,https://heatonist.com/products/lift-off-karma-sauce-c,7.15,USD,https://heatonist.com/products/lift-off-karma-sauce-c,True,heatonist.com,2026-09-19T11:09:45.470554Z,2026-09-19T14:01:06.545048Z,sauce-names-1,sauce-match-1,rule:sauce-structured-1,shopify,1,2_longtail,,False,0,,single_source:shopify,0,,,v1
sauce:karma|golden-chile-kit,karma,Karma Sauce,golden-chile-kit,Golden Chile Kit,,,,,retail_listing,https://karmasauce.com/products/2023-golden-chile-kit,42.99,USD,https://karmasauce.com/products/2023-golden-chile-kit,True,karmasauce.com,2026-09-19T11:09:45.470554Z,2026-09-19T14:01:06.545048Z,sauce-names-1,sauce-match-1,rule:sauce-structured-1,shopify,1,2_longtail,,False,0,,single_source:shopify,0,,,v1
sauce:karma|ashes-2-ashes,karma,Karma Sauce,ashes-2-ashes,Ashes 2 Ashes,,,,,retail_listing,https://karmasauce.com/products/ashes-2-ashes,14.00,USD,https://karmasauce.com/products/ashes-2-ashes,True,karmasauce.com,2026-09-19T11:09:45.470554Z,2026-09-19T14:01:06.545048Z,sauce-names-1,sauce-match-1,rule:sauce-structured-1,shopify,1,2_longtail,,False,0,,single_source:shopify,0,,,v1
sauce:karma|bad,karma,Karma Sauce,bad,Bad,,,,,retail_listing,https://karmasauce.com/products/bad-karma-sauce,7.00,USD,https://karmasauce.com/products/bad-karma-sauce,True,karmasauce.com,2026-09-19T11:09:45.470554Z,2026-09-19T14:01:06.545048Z,sauce-names-1,sauce-match-1,rule:sauce-structured-1,shopify,1,2_longtail,,False,0,,single_source:shopify,0,,,v1
sauce:karma|cherry-bomb,karma,Karma Sauce,cherry-bomb,Cherry Bomb,,,,,retail_listing,https://karmasauce.com/products/cherry-bomb,9.00,USD,https://karmasauce.com/products/cherry-bomb,True,karmasauce.com,2026-09-19T11:09:45.470554Z,2026-09-19T14:01:06.545048Z,sauce-names-1,sauce-match-1,rule:sauce-structured-1,shopify,1,2_longtail,,True,1,sauce:beth-s-farm-kitchen|cherry-bomb,single_source:shopify,0,,,v1
sauce:karma|cosmic-disco,karma,Karma Sauce,cosmic-disco,Cosmic Disco,,,,,retail_listing,https://karmasauce.com/products/cosmic-disco,12.00,USD,https://karmasauce.com/products/cosmic-disco,True,karmasauce.com,2026-09-19T11:09:45.470554Z,2026-09-19T14:01:06.545048Z,sauce-names-1,sauce-match-1,rule:sauce-structured-1,shopify,1,2_longtail,,False,0,,single_source:shopify,0,,,v1
sauce:karma|curry,karma,Karma Sauce,curry,Curry,,,,,retail_listing,https://karmasauce.com/products/curry-karma-sauce-r,7.00,USD,https://karmasauce.com/products/curry-karma-sauce-r,True,karmasauce.com,2026-09-19T11:09:45.470554Z,2026-09-19T14:01:06.545048Z,sauce-names-1,sauce-match-1,rule:sauce-structured-1,shopify,1,2_longtail,,False,0,,single_source:shopify,0,,,v1
sauce:karma|eat-local-hot-picks,karma,Karma Sauce,eat-local-hot-picks,Eat Local - Hot Picks,,,,,retail_listing,https://karmasauce.com/products/eat-local-hot-picks,35.00,USD,https://karmasauce.com/products/eat-local-hot-picks,True,karmasauce.com,2026-09-19T11:09:45.470554Z,2026-09-19T14:01:06.545048Z,sauce-names-1,sauce-match-1,rule:sauce-structured-1,shopify,1,2_longtail,,False,0,,single_source:shopify,0,,,v1
sauce:karma|extreme,karma,Karma Sauce,extreme,Extreme,,,,,retail_listing,https://karmasauce.com/products/extreme-karma-sauce,13.00,USD,https://karmasauce.com/products/extreme-karma-sauce,True,karmasauce.com,2026-09-19T11:09:45.470554Z,2026-09-19T14:01:06.545048Z,sauce-names-1,sauce-match-1,rule:sauce-structured-1,shopify,1,2_longtail,,True,1,sauce:branford-s-originals|extreme,single_source:shopify,0,,,v1
sauce:karma|funken-hot-yellow-moruga,karma,Karma Sauce,funken-hot-yellow-moruga,Funken Hot Yellow Moruga,,,,,retail_listing,https://karmasauce.com/products/funken-hot-yellow-moruga-edition,15.00,USD,https://karmasauce.com/products/funken-hot-yellow-moruga-edition,True,karmasauce.com,2026-09-19T11:09:45.470554Z,2026-09-19T14:01:06.545048Z,sauce-names-1,sauce-match-1,rule:sauce-structured-1,shopify,1,2_longtail,,False,0,,single_source:shopify,0,,,v1
sauce:karma|ghost-island,karma,Karma Sauce,ghost-island,Ghost Island,,,,,retail_listing,https://karmasauce.com/products/ghost-island,9.00,USD,https://karmasauce.com/products/ghost-island,True,karmasauce.com,2026-09-19T11:09:45.470554Z,2026-09-19T14:01:06.545048Z,sauce-names-1,sauce-match-1,rule:sauce-structured-1,shopify,1,2_longtail,,False,0,,single_source:shopify,0,,,v1
sauce:karma|good,karma,Karma Sauce,good,Good,,,,,retail_listing,https://karmasauce.com/products/good-karma-sauce,7.00,USD,https://karmasauce.com/products/good-karma-sauce,True,karmasauce.com,2026-09-19T11:09:45.470554Z,2026-09-19T14:01:06.545048Z,sauce-names-1,sauce-match-1,rule:sauce-structured-1,shopify,1,2_longtail,,False,0,,single_source:shopify,0,,,v1
sauce:karma|hole-mole,karma,Karma Sauce,hole-mole,Hole Mole,,,,,retail_listing,https://karmasauce.com/products/hole-mole,9.00,USD,https://karmasauce.com/products/hole-mole,True,karmasauce.com,2026-09-19T11:09:45.470554Z,2026-09-19T14:01:06.545048Z,sauce-names-1,sauce-match-1,rule:sauce-structured-1,shopify,1,2_longtail,,False,0,,single_source:shopify,0,,,v1
sauce:karma|hot-ones-heavyweight-kit,karma,Karma Sauce,hot-ones-heavyweight-kit,Hot Ones Heavyweight Kit,,,,,retail_listing,https://karmasauce.com/products/hot-ones-heavyweight-kit,32.99,USD,https://karmasauce.com/products/hot-ones-heavyweight-kit,True,karmasauce.com,2026-09-19T11:09:45.470554Z,2026-09-19T14:01:06.545048Z,sauce-names-1,sauce-match-1,rule:sauce-structured-1,shopify,1,2_longtail,,False,0,,single_source:shopify,0,,,v1
sauce:karma|huhu-diablo,karma,Karma Sauce,huhu-diablo,Huhu Diablo,,,,,retail_listing,https://karmasauce.com/products/huhu-diablo,9.00,USD,https://karmasauce.com/products/huhu-diablo,True,karmasauce.com,2026-09-19T11:09:45.470554Z,2026-09-19T14:01:06.545048Z,sauce-names-1,sauce-match-1,rule:sauce-structured-1,shopify,1,2_longtail,,False,0,,single_source:shopify,0,,,v1
sauce:karma|lift-off,karma,Karma Sauce,lift-off,Lift Off,,,,,retail_listing,https://karmasauce.com/products/lift-off,8.00,USD,https://karmasauce.com/products/lift-off,True,karmasauce.com,2026-09-19T11:09:45.470554Z,2026-09-19T14:01:06.545048Z,sauce-names-1,sauce-match-1,rule:sauce-structured-1,shopify,1,2_longtail,,False,0,,single_source:shopify,0,,,v1
sauce:karma|scorpion-disco,karma,Karma Sauce,scorpion-disco,Scorpion Disco,,,,,retail_listing,https://karmasauce.com/products/scorpion-disco,12.00,USD,https://karmasauce.com/products/scorpion-disco,True,karmasauce.com,2026-09-19T11:09:45.470554Z,2026-09-19T14:01:06.545048Z,sauce-names-1,sauce-match-1,rule:sauce-structured-1,shopify,1,2_longtail,,False,0,,single_source:shopify,0,,,v1
sauce:karma|smokey,karma,Karma Sauce,smokey,Smokey,,,,,retail_listing,https://karmasauce.com/products/smokey-karma-sauce-r,7.00,USD,https://karmasauce.com/products/smokey-karma-sauce-r,True,karmasauce.com,2026-09-19T11:09:45.470554Z,2026-09-19T14:01:06.545048Z,sauce-names-1,sauce-match-1,rule:sauce-structured-1,shopify,1,2_longtail,,True,1,sauce:|smokey,single_source:shopify,0,,,v1
sauce:karma|splash-down,karma,Karma Sauce,splash-down,Splash Down,,,,,retail_listing,https://karmasauce.com/products/splash-down,8.00,USD,https://karmasauce.com/products/splash-down,True,karmasauce.com,2026-09-19T11:09:45.470554Z,2026-09-19T14:01:06.545048Z,sauce-names-1,sauce-match-1,rule:sauce-structured-1,shopify,1,2_longtail,,False,0,,single_source:shopify,0,,,v1
sauce:keith-s|chicken-burger-hot-sauce-duo-pack,keith-s,Keith's,chicken-burger-hot-sauce-duo-pack,Chicken & Burger Hot Sauce Duo Pack,,,,,retail_listing,https://heatonist.com/products/keiths-chicken-burger-hot-sauce-duo,24.00,USD,https://heatonist.com/products/keiths-chicken-burger-hot-sauce-duo,True,heatonist.com,2026-09-19T11:09:45.470554Z,2026-09-19T14:01:06.545048Z,sauce-names-1,sauce-match-1,rule:sauce-structured-1,shopify,1,2_longtail,,False,0,,single_source:shopify,0,,,v1
sauce:keith-s|chicken-sauce-hot-sauce-duo-pack-keith-s,keith-s,Keith's,chicken-sauce-hot-sauce-duo-pack-keith-s,Chicken Sauce Hot Sauce Duo Pack | Keith's,,,,,retail_listing,https://heatonist.com/products/keiths-chicken-sauce-duo-pack,24.00,USD,https://heatonist.com/products/keiths-chicken-sauce-duo-pack,True,heatonist.com,2026-09-19T11:09:45.470554Z,2026-09-19T14:01:06.545048Z,sauce-names-1,sauce-match-1,rule:sauce-structured-1,shopify,1,2_longtail,,False,0,,single_source:shopify,0,,,v1
sauce:keith-s|lasagna-sauce-keith-s,keith-s,Keith's,lasagna-sauce-keith-s,Lasagna Sauce | Keith's,,,,,unknown,https://heatonist.com/products/keiths-lasagna-sauce-keiths,12.00,USD,https://heatonist.com/products/keiths-lasagna-sauce-keiths,False,heatonist.com,2026-09-19T11:09:45.470554Z,2026-09-19T14:01:06.545048Z,sauce-names-1,sauce-match-1,rule:sauce-structured-1,shopify,1,2_longtail,,False,0,,single_source:shopify,0,,,v1
sauce:keith-s|steak-sauce-keith-s,keith-s,Keith's,steak-sauce-keith-s,Steak Sauce | Keith's,,,,,retail_listing,https://heatonist.com/products/keiths-steak-sauce-keiths,12.00,USD,https://heatonist.com/products/keiths-steak-sauce-keiths,True,heatonist.com,2026-09-19T11:09:45.470554Z,2026-09-19T14:01:06.545048Z,sauce-names-1,sauce-match-1,rule:sauce-structured-1,shopify,1,2_longtail,,False,0,,single_source:shopify,0,,,v1
sauce:keith-s|hot-sauce-trio-pack,keith-s,Keith's,hot-sauce-trio-pack,Hot Sauce Trio Pack,,,,,retail_listing,https://heatonist.com/products/try-guys-keiths-hot-sauce-trio-pack,33.00,USD,https://heatonist.com/products/try-guys-keiths-hot-sauce-trio-pack,True,heatonist.com,2026-09-19T11:09:45.470554Z,2026-09-19T14:01:06.545048Z,sauce-names-1,sauce-match-1,rule:sauce-structured-1,shopify,1,2_longtail,,False,0,,single_source:shopify,0,,,v1
sauce:kitchen-garden-farm|ghost-pepper-sriracha,kitchen-garden-farm,Kitchen Garden Farm,ghost-pepper-sriracha,Ghost Pepper Sriracha,,,,,unknown,https://crafthotsauce.com/products/ghost-pepper-sriracha,12.00,USD,https://crafthotsauce.com/products/ghost-pepper-sriracha,False,crafthotsauce.com,2026-09-19T13:52:25.427841Z,2026-09-19T14:01:06.545048Z,sauce-names-1,sauce-match-1,rule:sauce-structured-1,shopify,1,2_longtail,,True,1,sauce:yellowbird|ghost-pepper-sriracha,single_source:shopify,0,,,v1
sauce:kitchen-garden-farm|habanero-sriracha,kitchen-garden-farm,Kitchen Garden Farm,habanero-sriracha,Habanero Sriracha,,,,,unknown,https://crafthotsauce.com/products/habanero-sriracha,9.00,USD,https://crafthotsauce.com/products/habanero-sriracha,False,crafthotsauce.com,2026-09-19T13:52:25.427841Z,2026-09-19T14:01:06.545048Z,sauce-names-1,sauce-match-1,rule:sauce-structured-1,shopify,1,2_longtail,,False,0,,single_source:shopify,0,,,v1
sauce:kitchen-garden-farm|sriracha-chili,kitchen-garden-farm,Kitchen Garden Farm,sriracha-chili,Sriracha Chili Sauce,,,,,unknown,https://crafthotsauce.com/products/sriracha-chili-sauce,9.00,USD,https://crafthotsauce.com/products/sriracha-chili-sauce,False,crafthotsauce.com,2026-09-19T13:52:25.427841Z,2026-09-19T14:01:06.545048Z,sauce-names-1,sauce-match-1,rule:sauce-structured-1,shopify,1,2_longtail,,True,17,sauce:allied-old-english|sun-luck-sriracha-chili|sauce:american-roland|sriracha-chili|sauce:chung-chun|sriracha-chili|sauce:clover-valley|sriracha-chili|sauce:dynasty|sriracha,single_source:shopify,0,,,v1
sauce:klowns-on-fire|passion-of-the-dragon,klowns-on-fire,Klowns On Fire,passion-of-the-dragon,Passion of the Dragon Hot Sauce,,,,,unknown,https://heathotsauce.com/products/passion-of-the-dragon-hot-sauce,11.99,USD,https://heathotsauce.com/products/passion-of-the-dragon-hot-sauce,False,heathotsauce.com,2026-09-19T13:52:25.427841Z,2026-09-19T14:01:06.545048Z,sauce-names-1,sauce-match-1,rule:sauce-structured-1,shopify,1,2_longtail,,False,0,,single_source:shopify,0,,,v1
sauce:korn|here-to-slay-hot-sauce-c,korn,Korn,here-to-slay-hot-sauce-c,| Here to Slay Hot Sauce -C,,,,,unknown,https://heatonist.com/products/korn-born-to-slay-hot-sauce-c,12.00,USD,https://heatonist.com/products/korn-born-to-slay-hot-sauce-c,False,heatonist.com,2026-09-19T11:09:45.470554Z,2026-09-19T14:01:06.545048Z,sauce-names-1,sauce-match-1,rule:sauce-structured-1,shopify,1,2_longtail,,False,0,,single_source:shopify,0,,,v1
sauce:korn|here-to-slay,korn,Korn,here-to-slay,Here to Slay Hot Sauce,,,,,unknown,https://heatonist.com/products/korn-here-to-slay-hot-sauce,9.00,USD,https://heatonist.com/products/korn-here-to-slay-hot-sauce,False,heatonist.com,2026-09-19T11:09:45.470554Z,2026-09-19T14:01:06.545048Z,sauce-names-1,sauce-match-1,rule:sauce-structured-1,shopify,1,2_longtail,,False,0,,single_source:shopify,0,,,v1
sauce:la-pimenterie|hot-bergine-good-heat,la-pimenterie,La Pimenterie,hot-bergine-good-heat,Hot Bergine | Good Heat,,,,,retail_listing,https://heatonist.com/products/hot-bergine-good-heat,12.00,USD,https://heatonist.com/products/hot-bergine-good-heat,True,heatonist.com,2026-09-19T11:09:45.470554Z,2026-09-19T14:01:06.545048Z,sauce-names-1,sauce-match-1,rule:sauce-structured-1,shopify,1,2_longtail,,True,1,sauce:hot-ones|hot-bergine-good-heat,single_source:shopify,0,,,v1
sauce:la-pimenterie|funky-franc,la-pimenterie,La Pimenterie,funky-franc,Funky Franc,,,,,retail_listing,https://heatonist.com/products/la-pimenterie-funky-franc,14.00,USD,https://heatonist.com/products/la-pimenterie-funky-franc,True,heatonist.com,2026-09-19T11:09:45.470554Z,2026-09-19T14:01:06.545048Z,sauce-names-1,sauce-match-1,rule:sauce-structured-1,shopify,1,2_longtail,,False,0,,single_source:shopify,0,,,v1
sauce:laurel-urban-farms|pink-panther,laurel-urban-farms,Laurel Urban Farms,pink-panther,Pink Panther Sauce,,,,,retail_listing,https://heathotsauce.com/products/pink-panther-sauce,10.99,USD,https://heathotsauce.com/products/pink-panther-sauce,True,heathotsauce.com,2026-09-19T13:52:25.427841Z,2026-09-19T14:01:06.545048Z,sauce-names-1,sauce-match-1,rule:sauce-structured-1,shopify,1,2_longtail,,False,0,,single_source:shopify,0,,,v1
sauce:ledwon-s|man-o-war,ledwon-s,Ledwon's Sauce Company,man-o-war,Man O'War Hot Sauce,,,,,retail_listing,https://heathotsauce.com/products/man-o-war-hot-sauce,11.99,USD,https://heathotsauce.com/products/man-o-war-hot-sauce,True,heathotsauce.com,2026-09-19T13:52:25.427841Z,2026-09-19T14:01:06.545048Z,sauce-names-1,sauce-match-1,rule:sauce-structured-1,shopify,1,2_longtail,,False,0,,single_source:shopify,0,,,v1
sauce:little-dick-s|ghost-pepper-pear,little-dick-s,Little Dick's,ghost-pepper-pear,Ghost Pepper Pear,,,,,retail_listing,https://heatonist.com/products/ghost-pepper-pear-little-dicks,8.99,USD,https://heatonist.com/products/ghost-pepper-pear-little-dicks,True,heatonist.com,2026-09-19T11:09:45.470554Z,2026-09-19T14:01:06.545048Z,sauce-names-1,sauce-match-1,rule:sauce-structured-1,shopify,1,2_longtail,,False,0,,single_source:shopify,0,,,v1
sauce:little-dick-s|ghost-pepper-pear-little-dick-s-c,little-dick-s,Little Dick's,ghost-pepper-pear-little-dick-s-c,Ghost Pepper Pear | Little Dick's -C,,,,,retail_listing,https://heatonist.com/products/ghost-pepper-pear-little-dicks-c,12.00,USD,https://heatonist.com/products/ghost-pepper-pear-little-dicks-c,True,heatonist.com,2026-09-19T11:09:45.470554Z,2026-09-19T14:01:06.545048Z,sauce-names-1,sauce-match-1,rule:sauce-structured-1,shopify,1,2_longtail,,False,0,,single_source:shopify,0,,,v1
sauce:little-dick-s|habanero-peach,little-dick-s,Little Dick's,habanero-peach,Habanero Peach,,,,,retail_listing,https://heatonist.com/products/habanero-peach-hot-sauce-little-dicks,12.00,USD,https://heatonist.com/products/habanero-peach-hot-sauce-little-dicks,True,heatonist.com,2026-09-19T11:09:45.470554Z,2026-09-19T14:01:06.545048Z,sauce-names-1,sauce-match-1,rule:sauce-structured-1,shopify,1,2_longtail,,False,0,,single_source:shopify,0,,,v1
sauce:loounie-cuisine|loounie-magic,loounie-cuisine,Loounie Cuisine,loounie-magic,Loounie Magic Sauce,,,,,retail_listing,https://heathotsauce.com/products/loounie-magic-sauce,11.99,USD,https://heathotsauce.com/products/loounie-magic-sauce,True,heathotsauce.com,2026-09-19T13:52:25.427841Z,2026-09-19T14:01:06.545048Z,sauce-names-1,sauce-match-1,rule:sauce-structured-1,shopify,1,2_longtail,,False,0,,single_source:shopify,0,,,v1
sauce:lucky-dog|black-label-special-reserve,lucky-dog,Lucky Dog Hot Sauce,black-label-special-reserve,Black Label Special Reserve,,,,,retail_listing,https://heathotsauce.com/products/black-label-special-reserve,11.99,USD,https://heathotsauce.com/products/black-label-special-reserve,True,heathotsauce.com,2026-09-19T13:52:25.427841Z,2026-09-19T14:01:06.545048Z,sauce-names-1,sauce-match-1,rule:sauce-structured-1,shopify,1,2_longtail,,False,0,,single_source:shopify,0,,,v1
sauce:lucky-dog|black-label-special-reserve-fire-roasted-jalapeno-t-scorpion-mash-ghost-pepper-with-figs-apples,lucky-dog,Lucky Dog,black-label-special-reserve-fire-roasted-jalapeno-t-scorpion-mash-ghost-pepper-with-figs-apples,"Black Label Special Reserve - Fire-Roasted Jalapeño, T. Scorpion mash, Ghost Pepper, with Figs & Apples",5 Oz,,,,retail_listing,https://luckydoghotsauce.com/products/black-label-special-reserve,10.99,USD,https://luckydoghotsauce.com/products/black-label-special-reserve,True,luckydoghotsauce.com,2026-09-19T11:09:45.470554Z,2026-09-19T14:01:06.545048Z,sauce-names-1,sauce-match-1,rule:sauce-structured-1,shopify,1,2_longtail,,False,0,,single_source:shopify,0,,,v1
sauce:lucky-dog|chrome-mandarin-orange-red-savina-habanero-w-drake-s-1500-dry-hopped-pale-ale,lucky-dog,Lucky Dog,chrome-mandarin-orange-red-savina-habanero-w-drake-s-1500-dry-hopped-pale-ale,"Chrome - Mandarin Orange, Red Savina Habanero w/Drake's 1500 Dry Hopped Pale Ale",5 Oz,,,,retail_listing,https://luckydoghotsauce.com/products/chrome-5-oz,10.99,USD,https://luckydoghotsauce.com/products/chrome-5-oz,True,luckydoghotsauce.com,2026-09-19T11:09:45.470554Z,2026-09-19T14:01:06.545048Z,sauce-names-1,sauce-match-1,rule:sauce-structured-1,shopify,1,2_longtail,,False,0,,single_source:shopify,0,,,v1
sauce:lucky-dog|clucky-dog-buttery-cayenne-habanero-wing,lucky-dog,Lucky Dog,clucky-dog-buttery-cayenne-habanero-wing,Clucky Dog - Buttery Cayenne & Habanero Wing Sauce,5 Oz,,,,retail_listing,https://luckydoghotsauce.com/products/clucky-dog,10.99,USD,https://luckydoghotsauce.com/products/clucky-dog,True,luckydoghotsauce.com,2026-09-19T11:09:45.470554Z,2026-09-19T14:01:06.545048Z,sauce-names-1,sauce-match-1,rule:sauce-structured-1,shopify,1,2_longtail,,False,0,,single_source:shopify,0,,,v1
sauce:lucky-dog|deluxe-blackberry-black-garlic-dragon-fruit-w-red-scotch-bonnet-chile-hot,lucky-dog,Lucky Dog,deluxe-blackberry-black-garlic-dragon-fruit-w-red-scotch-bonnet-chile-hot,DELUXE - Blackberry Black Garlic & Dragon Fruit w/Red Scotch Bonnet Chile - Hot,5 Oz,,,,retail_listing,https://luckydoghotsauce.com/products/deluxe-blackberry-black-garlic-dragon-fruit-w-red-scotch-bonnet-chile,10.99,USD,https://luckydoghotsauce.com/products/deluxe-blackberry-black-garlic-dragon-fruit-w-red-scotch-bonnet-chile,True,luckydoghotsauce.com,2026-09-19T11:09:45.470554Z,2026-09-19T14:01:06.545048Z,sauce-names-1,sauce-match-1,rule:sauce-structured-1,shopify,1,2_longtail,,False,0,,single_source:shopify,0,,,v1
sauce:lucky-dog|dia-del-perro-mild-alderwood-smoked-serrano-pepper,lucky-dog,Lucky Dog,dia-del-perro-mild-alderwood-smoked-serrano-pepper,Dia Del Perro - Mild Alderwood Smoked Serrano Pepper Sauce,5 OZ,,,,retail_listing,https://luckydoghotsauce.com/products/dia-del-perro-day-of-the-dog,10.49,USD,https://luckydoghotsauce.com/products/dia-del-perro-day-of-the-dog,True,luckydoghotsauce.com,2026-09-19T11:09:45.470554Z,2026-09-19T14:01:06.545048Z,sauce-names-1,sauce-match-1,rule:sauce-structured-1,shopify,1,2_longtail,,False,0,,single_source:shopify,0,,,v1
sauce:lucky-dog|el-perro-afortunado-fire-roasted-tomato-5-pepper-salsa-picante,lucky-dog,Lucky Dog,el-perro-afortunado-fire-roasted-tomato-5-pepper-salsa-picante,"El Perro Afortunado - Fire-Roasted Tomato, 5-Pepper Salsa Picante",5 OZ,,,,retail_listing,https://luckydoghotsauce.com/products/el-perro-afortunado-fire-roasted-tomato-4-pepper-salsa-picante-8-5-oz,10.49,USD,https://luckydoghotsauce.com/products/el-perro-afortunado-fire-roasted-tomato-4-pepper-salsa-picante-8-5-oz,True,luckydoghotsauce.com,2026-09-19T11:09:45.470554Z,2026-09-19T14:01:06.545048Z,sauce-names-1,sauce-match-1,rule:sauce-structured-1,shopify,1,2_longtail,,False,0,,single_source:shopify,0,,,v1
sauce:lucky-dog|green-label-mild-fire-roasted-jalapeno-serrano,lucky-dog,Lucky Dog,green-label-mild-fire-roasted-jalapeno-serrano,Green Label - Mild Fire-Roasted Jalapeno & Serrano Sauce,5 OZ,,,,retail_listing,https://luckydoghotsauce.com/products/green-label-hot-sauce,10.49,USD,https://luckydoghotsauce.com/products/green-label-hot-sauce,True,luckydoghotsauce.com,2026-09-19T11:09:45.470554Z,2026-09-19T14:01:06.545048Z,sauce-names-1,sauce-match-1,rule:sauce-structured-1,shopify,1,2_longtail,,False,0,,single_source:shopify,0,,,v1
sauce:lucky-dog|heat-s-a-peach-x-hot-peach-trinidad-scorpion-sauce-with-roasted-garlic,lucky-dog,Lucky Dog,heat-s-a-peach-x-hot-peach-trinidad-scorpion-sauce-with-roasted-garlic,Heat's a Peach --- X-HOT Peach Trinidad Scorpion Sauce with Roasted Garlic,5 OZ,,,,retail_listing,https://luckydoghotsauce.com/products/heats-a-peach-peach-trinidad-scorpion-sauce-with-pears-roasted-garlic-5-oz,10.49,USD,https://luckydoghotsauce.com/products/heats-a-peach-peach-trinidad-scorpion-sauce-with-pears-roasted-garlic-5-oz,True,luckydoghotsauce.com,2026-09-19T11:09:45.470554Z,2026-09-19T14:01:06.545048Z,sauce-names-1,sauce-match-1,rule:sauce-structured-1,shopify,1,2_longtail,,False,0,,single_source:shopify,0,,,v1
sauce:lucky-dog|hell-hound-xxxhot-fire-roasted-hot-sauce-with-carolina-reaper-mango-tamarind-roasted-garlic,lucky-dog,Lucky Dog,hell-hound-xxxhot-fire-roasted-hot-sauce-with-carolina-reaper-mango-tamarind-roasted-garlic,"Hell Hound - XXXHot Fire-Roasted Hot Sauce with Carolina Reaper, Mango, Tamarind & Roasted Garlic",5 oz,,,,retail_listing,https://luckydoghotsauce.com/products/hell-hound-xxx-hot-fire-roasted-hot-sauce-with-carolina-reaper-mango-tamarind-roasted-garlic,11.99,USD,https://luckydoghotsauce.com/products/hell-hound-xxx-hot-fire-roasted-hot-sauce-with-carolina-reaper-mango-tamarind-roasted-garlic,True,luckydoghotsauce.com,2026-09-19T11:09:45.470554Z,2026-09-19T14:01:06.545048Z,sauce-names-1,sauce-match-1,rule:sauce-structured-1,shopify,1,2_longtail,,False,0,,single_source:shopify,0,,,v1
sauce:lucky-dog|pink-label-hot-applewood-smoked-habanero-pepper,lucky-dog,Lucky Dog,pink-label-hot-applewood-smoked-habanero-pepper,Pink Label - Hot Applewood Smoked Habanero Pepper Sauce,5 OZ,,,,retail_listing,https://luckydoghotsauce.com/products/pink-label-extra-hot-lightly-smoked-pepper-sauce,10.49,USD,https://luckydoghotsauce.com/products/pink-label-extra-hot-lightly-smoked-pepper-sauce,True,luckydoghotsauce.com,2026-09-19T11:09:45.470554Z,2026-09-19T14:01:06.545048Z,sauce-names-1,sauce-match-1,rule:sauce-structured-1,shopify,1,2_longtail,,False,0,,single_source:shopify,0,,,v1
sauce:lucky-dog|red-label-med-sweet-garlicky-roasted-pepper,lucky-dog,Lucky Dog,red-label-med-sweet-garlicky-roasted-pepper,Red Label - Med Sweet & Garlicky Roasted Pepper Sauce,5 OZ,,,,retail_listing,https://luckydoghotsauce.com/products/red-label-hot-sauce,10.49,USD,https://luckydoghotsauce.com/products/red-label-hot-sauce,True,luckydoghotsauce.com,2026-09-19T11:09:45.470554Z,2026-09-19T14:01:06.545048Z,sauce-names-1,sauce-match-1,rule:sauce-structured-1,shopify,1,2_longtail,,False,0,,single_source:shopify,0,,,v1
sauce:lucky-dog|white-label-cherry-chipotle-medium,lucky-dog,Lucky Dog,white-label-cherry-chipotle-medium,"White Label - Cherry Chipotle, Medium",5 Oz,,,,retail_listing,https://luckydoghotsauce.com/products/white-label-cherry-chipotle-medium-5-oz,10.49,USD,https://luckydoghotsauce.com/products/white-label-cherry-chipotle-medium-5-oz,True,luckydoghotsauce.com,2026-09-19T11:09:45.470554Z,2026-09-19T14:01:06.545048Z,sauce-names-1,sauce-match-1,rule:sauce-structured-1,shopify,1,2_longtail,,False,0,,single_source:shopify,0,,,v1
sauce:lucky-dog|year-of-the-dog-thai-chile-pineapple-hot-sauce-hot,lucky-dog,Lucky Dog,year-of-the-dog-thai-chile-pineapple-hot-sauce-hot,Year of the Dog - Thai Chile Pineapple Hot Sauce - HOT,5 OZ,,,,retail_listing,https://luckydoghotsauce.com/products/year-of-the-dog,10.99,USD,https://luckydoghotsauce.com/products/year-of-the-dog,True,luckydoghotsauce.com,2026-09-19T11:09:45.470554Z,2026-09-19T14:01:06.545048Z,sauce-names-1,sauce-match-1,rule:sauce-structured-1,shopify,1,2_longtail,,False,0,,single_source:shopify,0,,,v1
sauce:mago|sauce-ghost-pepper,mago,MAGO,sauce-ghost-pepper,Sauce - Ghost Pepper,,,,,unknown,https://crafthotsauce.com/products/ghost-pepper-hot-sauce,8.00,USD,https://crafthotsauce.com/products/ghost-pepper-hot-sauce,False,crafthotsauce.com,2026-09-19T13:52:25.427841Z,2026-09-19T14:01:06.545048Z,sauce-names-1,sauce-match-1,rule:sauce-structured-1,shopify,1,2_longtail,,False,0,,single_source:shopify,0,,,v1
sauce:mago|sauce-pineapple-habanero,mago,MAGO,sauce-pineapple-habanero,Sauce - Pineapple Habanero Hot Sauce,,,,,unknown,https://crafthotsauce.com/products/mago-sauce-pineapple-habanero-hot-sauce,8.00,USD,https://crafthotsauce.com/products/mago-sauce-pineapple-habanero-hot-sauce,False,crafthotsauce.com,2026-09-19T13:52:25.427841Z,2026-09-19T14:01:06.545048Z,sauce-names-1,sauce-match-1,rule:sauce-structured-1,shopify,1,2_longtail,,False,0,,single_source:shopify,0,,,v1
sauce:mago|sauce-pumpkin-and-rum,mago,MAGO,sauce-pumpkin-and-rum,Sauce - Pumpkin and Rum Hot Sauce,,,,,unknown,https://crafthotsauce.com/products/mago-sauce-pumpkin-and-rum-hot-sauce,11.00,USD,https://crafthotsauce.com/products/mago-sauce-pumpkin-and-rum-hot-sauce,False,crafthotsauce.com,2026-09-19T13:52:25.427841Z,2026-09-19T14:01:06.545048Z,sauce-names-1,sauce-match-1,rule:sauce-structured-1,shopify,1,2_longtail,,False,0,,single_source:shopify,0,,,v1
sauce:mago|sauce-roasted-habanero,mago,MAGO,sauce-roasted-habanero,Sauce - Roasted Habanero Hot Sauce,,,,,unknown,https://crafthotsauce.com/products/mago-sauce-roasted-habanero-hot-sauce,10.00,USD,https://crafthotsauce.com/products/mago-sauce-roasted-habanero-hot-sauce,False,crafthotsauce.com,2026-09-19T13:52:25.427841Z,2026-09-19T14:01:06.545048Z,sauce-names-1,sauce-match-1,rule:sauce-structured-1,shopify,1,2_longtail,,False,0,,single_source:shopify,0,,,v1
sauce:mas|3-amigos,mas,MAS,3-amigos,3 Amigos,,,,,retail_listing,https://maspeppers.com/products/3-amigos,27.99,USD,https://maspeppers.com/products/3-amigos,True,maspeppers.com,2026-09-19T11:09:45.470554Z,2026-09-19T14:01:06.545048Z,sauce-names-1,sauce-match-1,rule:sauce-structured-1,shopify,1,2_longtail,,False,0,,single_source:shopify,0,,,v1
sauce:mas|flock-of-birds,mas,MAS,flock-of-birds,Flock of Birds,,,,,retail_listing,https://maspeppers.com/products/all-four,39.99,USD,https://maspeppers.com/products/all-four,True,maspeppers.com,2026-09-19T11:09:45.470554Z,2026-09-19T14:01:06.545048Z,sauce-names-1,sauce-match-1,rule:sauce-structured-1,shopify,1,2_longtail,,False,0,,single_source:shopify,0,,,v1
sauce:mas|chipotle,mas,MAS,chipotle,Chipotle Sauce,,,,,retail_listing,https://maspeppers.com/products/chipotle-sauce,9.99,USD,https://maspeppers.com/products/chipotle-sauce,True,maspeppers.com,2026-09-19T11:09:45.470554Z,2026-09-19T14:01:06.545048Z,sauce-names-1,sauce-match-1,rule:sauce-structured-1,shopify,1,2_longtail,,True,19,sauce:big-moe-cason|chipotle|sauce:bitchin|chipotle|sauce:cholula|chipotle|sauce:dave-s-gourmet|chipotle|sauce:fire-from-the-mountain|chipotle,single_source:shopify,0,,,v1
sauce:mas|taco-tango-verde,mas,MAS,taco-tango-verde,Taco Tango Verde Hot Sauce,,,,,retail_listing,https://maspeppers.com/products/taco-tango-verde-hot-sauce,9.99,USD,https://maspeppers.com/products/taco-tango-verde-hot-sauce,True,maspeppers.com,2026-09-19T11:09:45.470554Z,2026-09-19T14:01:06.545048Z,sauce-names-1,sauce-match-1,rule:sauce-structured-1,shopify,1,2_longtail,,False,0,,single_source:shopify,0,,,v1
sauce:mas|tropicante,mas,MAS,tropicante,Tropicante Hot Sauce,,,,,retail_listing,https://maspeppers.com/products/tropicante-hot-sauce,9.99,USD,https://maspeppers.com/products/tropicante-hot-sauce,True,maspeppers.com,2026-09-19T11:09:45.470554Z,2026-09-19T14:01:06.545048Z,sauce-names-1,sauce-match-1,rule:sauce-structured-1,shopify,1,2_longtail,,False,0,,single_source:shopify,0,,,v1
sauce:mad-dog|357-gold-edition,mad-dog,Mad Dog,357-gold-edition,357 Gold Edition,,,,,retail_listing,https://heathotsauce.com/products/357-gold-edition-w-no-9-plutonium,18.99,USD,https://heathotsauce.com/products/357-gold-edition-w-no-9-plutonium,True,heathotsauce.com,2026-09-19T13:52:25.427841Z,2026-09-19T14:01:06.545048Z,sauce-names-1,sauce-match-1,rule:sauce-structured-1,shopify,1,2_longtail,,False,0,,single_source:shopify,0,,,v1
sauce:mad-dog|357,mad-dog,Mad Dog,357,357,,,,,retail_listing,https://heathotsauce.com/products/mad-dog-357,11.99,USD,https://heathotsauce.com/products/mad-dog-357,True,heathotsauce.com,2026-09-19T13:52:25.427841Z,2026-09-19T14:01:06.545048Z,sauce-names-1,sauce-match-1,rule:sauce-structured-1,shopify,1,2_longtail,,False,0,,single_source:shopify,0,,,v1
sauce:mad-dog|357-pure-ghost,mad-dog,Mad Dog,357-pure-ghost,357 Pure Ghost,,,,,retail_listing,https://heathotsauce.com/products/mad-dog-357-pure-ghost,13.99,USD,https://heathotsauce.com/products/mad-dog-357-pure-ghost,True,heathotsauce.com,2026-09-19T13:52:25.427841Z,2026-09-19T14:01:06.545048Z,sauce-names-1,sauce-match-1,rule:sauce-structured-1,shopify,1,2_longtail,,False,0,,single_source:shopify,0,,,v1
sauce:mad-dog|357-silver,mad-dog,Mad Dog,357-silver,357 Silver,,,,,retail_listing,https://heathotsauce.com/products/mad-dog-357-w-6-million-shu-extract,18.99,USD,https://heathotsauce.com/products/mad-dog-357-w-6-million-shu-extract,True,heathotsauce.com,2026-09-19T13:52:25.427841Z,2026-09-19T14:01:06.545048Z,sauce-names-1,sauce-match-1,rule:sauce-structured-1,shopify,1,2_longtail,,False,0,,single_source:shopify,0,,,v1
sauce:maine-gravy|boothbay-blues,maine-gravy,Maine Gravy,boothbay-blues,Boothbay Blues Hot Sauce,,,,,retail_listing,https://mainegravy.com/product/boothbay-blues-maine-blueberry-hot-sauce/,13.00,USD,https://mainegravy.com/product/boothbay-blues-maine-blueberry-hot-sauce/,True,mainegravy.com,2026-09-19T14:01:06.545048Z,2026-09-19T14:01:06.545048Z,sauce-names-1,sauce-match-1,rule:sauce-structured-2,woo,1,2_longtail,,False,0,,single_source:woo,0,,,v1
sauce:maine-gravy|houlton-habanero,maine-gravy,Maine Gravy,houlton-habanero,Houlton Habañero Hot Sauce,,,,,retail_listing,https://mainegravy.com/product/habanero-pepper-sauce-from-maine-houlton-habanero/,13.00,USD,https://mainegravy.com/product/habanero-pepper-sauce-from-maine-houlton-habanero/,True,mainegravy.com,2026-09-19T14:01:06.545048Z,2026-09-19T14:01:06.545048Z,sauce-names-1,sauce-match-1,rule:sauce-structured-2,woo,1,2_longtail,,False,0,,single_source:woo,0,,,v1
sauce:maine-gravy|damariscotta-damnation,maine-gravy,Maine Gravy,damariscotta-damnation,Damariscotta Damnation Hot Sauce,,,,,retail_listing,https://mainegravy.com/product/maine-ghost-pepper-sauce-damariscotta-damnation/,17.00,USD,https://mainegravy.com/product/maine-ghost-pepper-sauce-damariscotta-damnation/,True,mainegravy.com,2026-09-19T14:01:06.545048Z,2026-09-19T14:01:06.545048Z,sauce-names-1,sauce-match-1,rule:sauce-structured-2,woo,1,2_longtail,,False,0,,single_source:woo,0,,,v1
sauce:maine-gravy|midcoast-mayhem,maine-gravy,Maine Gravy,midcoast-mayhem,Midcoast Mayhem Hot Sauce,,,,,retail_listing,https://mainegravy.com/product/maine-hot-sauce-midcoast-mayhem/,16.00,USD,https://mainegravy.com/product/maine-hot-sauce-midcoast-mayhem/,True,mainegravy.com,2026-09-19T14:01:06.545048Z,2026-09-19T14:01:06.545048Z,sauce-names-1,sauce-match-1,rule:sauce-structured-2,woo,1,2_longtail,,False,0,,single_source:woo,0,,,v1
sauce:maine-gravy|original-mini-gift-pack,maine-gravy,Maine Gravy,original-mini-gift-pack,Original Mini Gift Pack,,,,,retail_listing,https://mainegravy.com/product/mini-maine-gravy-gift-pack/,25.00,USD,https://mainegravy.com/product/mini-maine-gravy-gift-pack/,True,mainegravy.com,2026-09-19T14:01:06.545048Z,2026-09-19T14:01:06.545048Z,sauce-names-1,sauce-match-1,rule:sauce-structured-2,woo,1,2_longtail,,False,0,,single_source:woo,0,,,v1
sauce:maine-gravy|pemaquid-piquant,maine-gravy,Maine Gravy,pemaquid-piquant,Pemaquid Piquant Hot Sauce,,,,,retail_listing,https://mainegravy.com/product/pemaquid-piquant-maine-hot-sauce/,13.00,USD,https://mainegravy.com/product/pemaquid-piquant-maine-hot-sauce/,True,mainegravy.com,2026-09-19T14:01:06.545048Z,2026-09-19T14:01:06.545048Z,sauce-names-1,sauce-match-1,rule:sauce-structured-2,woo,1,2_longtail,,False,0,,single_source:woo,0,,,v1
sauce:maletta-s|vomit,maletta-s,Maletta's,vomit,"""Vomit"" Hot Sauce",,,,,unknown,https://puckerbuttpeppercompany.com/products/fire-roasted-banana-peppers,15.00,USD,https://puckerbuttpeppercompany.com/products/fire-roasted-banana-peppers,False,puckerbuttpeppercompany.com,2026-09-19T11:09:45.470554Z,2026-09-19T14:01:06.545048Z,sauce-names-1,sauce-match-1,rule:sauce-structured-1,shopify,1,2_longtail,,False,0,,single_source:shopify,0,,,v1
sauce:maletta-s|lime-light,maletta-s,Maletta's,lime-light,Lime Light Hot Sauce,,,,,unknown,https://puckerbuttpeppercompany.com/products/lime-light,15.00,USD,https://puckerbuttpeppercompany.com/products/lime-light,False,puckerbuttpeppercompany.com,2026-09-19T11:09:45.470554Z,2026-09-19T14:01:06.545048Z,sauce-names-1,sauce-match-1,rule:sauce-structured-1,shopify,1,2_longtail,,False,0,,single_source:shopify,0,,,v1
sauce:maletta-s|angry-monkey,maletta-s,Maletta's,angry-monkey,Angry Monkey,,,,,unknown,https://puckerbuttpeppercompany.com/products/malettas-angry-monkey,15.00,USD,https://puckerbuttpeppercompany.com/products/malettas-angry-monkey,False,puckerbuttpeppercompany.com,2026-09-19T11:09:45.470554Z,2026-09-19T14:01:06.545048Z,sauce-names-1,sauce-match-1,rule:sauce-structured-1,shopify,1,2_longtail,,False,0,,single_source:shopify,0,,,v1
sauce:maletta-s|fire-roasted-serrano,maletta-s,Maletta's,fire-roasted-serrano,Fire Roasted Serrano Hot Sauce,,,,,unknown,https://puckerbuttpeppercompany.com/products/malettas-fire-roasted-serrano-hot-sauce,15.00,USD,https://puckerbuttpeppercompany.com/products/malettas-fire-roasted-serrano-hot-sauce,False,puckerbuttpeppercompany.com,2026-09-19T11:09:45.470554Z,2026-09-19T14:01:06.545048Z,sauce-names-1,sauce-match-1,rule:sauce-structured-1,shopify,1,2_longtail,,False,0,,single_source:shopify,0,,,v1
sauce:maletta-s|italian-finger-peppers,maletta-s,Maletta's,italian-finger-peppers,Italian Finger Peppers,,,,,unknown,https://puckerbuttpeppercompany.com/products/malettas-italian-finger-peppers,15.00,USD,https://puckerbuttpeppercompany.com/products/malettas-italian-finger-peppers,False,puckerbuttpeppercompany.com,2026-09-19T11:09:45.470554Z,2026-09-19T14:01:06.545048Z,sauce-names-1,sauce-match-1,rule:sauce-structured-1,shopify,1,2_longtail,,False,0,,single_source:shopify,0,,,v1
sauce:maletta-s|smolder,maletta-s,Maletta's,smolder,Smolder,,,,,unknown,https://puckerbuttpeppercompany.com/products/malettas-smolder,15.00,USD,https://puckerbuttpeppercompany.com/products/malettas-smolder,False,puckerbuttpeppercompany.com,2026-09-19T11:09:45.470554Z,2026-09-19T14:01:06.545048Z,sauce-names-1,sauce-match-1,rule:sauce-structured-1,shopify,1,2_longtail,,False,0,,single_source:shopify,0,,,v1
sauce:mamas-peri-peri|medium-heat,mamas-peri-peri,Mamas Peri Peri,medium-heat,Medium Heat,,,,,retail_listing,https://heathotsauce.com/products/mamas-peri-peri-medium-heat,8.99,USD,https://heathotsauce.com/products/mamas-peri-peri-medium-heat,True,heathotsauce.com,2026-09-19T13:52:25.427841Z,2026-09-19T14:01:06.545048Z,sauce-names-1,sauce-match-1,rule:sauce-structured-1,shopify,1,2_longtail,,False,0,,single_source:shopify,0,,,v1
sauce:mamas-peri-peri|stinger,mamas-peri-peri,Mamas Peri Peri,stinger,Stinger,,,,,retail_listing,https://heathotsauce.com/products/mamas-peri-peri-stinger,9.99,USD,https://heathotsauce.com/products/mamas-peri-peri-stinger,True,heathotsauce.com,2026-09-19T13:52:25.427841Z,2026-09-19T14:01:06.545048Z,sauce-names-1,sauce-match-1,rule:sauce-structured-1,shopify,1,2_longtail,,True,1,sauce:mamas-peri-peri|zinger,single_source:shopify,0,,,v1
sauce:mamas-peri-peri|zinger,mamas-peri-peri,Mamas Peri Peri,zinger,Zinger,,,,,retail_listing,https://heathotsauce.com/products/mamas-peri-peri-zinger,8.99,USD,https://heathotsauce.com/products/mamas-peri-peri-zinger,True,heathotsauce.com,2026-09-19T13:52:25.427841Z,2026-09-19T14:01:06.545048Z,sauce-names-1,sauce-match-1,rule:sauce-structured-1,shopify,1,2_longtail,,True,1,sauce:mamas-peri-peri|stinger,single_source:shopify,0,,,v1
sauce:marie-sharp-s|berry-habanero,marie-sharp-s,Marie Sharp's,berry-habanero,Berry Habanero,,,,,retail_listing,https://heathotsauce.com/products/marie-sharps-berry-habanero,4.99,USD,https://heathotsauce.com/products/marie-sharps-berry-habanero,True,heathotsauce.com,2026-09-19T13:52:25.427841Z,2026-09-19T14:01:06.545048Z,sauce-names-1,sauce-match-1,rule:sauce-structured-1,shopify,1,2_longtail,,False,0,,single_source:shopify,0,,,v1
sauce:marie-sharp-s|sweet-habanero,marie-sharp-s,Marie Sharp's,sweet-habanero,Sweet Habanero,,,,,retail_listing,https://heathotsauce.com/products/sweet-habanero-pepper-sauce,4.99,USD,https://heathotsauce.com/products/sweet-habanero-pepper-sauce,True,heathotsauce.com,2026-09-19T13:52:25.427841Z,2026-09-19T14:01:06.545048Z,sauce-names-1,sauce-match-1,rule:sauce-structured-1,shopify,1,2_longtail,,False,0,,single_source:shopify,0,,,v1
sauce:mark-s|fermented-kimchi-mark-s-hot-sauce-c,mark-s,Mark's Hot Sauce,fermented-kimchi-mark-s-hot-sauce-c,Fermented Kimchi | Mark's Hot Sauce -C,,,,,unknown,https://heatonist.com/products/fermented-kimchi-marks-hot-sauce-c,14.00,USD,https://heatonist.com/products/fermented-kimchi-marks-hot-sauce-c,False,heatonist.com,2026-09-19T11:09:45.470554Z,2026-09-19T14:01:06.545048Z,sauce-names-1,sauce-match-1,rule:sauce-structured-1,shopify,1,2_longtail,,False,0,,single_source:shopify,0,,,v1
sauce:mastodon|thai-chili-miso,mastodon,Mastodon,thai-chili-miso,Thai Chili Miso,,,,,retail_listing,https://heatonist.com/products/thai-chili-miso-mastodon,12.00,USD,https://heatonist.com/products/thai-chili-miso-mastodon,True,heatonist.com,2026-09-19T11:09:45.470554Z,2026-09-19T14:01:06.545048Z,sauce-names-1,sauce-match-1,rule:sauce-structured-1,shopify,1,2_longtail,,False,0,,single_source:shopify,0,,,v1
sauce:melinda-s|chef-fig-s-heat-flavor-collection,melinda-s,Melinda's Foods,chef-fig-s-heat-flavor-collection,Chef Fig’s Heat & Flavor Collection,,,,,unknown,https://melindas.com/products/chef-fig-s-heat-flavor-collection,32.99,USD,https://melindas.com/products/chef-fig-s-heat-flavor-collection,False,melindas.com,2026-09-19T11:09:45.470554Z,2026-09-19T14:01:06.545048Z,sauce-names-1,sauce-match-1,rule:sauce-structured-1,shopify,1,2_longtail,,False,0,,single_source:shopify,0,,,v1
sauce:melinda-s|melinda-s-black-truffle,melinda-s,Melinda's Foods,melinda-s-black-truffle,Melinda’s Black Truffle Hot Sauce,,,,,retail_listing,https://melindas.com/products/melinda-s-black-truffle-hot-sauce,6.99,USD,https://melindas.com/products/melinda-s-black-truffle-hot-sauce,True,melindas.com,2026-09-19T11:09:45.470554Z,2026-09-19T14:01:06.545048Z,sauce-names-1,sauce-match-1,rule:sauce-structured-1,shopify,1,2_longtail,,False,0,,single_source:shopify,0,,,v1
sauce:melinda-s|melinda-s-chipotle-pepper,melinda-s,Melinda's Foods,melinda-s-chipotle-pepper,Melinda’s Chipotle Pepper Hot Sauce,5oz,,,,retail_listing,https://melindas.com/products/melinda-s-chipotle-pepper-hot-sauce-5oz,4.49,USD,https://melindas.com/products/melinda-s-chipotle-pepper-hot-sauce-5oz,True,melindas.com,2026-09-19T11:09:45.470554Z,2026-09-19T14:01:06.545048Z,sauce-names-1,sauce-match-1,rule:sauce-structured-1,shopify,1,2_longtail,,False,0,,single_source:shopify,0,,,v1
sauce:melinda-s|melinda-s-creamy-style-ghost-pepper-wing,melinda-s,Melinda's Foods,melinda-s-creamy-style-ghost-pepper-wing,Melinda’s Creamy Style Ghost Pepper Wing Sauce,,,,,retail_listing,https://melindas.com/products/melinda-s-creamy-style-ghost-pepper-wing-sauce-1,6.99,USD,https://melindas.com/products/melinda-s-creamy-style-ghost-pepper-wing-sauce-1,True,melindas.com,2026-09-19T11:09:45.470554Z,2026-09-19T14:01:06.545048Z,sauce-names-1,sauce-match-1,rule:sauce-structured-1,shopify,1,2_longtail,,False,0,,single_source:shopify,0,,,v1
sauce:melinda-s|melinda-s-creamy-style-habanero-wing,melinda-s,Melinda's Foods,melinda-s-creamy-style-habanero-wing,Melinda’s Creamy Style Habanero Wing Sauce,,,,,unknown,https://melindas.com/products/melinda-s-creamy-style-habanero-wing-sauce,6.99,USD,https://melindas.com/products/melinda-s-creamy-style-habanero-wing-sauce,False,melindas.com,2026-09-19T11:09:45.470554Z,2026-09-19T14:01:06.545048Z,sauce-names-1,sauce-match-1,rule:sauce-structured-1,shopify,1,2_longtail,,False,0,,single_source:shopify,0,,,v1
sauce:melinda-s|melinda-s-creamy-style-sriracha-wing,melinda-s,Melinda's Foods,melinda-s-creamy-style-sriracha-wing,Melinda’s Creamy Style Sriracha Wing Sauce,,,,,unknown,https://melindas.com/products/melinda-s-creamy-style-sriracha-wing-sauce,6.99,USD,https://melindas.com/products/melinda-s-creamy-style-sriracha-wing-sauce,False,melindas.com,2026-09-19T11:09:45.470554Z,2026-09-19T14:01:06.545048Z,sauce-names-1,sauce-match-1,rule:sauce-structured-1,shopify,1,2_longtail,,False,0,,single_source:shopify,0,,,v1
sauce:melinda-s|melinda-s-creamy-style-cayenne-habanero-wing,melinda-s,Melinda's Foods,melinda-s-creamy-style-cayenne-habanero-wing,Melinda’s Creamy Style Cayenne-Habanero Wing Sauce,,,,,unknown,https://melindas.com/products/melinda-s-creamy-style-wing-sauce,6.99,USD,https://melindas.com/products/melinda-s-creamy-style-wing-sauce,False,melindas.com,2026-09-19T11:09:45.470554Z,2026-09-19T14:01:06.545048Z,sauce-names-1,sauce-match-1,rule:sauce-structured-1,shopify,1,2_longtail,,False,0,,single_source:shopify,0,,,v1
sauce:melinda-s|melinda-s-extreme-fiery-collection-ghost-naga-jolokia-xxxx-habanero,melinda-s,Melinda's Foods,melinda-s-extreme-fiery-collection-ghost-naga-jolokia-xxxx-habanero,"Melinda’s Extreme Fiery Collection (Ghost, Naga Jolokia, XXXX Habanero)",,,,,unknown,https://melindas.com/products/melinda-s-extreme-fiery-collection-ghost-scorpion-xxxx-habanero,18.99,USD,https://melindas.com/products/melinda-s-extreme-fiery-collection-ghost-scorpion-xxxx-habanero,False,melindas.com,2026-09-19T11:09:45.470554Z,2026-09-19T14:01:06.545048Z,sauce-names-1,sauce-match-1,rule:sauce-structured-1,shopify,1,2_longtail,,False,0,,single_source:shopify,0,,,v1
sauce:melinda-s|melinda-s-fire-roasted-garlic-habanero-pepper-sauce-condiment,melinda-s,Melinda's Foods,melinda-s-fire-roasted-garlic-habanero-pepper-sauce-condiment,Melinda’s Fire Roasted Garlic & Habanero Pepper Sauce & Condiment,,,,,retail_listing,https://melindas.com/products/melinda-s-fire-roasted-garlic-habanero-pepper-sauce-condiment,6.99,USD,https://melindas.com/products/melinda-s-fire-roasted-garlic-habanero-pepper-sauce-condiment,True,melindas.com,2026-09-19T11:09:45.470554Z,2026-09-19T14:01:06.545048Z,sauce-names-1,sauce-match-1,rule:sauce-structured-1,shopify,1,2_longtail,,False,0,,single_source:shopify,0,,,v1
sauce:melinda-s|melinda-s-fire-roasted-jalapeno-and-garlic-pepper,melinda-s,Melinda's Foods,melinda-s-fire-roasted-jalapeno-and-garlic-pepper,Melinda’s Fire Roasted jalapeño and Garlic Pepper Sauce,12oz,,,,unknown,https://melindas.com/products/melinda-s-fire-roasted-jalapeno-and-garlic-pepper-sauce-12oz,6.99,USD,https://melindas.com/products/melinda-s-fire-roasted-jalapeno-and-garlic-pepper-sauce-12oz,False,melindas.com,2026-09-19T11:09:45.470554Z,2026-09-19T14:01:06.545048Z,sauce-names-1,sauce-match-1,rule:sauce-structured-1,shopify,1,2_longtail,,False,0,,single_source:shopify,0,,,v1
sauce:melinda-s|melinda-s-garlic-habanero,melinda-s,Melinda's Foods,melinda-s-garlic-habanero,Melinda’s Garlic Habanero Hot Sauce,5oz,,,,retail_listing,https://melindas.com/products/melinda-s-garlic-habanero-hot-sauce-5oz,4.49,USD,https://melindas.com/products/melinda-s-garlic-habanero-hot-sauce-5oz,True,melindas.com,2026-09-19T11:09:45.470554Z,2026-09-19T14:01:06.545048Z,sauce-names-1,sauce-match-1,rule:sauce-structured-1,shopify,1,2_longtail,,False,0,,single_source:shopify,0,,,v1
sauce:melinda-s|melinda-s-ghost-black-truffle,melinda-s,Melinda's Foods,melinda-s-ghost-black-truffle,Melinda’s Ghost Black Truffle,12oz,,,,retail_listing,https://melindas.com/products/melinda-s-ghost-black-truffle-12oz,6.99,USD,https://melindas.com/products/melinda-s-ghost-black-truffle-12oz,True,melindas.com,2026-09-19T11:09:45.470554Z,2026-09-19T14:01:06.545048Z,sauce-names-1,sauce-match-1,rule:sauce-structured-1,shopify,1,2_longtail,,False,0,,single_source:shopify,0,,,v1
sauce:melinda-s|melinda-s-ghost-pepper,melinda-s,Melinda's Foods,melinda-s-ghost-pepper,Melinda’s Ghost Pepper Hot Sauce,5oz,,,,retail_listing,https://melindas.com/products/melinda-s-ghost-pepper-hot-sauce-5oz,6.49,USD,https://melindas.com/products/melinda-s-ghost-pepper-hot-sauce-5oz,True,melindas.com,2026-09-19T11:09:45.470554Z,2026-09-19T14:01:06.545048Z,sauce-names-1,sauce-match-1,rule:sauce-structured-1,shopify,1,2_longtail,,True,1,sauce:|melinda-s-ghost-pepper,single_source:shopify,0,,,v1
sauce:melinda-s|melinda-s-bhut-jolokia-ghost-pepper-hot-sauce-squeeze,melinda-s,Melinda's Foods,melinda-s-bhut-jolokia-ghost-pepper-hot-sauce-squeeze,Melinda's Bhut Jolokia Ghost Pepper Hot Sauce (Squeeze),,,,,unknown,https://melindas.com/products/melinda-s-ghost-pepper-sauce-squeeze,6.99,USD,https://melindas.com/products/melinda-s-ghost-pepper-sauce-squeeze,False,melindas.com,2026-09-19T11:09:45.470554Z,2026-09-19T14:01:06.545048Z,sauce-names-1,sauce-match-1,rule:sauce-structured-1,shopify,1,2_longtail,,False,0,,single_source:shopify,0,,,v1
sauce:melinda-s|melinda-s-ghost-pepper-steak,melinda-s,Melinda's Foods,melinda-s-ghost-pepper-steak,Melinda’s Ghost Pepper Steak Sauce,,,,,unknown,https://melindas.com/products/melinda-s-ghost-pepper-steak-sauce,6.99,USD,https://melindas.com/products/melinda-s-ghost-pepper-steak-sauce,False,melindas.com,2026-09-19T11:09:45.470554Z,2026-09-19T14:01:06.545048Z,sauce-names-1,sauce-match-1,rule:sauce-structured-1,shopify,1,2_longtail,,False,0,,single_source:shopify,0,,,v1
sauce:melinda-s|melinda-s-gochujang-korean-hot-chili,melinda-s,Melinda's Foods,melinda-s-gochujang-korean-hot-chili,Melinda’s Gochujang Korean Hot Chili Sauce,12oz,,,,unknown,https://melindas.com/products/melinda-s-gochujang-korean-hot-chili-sauce-12oz,6.99,USD,https://melindas.com/products/melinda-s-gochujang-korean-hot-chili-sauce-12oz,False,melindas.com,2026-09-19T11:09:45.470554Z,2026-09-19T14:01:06.545048Z,sauce-names-1,sauce-match-1,rule:sauce-structured-1,shopify,1,2_longtail,,False,0,,single_source:shopify,0,,,v1
sauce:melinda-s|melinda-s-green,melinda-s,Melinda's Foods,melinda-s-green,Melinda’s Green Sauce,,,,,retail_listing,https://melindas.com/products/melinda-s-green-sauce,6.99,USD,https://melindas.com/products/melinda-s-green-sauce,True,melindas.com,2026-09-19T11:09:45.470554Z,2026-09-19T14:01:06.545048Z,sauce-names-1,sauce-match-1,rule:sauce-structured-1,shopify,1,2_longtail,,False,0,,single_source:shopify,0,,,v1
sauce:melinda-s|melinda-s-jalapeno-pepper,melinda-s,Melinda's Foods,melinda-s-jalapeno-pepper,Melinda’s Jalapeño Pepper Hot Sauce,5oz,,,,retail_listing,https://melindas.com/products/melinda-s-jalapeno-pepper-hot-sauce-5oz,4.49,USD,https://melindas.com/products/melinda-s-jalapeno-pepper-hot-sauce-5oz,True,melindas.com,2026-09-19T11:09:45.470554Z,2026-09-19T14:01:06.545048Z,sauce-names-1,sauce-match-1,rule:sauce-structured-1,shopify,1,2_longtail,,False,0,,single_source:shopify,0,,,v1
sauce:melinda-s|melinda-s-la-muerta-limited-collector-s-edition-day-of-the-dead-ghost-pepper,melinda-s,Melinda's Foods,melinda-s-la-muerta-limited-collector-s-edition-day-of-the-dead-ghost-pepper,Melinda’s “La Muerta” Limited Collector’s Edition Day of the Dead Ghost Pepper Sauce,,,,,unknown,https://melindas.com/products/melinda-s-la-muerta-limited-collector-s-edition-day-of-the-dead-ghost-pepper-sauce,12.99,USD,https://melindas.com/products/melinda-s-la-muerta-limited-collector-s-edition-day-of-the-dead-ghost-pepper-sauce,False,melindas.com,2026-09-19T11:09:45.470554Z,2026-09-19T14:01:06.545048Z,sauce-names-1,sauce-match-1,rule:sauce-structured-1,shopify,1,2_longtail,,False,0,,single_source:shopify,0,,,v1
sauce:melinda-s|melinda-s-mango-habanero,melinda-s,Melinda's Foods,melinda-s-mango-habanero,Melinda’s Mango Habanero Hot Sauce,5oz,,,,retail_listing,https://melindas.com/products/melinda-s-mango-habanero-hot-sauce-5oz,4.49,USD,https://melindas.com/products/melinda-s-mango-habanero-hot-sauce-5oz,True,melindas.com,2026-09-19T11:09:45.470554Z,2026-09-19T14:01:06.545048Z,sauce-names-1,sauce-match-1,rule:sauce-structured-1,shopify,1,2_longtail,,False,0,,single_source:shopify,0,,,v1
sauce:melinda-s|melinda-s-mango-habanero-pepper-sauce-squeeze,melinda-s,Melinda's Foods,melinda-s-mango-habanero-pepper-sauce-squeeze,Melinda's Mango Habanero Pepper Sauce (Squeeze),,,,,retail_listing,https://melindas.com/products/melinda-s-mango-habanero-pepper-sauce-squeeze,6.99,USD,https://melindas.com/products/melinda-s-mango-habanero-pepper-sauce-squeeze,True,melindas.com,2026-09-19T11:09:45.470554Z,2026-09-19T14:01:06.545048Z,sauce-names-1,sauce-match-1,rule:sauce-structured-1,shopify,1,2_longtail,,False,0,,single_source:shopify,0,,,v1
sauce:melinda-s|melinda-s-mexicana-hot-sauce-squeeze,melinda-s,Melinda's Foods,melinda-s-mexicana-hot-sauce-squeeze,Melinda’s Mexicana Hot Sauce (Squeeze),,,,,unknown,https://melindas.com/products/melinda-s-mexicana-hot-sauce-squeeze,6.99,USD,https://melindas.com/products/melinda-s-mexicana-hot-sauce-squeeze,False,melindas.com,2026-09-19T11:09:45.470554Z,2026-09-19T14:01:06.545048Z,sauce-names-1,sauce-match-1,rule:sauce-structured-1,shopify,1,2_longtail,,False,0,,single_source:shopify,0,,,v1
sauce:melinda-s|melinda-s-naga-jolokia-pepper,melinda-s,Melinda's Foods,melinda-s-naga-jolokia-pepper,Melinda’s Naga Jolokia Pepper Hot Sauce,5oz,,,,retail_listing,https://melindas.com/products/melinda-s-naga-jolokia-pepper-hot-sauce-5oz,6.49,USD,https://melindas.com/products/melinda-s-naga-jolokia-pepper-hot-sauce-5oz,True,melindas.com,2026-09-19T11:09:45.470554Z,2026-09-19T14:01:06.545048Z,sauce-names-1,sauce-match-1,rule:sauce-structured-1,shopify,1,2_longtail,,False,0,,single_source:shopify,0,,,v1
sauce:melinda-s|melinda-s-original-habanero-extra,melinda-s,Melinda's Foods,melinda-s-original-habanero-extra,Melinda’s Original Habanero Extra Hot Sauce,5oz,,,,unknown,https://melindas.com/products/melinda-s-original-habanero-extra-hot-sauce-5oz,4.49,USD,https://melindas.com/products/melinda-s-original-habanero-extra-hot-sauce-5oz,False,melindas.com,2026-09-19T11:09:45.470554Z,2026-09-19T14:01:06.545048Z,sauce-names-1,sauce-match-1,rule:sauce-structured-1,shopify,1,2_longtail,,True,1,sauce:melinda-s|melinda-s-original-habanero-xxxtra,single_source:shopify,0,,,v1
sauce:melinda-s|melinda-s-original-habanero,melinda-s,Melinda's Foods,melinda-s-original-habanero,Melinda’s Original Habanero Hot Sauce,5oz,,,,unknown,https://melindas.com/products/melinda-s-original-habanero-hot-sauce-5oz,4.49,USD,https://melindas.com/products/melinda-s-original-habanero-hot-sauce-5oz,False,melindas.com,2026-09-19T11:09:45.470554Z,2026-09-19T14:01:06.545048Z,sauce-names-1,sauce-match-1,rule:sauce-structured-1,shopify,1,2_longtail,,False,0,,single_source:shopify,0,,,v1
sauce:melinda-s|melinda-s-original-habanero-xxxtra,melinda-s,Melinda's Foods,melinda-s-original-habanero-xxxtra,Melinda’s Original Habanero XXXtra Hot Sauce,5oz,,,,unknown,https://melindas.com/products/melinda-s-original-habanero-xxxtra-hot-sauce-5oz,4.49,USD,https://melindas.com/products/melinda-s-original-habanero-xxxtra-hot-sauce-5oz,False,melindas.com,2026-09-19T11:09:45.470554Z,2026-09-19T14:01:06.545048Z,sauce-names-1,sauce-match-1,rule:sauce-structured-1,shopify,1,2_longtail,,True,1,sauce:melinda-s|melinda-s-original-habanero-extra,single_source:shopify,0,,,v1
sauce:melinda-s|melinda-s-original-habanero-xxxxtra-reserve,melinda-s,Melinda's Foods,melinda-s-original-habanero-xxxxtra-reserve,Melinda’s Original Habanero XXXXtra Reserve Hot Sauce,5oz,,,,unknown,https://melindas.com/products/melinda-s-original-habanero-xxxxtra-reserve-hot-sauce-5oz,4.89,USD,https://melindas.com/products/melinda-s-original-habanero-xxxxtra-reserve-hot-sauce-5oz,False,melindas.com,2026-09-19T11:09:45.470554Z,2026-09-19T14:01:06.545048Z,sauce-names-1,sauce-match-1,rule:sauce-structured-1,shopify,1,2_longtail,,False,0,,single_source:shopify,0,,,v1
sauce:melinda-s|melinda-s-pepper-sauce-challenge-collection-are-you-brave-enough,melinda-s,Melinda's Foods,melinda-s-pepper-sauce-challenge-collection-are-you-brave-enough,Melinda’s Pepper Sauce Challenge Collection – Are you Brave Enough?,,,,,unknown,https://melindas.com/products/melinda-s-pepper-sauce-challenge-collection-are-you-brave-enough,32.99,USD,https://melindas.com/products/melinda-s-pepper-sauce-challenge-collection-are-you-brave-enough,False,melindas.com,2026-09-19T11:09:45.470554Z,2026-09-19T14:01:06.545048Z,sauce-names-1,sauce-match-1,rule:sauce-structured-1,shopify,1,2_longtail,,False,0,,single_source:shopify,0,,,v1
sauce:melinda-s|melinda-s-red-savina-pepper,melinda-s,Melinda's Foods,melinda-s-red-savina-pepper,Melinda’s Red Savina Pepper Hot Sauce,5oz,,,,unknown,https://melindas.com/products/melinda-s-red-savina-pepper-hot-sauce-5oz,4.89,USD,https://melindas.com/products/melinda-s-red-savina-pepper-hot-sauce-5oz,False,melindas.com,2026-09-19T11:09:45.470554Z,2026-09-19T14:01:06.545048Z,sauce-names-1,sauce-match-1,rule:sauce-structured-1,shopify,1,2_longtail,,False,0,,single_source:shopify,0,,,v1
sauce:melinda-s|melinda-s-scorpion-pepper,melinda-s,Melinda's Foods,melinda-s-scorpion-pepper,Melinda’s Scorpion Pepper Hot Sauce,5oz,,,,unknown,https://melindas.com/products/melinda-s-scorpion-pepper-hot-sauce-5oz,7.99,USD,https://melindas.com/products/melinda-s-scorpion-pepper-hot-sauce-5oz,False,melindas.com,2026-09-19T11:09:45.470554Z,2026-09-19T14:01:06.545048Z,sauce-names-1,sauce-match-1,rule:sauce-structured-1,shopify,1,2_longtail,,False,0,,single_source:shopify,0,,,v1
sauce:melinda-s|melinda-s-scotch-bonnet-habanero-pepper,melinda-s,Melinda's Foods,melinda-s-scotch-bonnet-habanero-pepper,Melinda’s Scotch Bonnet Habanero Pepper Hot Sauce,5oz,,,,unknown,https://melindas.com/products/melinda-s-scotch-bonnet-habanero-pepper-hot-sauce-5oz,4.49,USD,https://melindas.com/products/melinda-s-scotch-bonnet-habanero-pepper-hot-sauce-5oz,False,melindas.com,2026-09-19T11:09:45.470554Z,2026-09-19T14:01:06.545048Z,sauce-names-1,sauce-match-1,rule:sauce-structured-1,shopify,1,2_longtail,,False,0,,single_source:shopify,0,,,v1
sauce:melinda-s|melinda-s-spicy-garlic-parmesan-wing-sauce-condiment,melinda-s,Melinda's Foods,melinda-s-spicy-garlic-parmesan-wing-sauce-condiment,Melinda’s Spicy Garlic Parmesan Wing Sauce & Condiment,,,,,retail_listing,https://melindas.com/products/melinda-s-spicy-garlic-parmesan-wing-sauce-condiment,6.99,USD,https://melindas.com/products/melinda-s-spicy-garlic-parmesan-wing-sauce-condiment,True,melindas.com,2026-09-19T11:09:45.470554Z,2026-09-19T14:01:06.545048Z,sauce-names-1,sauce-match-1,rule:sauce-structured-1,shopify,1,2_longtail,,False,0,,single_source:shopify,0,,,v1
sauce:melinda-s|melinda-s-squeezable-pepper-sauce-collection,melinda-s,Melinda's Foods,melinda-s-squeezable-pepper-sauce-collection,Melinda’s Squeezable Pepper Sauce Collection,,,,,unknown,https://melindas.com/products/melinda-s-squeezable-pepper-sauce-collection,37.99,USD,https://melindas.com/products/melinda-s-squeezable-pepper-sauce-collection,False,melindas.com,2026-09-19T11:09:45.470554Z,2026-09-19T14:01:06.545048Z,sauce-names-1,sauce-match-1,rule:sauce-structured-1,shopify,1,2_longtail,,False,0,,single_source:shopify,0,,,v1
sauce:melinda-s|melinda-s-sriracha,melinda-s,Melinda's Foods,melinda-s-sriracha,Melinda’s Sriracha Hot Sauce,,,,,retail_listing,https://melindas.com/products/melinda-s-sriracha-hot-sauce,6.99,USD,https://melindas.com/products/melinda-s-sriracha-hot-sauce,True,melindas.com,2026-09-19T11:09:45.470554Z,2026-09-19T14:01:06.545048Z,sauce-names-1,sauce-match-1,rule:sauce-structured-1,shopify,1,2_longtail,,False,0,,single_source:shopify,0,,,v1
sauce:melinda-s|melinda-s-sweet-spicy-japanese-barbecue,melinda-s,Melinda's Foods,melinda-s-sweet-spicy-japanese-barbecue,Melinda’s Sweet & Spicy Japanese Barbecue,12oz,,,,retail_listing,https://melindas.com/products/melinda-s-sweet-spicy-japanese-barbecue-12oz,6.99,USD,https://melindas.com/products/melinda-s-sweet-spicy-japanese-barbecue-12oz,True,melindas.com,2026-09-19T11:09:45.470554Z,2026-09-19T14:01:06.545048Z,sauce-names-1,sauce-match-1,rule:sauce-structured-1,shopify,1,2_longtail,,False,0,,single_source:shopify,0,,,v1
sauce:melinda-s|melinda-s-tex-mex,melinda-s,Melinda's Foods,melinda-s-tex-mex,Melinda’s Tex-Mex Hot Sauce,,,,,retail_listing,https://melindas.com/products/melinda-s-tex-mex-hot-sauce,7.95,USD,https://melindas.com/products/melinda-s-tex-mex-hot-sauce,True,melindas.com,2026-09-19T11:09:45.470554Z,2026-09-19T14:01:06.545048Z,sauce-names-1,sauce-match-1,rule:sauce-structured-1,shopify,1,2_longtail,,False,0,,single_source:shopify,0,,,v1
sauce:melinda-s|melinda-s-thai-sweet-chili,melinda-s,Melinda's Foods,melinda-s-thai-sweet-chili,Melinda’s Thai Sweet Chili Sauce,,,,,retail_listing,https://melindas.com/products/melinda-s-thai-sweet-chili-sauce,6.99,USD,https://melindas.com/products/melinda-s-thai-sweet-chili-sauce,True,melindas.com,2026-09-19T11:09:45.470554Z,2026-09-19T14:01:06.545048Z,sauce-names-1,sauce-match-1,rule:sauce-structured-1,shopify,1,2_longtail,,False,0,,single_source:shopify,0,,,v1
sauce:melinda-s|melinda-s-trinidad-moruga-scorpion-pepper-sauce-squeeze,melinda-s,Melinda's Foods,melinda-s-trinidad-moruga-scorpion-pepper-sauce-squeeze,Melinda’s Trinidad Moruga Scorpion Pepper Sauce (Squeeze),,,,,unknown,https://melindas.com/products/melinda-s-trinidad-moruga-scorpion-pepper-sauce-squeeze,6.99,USD,https://melindas.com/products/melinda-s-trinidad-moruga-scorpion-pepper-sauce-squeeze,False,melindas.com,2026-09-19T11:09:45.470554Z,2026-09-19T14:01:06.545048Z,sauce-names-1,sauce-match-1,rule:sauce-structured-1,shopify,1,2_longtail,,False,0,,single_source:shopify,0,,,v1
sauce:melinda-s|melinda-s-asian-trio-collection,melinda-s,Melinda's Foods,melinda-s-asian-trio-collection,Melinda's Asian Trio Collection,,,,,unknown,https://melindas.com/products/melindas-asian-trio-collection,19.94,USD,https://melindas.com/products/melindas-asian-trio-collection,False,melindas.com,2026-09-19T11:09:45.470554Z,2026-09-19T14:01:06.545048Z,sauce-names-1,sauce-match-1,rule:sauce-structured-1,shopify,1,2_longtail,,False,0,,single_source:shopify,0,,,v1
sauce:melinda-s|melinda-s-ghost-hot-honey,melinda-s,Melinda's Foods,melinda-s-ghost-hot-honey,Melinda's Ghost Hot Honey,10oz,,,,unknown,https://melindas.com/products/melindas-ghost-hot-honey,11.99,USD,https://melindas.com/products/melindas-ghost-hot-honey,False,melindas.com,2026-09-19T11:09:45.470554Z,2026-09-19T14:01:06.545048Z,sauce-names-1,sauce-match-1,rule:sauce-structured-1,shopify,1,2_longtail,,False,0,,single_source:shopify,0,,,v1
sauce:melinda-s|melinda-s-hot-honey,melinda-s,Melinda's Foods,melinda-s-hot-honey,Melinda's Hot Honey,10oz,,,,unknown,https://melindas.com/products/melindas-hot-honey-10oz,11.99,USD,https://melindas.com/products/melindas-hot-honey-10oz,False,melindas.com,2026-09-19T11:09:45.470554Z,2026-09-19T14:01:06.545048Z,sauce-names-1,sauce-match-1,rule:sauce-structured-1,shopify,1,2_longtail,,False,0,,single_source:shopify,0,,,v1
sauce:melinda-s|melinda-s-xxxtra-hot-habanero-pepper-sauce-squeeze,melinda-s,Melinda's Foods,melinda-s-xxxtra-hot-habanero-pepper-sauce-squeeze,Melinda's XXXtra Hot Habanero Pepper Sauce (Squeeze),,,,,unknown,https://melindas.com/products/melindas-original-habanero-xxxtra-hot-pepper-sauce-2oz-mini-squeeze-copy,6.99,USD,https://melindas.com/products/melindas-original-habanero-xxxtra-hot-pepper-sauce-2oz-mini-squeeze-copy,False,melindas.com,2026-09-19T11:09:45.470554Z,2026-09-19T14:01:06.545048Z,sauce-names-1,sauce-match-1,rule:sauce-structured-1,shopify,1,2_longtail,,False,0,,single_source:shopify,0,,,v1
sauce:melinda-s|wing-connoisseur-collection,melinda-s,Melinda's Foods,wing-connoisseur-collection,Wing Connoisseur Collection,,,,,unknown,https://melindas.com/products/wing-connoisseur-collection,24.99,USD,https://melindas.com/products/wing-connoisseur-collection,False,melindas.com,2026-09-19T11:09:45.470554Z,2026-09-19T14:01:06.545048Z,sauce-names-1,sauce-match-1,rule:sauce-structured-1,shopify,1,2_longtail,,False,0,,single_source:shopify,0,,,v1
sauce:mesilla-valley|green-chile-black-bean-corn-salsa,mesilla-valley,Mesilla Valley,green-chile-black-bean-corn-salsa,Green Chile Black Bean & Corn Salsa,,,,,retail_listing,https://ziachile.com/products/green-chile-black-bean-corn-salsa,10.00,USD,https://ziachile.com/products/green-chile-black-bean-corn-salsa,True,ziachile.com,2026-09-19T11:09:45.470554Z,2026-09-19T14:01:06.545048Z,sauce-names-1,sauce-match-1,rule:sauce-structured-1,shopify,1,2_longtail,,False,0,,single_source:shopify,0,,,v1
sauce:mesilla-valley|green-chile-raspberry-chipotle-salsa,mesilla-valley,Mesilla Valley,green-chile-raspberry-chipotle-salsa,Green Chile Raspberry Chipotle Salsa,,,,,retail_listing,https://ziachile.com/products/green-chile-raspberry-chipotle-salsa,10.00,USD,https://ziachile.com/products/green-chile-raspberry-chipotle-salsa,True,ziachile.com,2026-09-19T11:09:45.470554Z,2026-09-19T14:01:06.545048Z,sauce-names-1,sauce-match-1,rule:sauce-structured-1,shopify,1,2_longtail,,False,0,,single_source:shopify,0,,,v1
sauce:mesilla-valley|hatch-chile-apple-pie-salsa,mesilla-valley,Mesilla Valley,hatch-chile-apple-pie-salsa,Hatch Chile Apple Pie Salsa,,,,,retail_listing,https://ziachile.com/products/hatch-chile-apple-pie-salsa,10.00,USD,https://ziachile.com/products/hatch-chile-apple-pie-salsa,True,ziachile.com,2026-09-19T11:09:45.470554Z,2026-09-19T14:01:06.545048Z,sauce-names-1,sauce-match-1,rule:sauce-structured-1,shopify,1,2_longtail,,False,0,,single_source:shopify,0,,,v1
sauce:mesilla-valley|hatch-chile-christmas-salsa-hot,mesilla-valley,Mesilla Valley,hatch-chile-christmas-salsa-hot,Hatch Chile Christmas Salsa (Hot),,,,,retail_listing,https://ziachile.com/products/hatch-chile-christmas-salsa-hot,10.00,USD,https://ziachile.com/products/hatch-chile-christmas-salsa-hot,True,ziachile.com,2026-09-19T11:09:45.470554Z,2026-09-19T14:01:06.545048Z,sauce-names-1,sauce-match-1,rule:sauce-structured-1,shopify,1,2_longtail,,False,0,,single_source:shopify,0,,,v1
sauce:mesilla-valley|hatch-chile-christmas-salsa-medium,mesilla-valley,Mesilla Valley,hatch-chile-christmas-salsa-medium,Hatch Chile Christmas Salsa (Medium),,,,,retail_listing,https://ziachile.com/products/hatch-chile-christmas-salsa-medium,10.00,USD,https://ziachile.com/products/hatch-chile-christmas-salsa-medium,True,ziachile.com,2026-09-19T11:09:45.470554Z,2026-09-19T14:01:06.545048Z,sauce-names-1,sauce-match-1,rule:sauce-structured-1,shopify,1,2_longtail,,False,0,,single_source:shopify,0,,,v1
sauce:mesilla-valley|hatch-chile-salsa-hot,mesilla-valley,Mesilla Valley,hatch-chile-salsa-hot,Hatch Chile Salsa (Hot),,,,,retail_listing,https://ziachile.com/products/hatch-chile-salsa-hot,10.00,USD,https://ziachile.com/products/hatch-chile-salsa-hot,True,ziachile.com,2026-09-19T11:09:45.470554Z,2026-09-19T14:01:06.545048Z,sauce-names-1,sauce-match-1,rule:sauce-structured-1,shopify,1,2_longtail,,False,0,,single_source:shopify,0,,,v1
sauce:mesilla-valley|hatch-chile-salsa-medium,mesilla-valley,Mesilla Valley,hatch-chile-salsa-medium,Hatch Chile Salsa (Medium),,,,,retail_listing,https://ziachile.com/products/hatch-chile-salsa-medium,10.00,USD,https://ziachile.com/products/hatch-chile-salsa-medium,True,ziachile.com,2026-09-19T11:09:45.470554Z,2026-09-19T14:01:06.545048Z,sauce-names-1,sauce-match-1,rule:sauce-structured-1,shopify,1,2_longtail,,False,0,,single_source:shopify,0,,,v1
sauce:mesilla-valley|hatch-chile-salsa-mild,mesilla-valley,Mesilla Valley,hatch-chile-salsa-mild,Hatch Chile Salsa (Mild),,,,,retail_listing,https://ziachile.com/products/hatch-chile-salsa-mild,10.00,USD,https://ziachile.com/products/hatch-chile-salsa-mild,True,ziachile.com,2026-09-19T11:09:45.470554Z,2026-09-19T14:01:06.545048Z,sauce-names-1,sauce-match-1,rule:sauce-structured-1,shopify,1,2_longtail,,False,0,,single_source:shopify,0,,,v1
sauce:mesilla-valley|hatch-chile-salsa-hot-lumbre,mesilla-valley,Mesilla Valley,hatch-chile-salsa-hot-lumbre,Hatch Chile Salsa - (Hot Lumbre),,,,,retail_listing,https://ziachile.com/products/hatch-chile-salsa-xxx-hot-lumbre,10.00,USD,https://ziachile.com/products/hatch-chile-salsa-xxx-hot-lumbre,True,ziachile.com,2026-09-19T11:09:45.470554Z,2026-09-19T14:01:06.545048Z,sauce-names-1,sauce-match-1,rule:sauce-structured-1,shopify,1,2_longtail,,False,0,,single_source:shopify,0,,,v1
sauce:mesilla-valley|margarita-salsa,mesilla-valley,Mesilla Valley,margarita-salsa,Margarita Salsa,,,,,retail_listing,https://ziachile.com/products/margarita-salsa,10.00,USD,https://ziachile.com/products/margarita-salsa,True,ziachile.com,2026-09-19T11:09:45.470554Z,2026-09-19T14:01:06.545048Z,sauce-names-1,sauce-match-1,rule:sauce-structured-1,shopify,1,2_longtail,,False,0,,single_source:shopify,0,,,v1
sauce:mesilla-valley|new-mex-itali-salsa,mesilla-valley,Mesilla Valley,new-mex-itali-salsa,New Mex-Itali Salsa,,,,,retail_listing,https://ziachile.com/products/new-mex-itali-salsa,10.00,USD,https://ziachile.com/products/new-mex-itali-salsa,True,ziachile.com,2026-09-19T11:09:45.470554Z,2026-09-19T14:01:06.545048Z,sauce-names-1,sauce-match-1,rule:sauce-structured-1,shopify,1,2_longtail,,False,0,,single_source:shopify,0,,,v1
sauce:mesilla-valley|original-hatch-salsa,mesilla-valley,Mesilla Valley,original-hatch-salsa,Original Hatch Salsa,,,,,retail_listing,https://ziachile.com/products/original-hatch-salsa,10.00,USD,https://ziachile.com/products/original-hatch-salsa,True,ziachile.com,2026-09-19T11:09:45.470554Z,2026-09-19T14:01:06.545048Z,sauce-names-1,sauce-match-1,rule:sauce-structured-1,shopify,1,2_longtail,,False,0,,single_source:shopify,0,,,v1
sauce:mesilla-valley|pineapple-mango-salsa-verde,mesilla-valley,Mesilla Valley,pineapple-mango-salsa-verde,Pineapple Mango Salsa Verde,,,,,retail_listing,https://ziachile.com/products/pineapple-mango-salsa-verde,10.00,USD,https://ziachile.com/products/pineapple-mango-salsa-verde,True,ziachile.com,2026-09-19T11:09:45.470554Z,2026-09-19T14:01:06.545048Z,sauce-names-1,sauce-match-1,rule:sauce-structured-1,shopify,1,2_longtail,,False,0,,single_source:shopify,0,,,v1
sauce:mesilla-valley|ragin-roadrunner-salsa,mesilla-valley,Mesilla Valley,ragin-roadrunner-salsa,Ragin' Roadrunner Salsa,,,,,retail_listing,https://ziachile.com/products/ragin-roadrunner-salsa,10.00,USD,https://ziachile.com/products/ragin-roadrunner-salsa,True,ziachile.com,2026-09-19T11:09:45.470554Z,2026-09-19T14:01:06.545048Z,sauce-names-1,sauce-match-1,rule:sauce-structured-1,shopify,1,2_longtail,,False,0,,single_source:shopify,0,,,v1
sauce:mike-jack-eats-heat|taco-tuesday,mike-jack-eats-heat,Mike Jack Eats Heat,taco-tuesday,Taco Tuesday,,,,,unknown,https://heathotsauce.com/products/mike-jack-eats-heat-taco-tuesday,11.99,USD,https://heathotsauce.com/products/mike-jack-eats-heat-taco-tuesday,False,heathotsauce.com,2026-09-19T13:52:25.427841Z,2026-09-19T14:01:06.545048Z,sauce-names-1,sauce-match-1,rule:sauce-structured-1,shopify,1,2_longtail,,False,0,,single_source:shopify,0,,,v1
sauce:mike-jack-eats-heat|tropical-fury,mike-jack-eats-heat,Mike Jack Eats Heat,tropical-fury,Tropical Fury,,,,,retail_listing,https://heathotsauce.com/products/mike-jack-eats-heat-tropical-fury,11.99,USD,https://heathotsauce.com/products/mike-jack-eats-heat-tropical-fury,True,heathotsauce.com,2026-09-19T13:52:25.427841Z,2026-09-19T14:01:06.545048Z,sauce-names-1,sauce-match-1,rule:sauce-structured-1,shopify,1,2_longtail,,False,0,,single_source:shopify,0,,,v1
sauce:mike-s-hot-honey|dip-cup,mike-s-hot-honey,Mike's Hot Honey,dip-cup,Dip Cup ( ),1oz 80ct,,,,retail_listing,https://mikeshothoney.com/products/copy-of-mikes-hot-honey-dip-cups-case-of-90,59.53,USD,https://mikeshothoney.com/products/copy-of-mikes-hot-honey-dip-cups-case-of-90,True,mikeshothoney.com,2026-09-19T11:09:45.470554Z,2026-09-19T14:01:06.545048Z,sauce-names-1,sauce-match-1,rule:sauce-structured-1,shopify,1,2_longtail,,False,0,,single_source:shopify,0,,,v1
sauce:mike-s-hot-honey|burgundy-pennant,mike-s-hot-honey,Mike's Hot Honey,burgundy-pennant,Burgundy Pennant,,,,,retail_listing,https://mikeshothoney.com/products/mhh-burgundy-pennant-1ct,24.99,USD,https://mikeshothoney.com/products/mhh-burgundy-pennant-1ct,True,mikeshothoney.com,2026-09-19T11:09:45.470554Z,2026-09-19T14:01:06.545048Z,sauce-names-1,sauce-match-1,rule:sauce-structured-1,shopify,1,2_longtail,,False,0,,single_source:shopify,0,,,v1
sauce:mike-s-hot-honey|pin-og-bottle,mike-s-hot-honey,Mike's Hot Honey,pin-og-bottle,Pin OG Bottle,,,,,retail_listing,https://mikeshothoney.com/products/mhh-sample-mhhpinogbottle1ct,9.99,USD,https://mikeshothoney.com/products/mhh-sample-mhhpinogbottle1ct,True,mikeshothoney.com,2026-09-19T11:09:45.470554Z,2026-09-19T14:01:06.545048Z,sauce-names-1,sauce-match-1,rule:sauce-structured-1,shopify,1,2_longtail,,False,0,,single_source:shopify,0,,,v1
sauce:mike-s-hot-honey|packet,mike-s-hot-honey,Mike's Hot Honey,packet,Packet ( ),0.5oz 100ct,,,,retail_listing,https://mikeshothoney.com/products/mike-s-hot-honey-squeeze-packets-case-of-100,62.35,USD,https://mikeshothoney.com/products/mike-s-hot-honey-squeeze-packets-case-of-100,True,mikeshothoney.com,2026-09-19T11:09:45.470554Z,2026-09-19T14:01:06.545048Z,sauce-names-1,sauce-match-1,rule:sauce-structured-1,shopify,1,2_longtail,,False,0,,single_source:shopify,0,,,v1
sauce:mike-s-hot-honey|chef-s-bottle,mike-s-hot-honey,Mike's Hot Honey,chef-s-bottle,Chef's Bottle ( ),24oz 4ct,,,,retail_listing,https://mikeshothoney.com/products/mikes-hot-honey-24-oz-chefs-bottle-wholesale,67.44,USD,https://mikeshothoney.com/products/mikes-hot-honey-24-oz-chefs-bottle-wholesale,True,mikeshothoney.com,2026-09-19T11:09:45.470554Z,2026-09-19T14:01:06.545048Z,sauce-names-1,sauce-match-1,rule:sauce-structured-1,shopify,1,2_longtail,,False,0,,single_source:shopify,0,,,v1
sauce:mike-s-hot-honey|hedley-bennett-apron,mike-s-hot-honey,Mike's Hot Honey,hedley-bennett-apron,Hedley & Bennett Apron,,,,,retail_listing,https://mikeshothoney.com/products/mikes-hot-honey-hedley-bennett-apron,128.99,USD,https://mikeshothoney.com/products/mikes-hot-honey-hedley-bennett-apron,True,mikeshothoney.com,2026-09-19T11:09:45.470554Z,2026-09-19T14:01:06.545048Z,sauce-names-1,sauce-match-1,rule:sauce-structured-1,shopify,1,2_longtail,,False,0,,single_source:shopify,0,,,v1
sauce:mike-s-hot-honey|mini-jar,mike-s-hot-honey,Mike's Hot Honey,mini-jar,Mini Jar ( ),1.55oz 12ct,,,,retail_listing,https://mikeshothoney.com/products/mikes-hot-honey-mini-jars-case-of-13,28.80,USD,https://mikeshothoney.com/products/mikes-hot-honey-mini-jars-case-of-13,True,mikeshothoney.com,2026-09-19T11:09:45.470554Z,2026-09-19T14:01:06.545048Z,sauce-names-1,sauce-match-1,rule:sauce-structured-1,shopify,1,2_longtail,,False,0,,single_source:shopify,0,,,v1
sauce:mike-s-hot-honey|bottle,mike-s-hot-honey,Mike's Hot Honey,bottle,Bottle ( ),12oz 6ct,,,,retail_listing,https://mikeshothoney.com/products/practice-copy-of-mikes-hot-honey-12-oz-squeeze-bottle-case-of-6,54.18,USD,https://mikeshothoney.com/products/practice-copy-of-mikes-hot-honey-12-oz-squeeze-bottle-case-of-6,True,mikeshothoney.com,2026-09-19T11:09:45.470554Z,2026-09-19T14:01:06.545048Z,sauce-names-1,sauce-match-1,rule:sauce-structured-1,shopify,1,2_longtail,,False,0,,single_source:shopify,0,,,v1
sauce:mikey-v-s|texas-ex-s,mikey-v-s,Mikey V's,texas-ex-s,Texas Ex's Hot Sauce,,,,,retail_listing,https://puckerbuttpeppercompany.com/products/mikey-v-texas-exs-hot-sauce,8.00,USD,https://puckerbuttpeppercompany.com/products/mikey-v-texas-exs-hot-sauce,True,puckerbuttpeppercompany.com,2026-09-19T11:09:45.470554Z,2026-09-19T14:01:06.545048Z,sauce-names-1,sauce-match-1,rule:sauce-structured-1,shopify,1,2_longtail,,True,1,sauce:mikey-v-s|texas-exs,single_source:shopify,0,,,v1
sauce:mikey-v-s|roasted-garlic-reaper,mikey-v-s,Mikey V's,roasted-garlic-reaper,Roasted Garlic Reaper,,,,,unknown,https://puckerbuttpeppercompany.com/products/mikey-vr-roasted-garlic-reaper,13.00,USD,https://puckerbuttpeppercompany.com/products/mikey-vr-roasted-garlic-reaper,False,puckerbuttpeppercompany.com,2026-09-19T11:09:45.470554Z,2026-09-19T14:01:06.545048Z,sauce-names-1,sauce-match-1,rule:sauce-structured-1,shopify,1,2_longtail,,False,0,,single_source:shopify,0,,,v1
sauce:mikey-v-s|512-roasted-jalapeno-hemp-seed,mikey-v-s,Mikey V's,512-roasted-jalapeno-hemp-seed,512 Roasted Jalapeno Hemp Seed,,,,,unknown,https://puckerbuttpeppercompany.com/products/mikey-vs-512-roasted-jalapeno-hemp-seed,8.00,USD,https://puckerbuttpeppercompany.com/products/mikey-vs-512-roasted-jalapeno-hemp-seed,False,puckerbuttpeppercompany.com,2026-09-19T11:09:45.470554Z,2026-09-19T14:01:06.545048Z,sauce-names-1,sauce-match-1,rule:sauce-structured-1,shopify,1,2_longtail,,False,0,,single_source:shopify,0,,,v1
sauce:mikey-v-s|e-a-f-o,mikey-v-s,Mikey V's,e-a-f-o,E.A.F.O.,,,,,unknown,https://puckerbuttpeppercompany.com/products/mikey-vs-e-a-f-o,20.00,USD,https://puckerbuttpeppercompany.com/products/mikey-vs-e-a-f-o,False,puckerbuttpeppercompany.com,2026-09-19T11:09:45.470554Z,2026-09-19T14:01:06.545048Z,sauce-names-1,sauce-match-1,rule:sauce-structured-1,shopify,1,2_longtail,,False,0,,single_source:shopify,0,,,v1
sauce:mikey-v-s|garlic-scorpion,mikey-v-s,Mikey V's,garlic-scorpion,Garlic Scorpion,,,,,unknown,https://puckerbuttpeppercompany.com/products/mikey-vs-garlic-scorpion,10.00,USD,https://puckerbuttpeppercompany.com/products/mikey-vs-garlic-scorpion,False,puckerbuttpeppercompany.com,2026-09-19T11:09:45.470554Z,2026-09-19T14:01:06.545048Z,sauce-names-1,sauce-match-1,rule:sauce-structured-1,shopify,1,2_longtail,,False,0,,single_source:shopify,0,,,v1
sauce:mikey-v-s|ghostly-garlic,mikey-v-s,Mikey V's,ghostly-garlic,Ghostly Garlic,,,,,unknown,https://puckerbuttpeppercompany.com/products/mikey-vs-ghostly-garlic,10.00,USD,https://puckerbuttpeppercompany.com/products/mikey-vs-ghostly-garlic,False,puckerbuttpeppercompany.com,2026-09-19T11:09:45.470554Z,2026-09-19T14:01:06.545048Z,sauce-names-1,sauce-match-1,rule:sauce-structured-1,shopify,1,2_longtail,,True,1,sauce:|ghostly-garlic,single_source:shopify,0,,,v1
sauce:mikey-v-s|mikey-v-a-hatch-green-chile-salsa,mikey-v-s,Mikey V's,mikey-v-a-hatch-green-chile-salsa,Mikey V'a Hatch Green Chile Salsa,,,,,unknown,https://puckerbuttpeppercompany.com/products/mikey-vs-hatch-green-chile-salsa,9.00,USD,https://puckerbuttpeppercompany.com/products/mikey-vs-hatch-green-chile-salsa,False,puckerbuttpeppercompany.com,2026-09-19T11:09:45.470554Z,2026-09-19T14:01:06.545048Z,sauce-names-1,sauce-match-1,rule:sauce-structured-1,shopify,1,2_longtail,,False,0,,single_source:shopify,0,,,v1
sauce:mikey-v-s|hot-chip,mikey-v-s,Mikey V's,hot-chip,Hot Chip Sauce,,,,,retail_listing,https://puckerbuttpeppercompany.com/products/mikey-vs-hot-chip-sauce,6.00,USD,https://puckerbuttpeppercompany.com/products/mikey-vs-hot-chip-sauce,True,puckerbuttpeppercompany.com,2026-09-19T11:09:45.470554Z,2026-09-19T14:01:06.545048Z,sauce-names-1,sauce-match-1,rule:sauce-structured-1,shopify,1,2_longtail,,False,0,,single_source:shopify,0,,,v1
sauce:mikey-v-s|i-love-taco-so-much-hot,mikey-v-s,Mikey V's,i-love-taco-so-much-hot,I Love Taco So Much Hot,,,,,unknown,https://puckerbuttpeppercompany.com/products/mikey-vs-i-love-taco-so-much,8.00,USD,https://puckerbuttpeppercompany.com/products/mikey-vs-i-love-taco-so-much,False,puckerbuttpeppercompany.com,2026-09-19T11:09:45.470554Z,2026-09-19T14:01:06.545048Z,sauce-names-1,sauce-match-1,rule:sauce-structured-1,shopify,1,2_longtail,,False,0,,single_source:shopify,0,,,v1
sauce:mikey-v-s|moroccan-madness,mikey-v-s,Mikey V's,moroccan-madness,Moroccan Madness,,,,,unknown,https://puckerbuttpeppercompany.com/products/mikey-vs-moroccan-madness,10.00,USD,https://puckerbuttpeppercompany.com/products/mikey-vs-moroccan-madness,False,puckerbuttpeppercompany.com,2026-09-19T11:09:45.470554Z,2026-09-19T14:01:06.545048Z,sauce-names-1,sauce-match-1,rule:sauce-structured-1,shopify,1,2_longtail,,False,0,,single_source:shopify,0,,,v1
sauce:mikey-v-s|reaper-unleashed,mikey-v-s,Mikey V's,reaper-unleashed,Reaper Unleashed,,,,,unknown,https://puckerbuttpeppercompany.com/products/mikey-vs-reaper-unleashed,13.00,USD,https://puckerbuttpeppercompany.com/products/mikey-vs-reaper-unleashed,False,puckerbuttpeppercompany.com,2026-09-19T11:09:45.470554Z,2026-09-19T14:01:06.545048Z,sauce-names-1,sauce-match-1,rule:sauce-structured-1,shopify,1,2_longtail,,False,0,,single_source:shopify,0,,,v1
sauce:mikey-v-s|sam,mikey-v-s,Mikey V's,sam,Sam Sauce,,,,,unknown,https://puckerbuttpeppercompany.com/products/mikey-vs-sam-sauce,13.00,USD,https://puckerbuttpeppercompany.com/products/mikey-vs-sam-sauce,False,puckerbuttpeppercompany.com,2026-09-19T11:09:45.470554Z,2026-09-19T14:01:06.545048Z,sauce-names-1,sauce-match-1,rule:sauce-structured-1,shopify,1,2_longtail,,False,0,,single_source:shopify,0,,,v1
sauce:mikey-v-s|sweet-ghost-pepper,mikey-v-s,Mikey V's,sweet-ghost-pepper,Sweet Ghost Pepper,,,,,unknown,https://puckerbuttpeppercompany.com/products/mikey-vs-sweet-ghost-pepper,8.00,USD,https://puckerbuttpeppercompany.com/products/mikey-vs-sweet-ghost-pepper,False,puckerbuttpeppercompany.com,2026-09-19T11:09:45.470554Z,2026-09-19T14:01:06.545048Z,sauce-names-1,sauce-match-1,rule:sauce-structured-1,shopify,1,2_longtail,,False,0,,single_source:shopify,0,,,v1
sauce:mikey-v-s|zing-mild,mikey-v-s,Mikey V's,zing-mild,Zing Mild Sauce,,,,,unknown,https://puckerbuttpeppercompany.com/products/mikey-vs-zing-mild-sauce,8.00,USD,https://puckerbuttpeppercompany.com/products/mikey-vs-zing-mild-sauce,False,puckerbuttpeppercompany.com,2026-09-19T11:09:45.470554Z,2026-09-19T14:01:06.545048Z,sauce-names-1,sauce-match-1,rule:sauce-structured-1,shopify,1,2_longtail,,False,0,,single_source:shopify,0,,,v1
sauce:mikey-v-s|i-love-taco-so-much-mild,mikey-v-s,Mikey V's,i-love-taco-so-much-mild,I Love Taco So Much Mild,,,,,unknown,https://puckerbuttpeppercompany.com/products/mikeys-i-love-taco-so-much,6.00,USD,https://puckerbuttpeppercompany.com/products/mikeys-i-love-taco-so-much,False,puckerbuttpeppercompany.com,2026-09-19T11:09:45.470554Z,2026-09-19T14:01:06.545048Z,sauce-names-1,sauce-match-1,rule:sauce-structured-1,shopify,1,2_longtail,,False,0,,single_source:shopify,0,,,v1
sauce:mikey-vs|mikey-v-s-sam-s,mikey-vs,Mikey Vs,mikey-v-s-sam-s,Mikey V's - Sam's Sauce,,,,,unknown,https://crafthotsauce.com/products/sams-sauce,10.00,USD,https://crafthotsauce.com/products/sams-sauce,False,crafthotsauce.com,2026-09-19T13:52:25.427841Z,2026-09-19T14:01:06.545048Z,sauce-names-1,sauce-match-1,rule:sauce-structured-1,shopify,1,2_longtail,,False,0,,single_source:shopify,0,,,v1
sauce:moe-mountain|green-envy,moe-mountain,Moe Mountain Hot Sauce,green-envy,Green Envy,,,,,unknown,https://crafthotsauce.com/products/moe-mountain-green-envy,9.00,USD,https://crafthotsauce.com/products/moe-mountain-green-envy,False,crafthotsauce.com,2026-09-19T13:52:25.427841Z,2026-09-19T14:01:06.545048Z,sauce-names-1,sauce-match-1,rule:sauce-structured-1,shopify,1,2_longtail,,False,0,,single_source:shopify,0,,,v1
sauce:moe-mountain|hot-lava,moe-mountain,Moe Mountain Hot Sauce,hot-lava,Hot Lava,,,,,unknown,https://crafthotsauce.com/products/moe-mountain-hot-lava,9.00,USD,https://crafthotsauce.com/products/moe-mountain-hot-lava,False,crafthotsauce.com,2026-09-19T13:52:25.427841Z,2026-09-19T14:01:06.545048Z,sauce-names-1,sauce-match-1,rule:sauce-structured-1,shopify,1,2_longtail,,False,0,,single_source:shopify,0,,,v1
sauce:moe-mountain|original,moe-mountain,Moe Mountain Hot Sauce,original,Original,,,,,unknown,https://crafthotsauce.com/products/moe-mountain-original-hot-sauce,8.50,USD,https://crafthotsauce.com/products/moe-mountain-original-hot-sauce,False,crafthotsauce.com,2026-09-19T13:52:25.427841Z,2026-09-19T14:01:06.545048Z,sauce-names-1,sauce-match-1,rule:sauce-structured-1,shopify,1,2_longtail,,True,23,sauce:82-s|original|sauce:bombanana|original|sauce:bruce|original|sauce:buldak|original|sauce:char-man|original,single_source:shopify,0,,,v1
sauce:my-spice-buds|complete-mirchi-collection,my-spice-buds,My Spice Buds,complete-mirchi-collection,Complete Mirchi Collection,,,,,retail_listing,https://myspicebuds.com/products/all-four-mirchi-hot-sauce-bundle,53.00,USD,https://myspicebuds.com/products/all-four-mirchi-hot-sauce-bundle,True,myspicebuds.com,2026-09-19T11:09:45.470554Z,2026-09-19T14:01:06.545048Z,sauce-names-1,sauce-match-1,rule:sauce-structured-1,shopify,1,2_longtail,,False,0,,single_source:shopify,0,,,v1
sauce:my-spice-buds|fiery-mirchi,my-spice-buds,My Spice Buds,fiery-mirchi,Fiery Mirchi Hot Sauce,,,,,retail_listing,https://myspicebuds.com/products/fiery-mirchi-hot-sauce,14.00,USD,https://myspicebuds.com/products/fiery-mirchi-hot-sauce,True,myspicebuds.com,2026-09-19T11:09:45.470554Z,2026-09-19T14:01:06.545048Z,sauce-names-1,sauce-match-1,rule:sauce-structured-1,shopify,1,2_longtail,,False,0,,single_source:shopify,0,,,v1
sauce:my-spice-buds|mango-mirchi,my-spice-buds,My Spice Buds,mango-mirchi,Mango Mirchi Hot Sauce,,,,,retail_listing,https://myspicebuds.com/products/mango-mirchi-hot-sauce,14.00,USD,https://myspicebuds.com/products/mango-mirchi-hot-sauce,True,myspicebuds.com,2026-09-19T11:09:45.470554Z,2026-09-19T14:01:06.545048Z,sauce-names-1,sauce-match-1,rule:sauce-structured-1,shopify,1,2_longtail,,False,0,,single_source:shopify,0,,,v1
sauce:my-spice-buds|tangy-mirchi-sweet,my-spice-buds,My Spice Buds,tangy-mirchi-sweet,Tangy Mirchi Sweet & Hot Sauce,,,,,retail_listing,https://myspicebuds.com/products/tangy-mirchi-hot-sauce,16.00,USD,https://myspicebuds.com/products/tangy-mirchi-hot-sauce,True,myspicebuds.com,2026-09-19T11:09:45.470554Z,2026-09-19T14:01:06.545048Z,sauce-names-1,sauce-match-1,rule:sauce-structured-1,shopify,1,2_longtail,,False,0,,single_source:shopify,0,,,v1
sauce:newks-sauces|all-10-flavors,newks-sauces,Newks Sauces,all-10-flavors,All 10 Flavors,,,,,retail_listing,https://newkssauces.com/products/all-10-flavors,95.00,USD,https://newkssauces.com/products/all-10-flavors,True,newkssauces.com,2026-09-19T11:09:45.470554Z,2026-09-19T14:01:06.545048Z,sauce-names-1,sauce-match-1,rule:sauce-structured-1,shopify,1,2_longtail,,False,0,,single_source:shopify,0,,,v1
sauce:newks-sauces|blazin-raisin-medium,newks-sauces,Newks Sauces,blazin-raisin-medium,The Blazin' Raisin (Medium),,,,,retail_listing,https://newkssauces.com/products/blazin-raisin,15.00,USD,https://newkssauces.com/products/blazin-raisin,True,newkssauces.com,2026-09-19T11:09:45.470554Z,2026-09-19T14:01:06.545048Z,sauce-names-1,sauce-match-1,rule:sauce-structured-1,shopify,1,2_longtail,,False,0,,single_source:shopify,0,,,v1
sauce:newks-sauces|hot-sauce-box-set,newks-sauces,Newks Sauces,hot-sauce-box-set,Hot Sauce Box Set!,5 Bottle,,,,retail_listing,https://newkssauces.com/products/build-your-own-5-bottle-bundle,55.00,USD,https://newkssauces.com/products/build-your-own-5-bottle-bundle,True,newkssauces.com,2026-09-19T11:09:45.470554Z,2026-09-19T14:01:06.545048Z,sauce-names-1,sauce-match-1,rule:sauce-structured-1,shopify,1,2_longtail,,False,0,,single_source:shopify,0,,,v1
sauce:newks-sauces|earthless-cosmic-verde,newks-sauces,Newks Sauces,earthless-cosmic-verde,EARTHLESS 'Cosmic Verde' Hot Sauce,,,,,retail_listing,https://newkssauces.com/products/earthless-cosmic-verde-hot-sauce,15.00,USD,https://newkssauces.com/products/earthless-cosmic-verde-hot-sauce,True,newkssauces.com,2026-09-19T11:09:45.470554Z,2026-09-19T14:01:06.545048Z,sauce-names-1,sauce-match-1,rule:sauce-structured-1,shopify,1,2_longtail,,False,0,,single_source:shopify,0,,,v1
sauce:newks-sauces|elderfire-mango-habanero-ginger,newks-sauces,Newks Sauces,elderfire-mango-habanero-ginger,Elderfire Mango (Habanero + Ginger),,,,,retail_listing,https://newkssauces.com/products/elder-collectors-edition-hot-sauce-5-oz,15.00,USD,https://newkssauces.com/products/elder-collectors-edition-hot-sauce-5-oz,True,newkssauces.com,2026-09-19T11:09:45.470554Z,2026-09-19T14:01:06.545048Z,sauce-names-1,sauce-match-1,rule:sauce-structured-1,shopify,1,2_longtail,,False,0,,single_source:shopify,0,,,v1
sauce:newks-sauces|grillos-pickles-dill-habanero,newks-sauces,Newks Sauces,grillos-pickles-dill-habanero,Grillos Pickles (Dill + Habanero),,,,,retail_listing,https://newkssauces.com/products/grillos-pickles-hot-sauce-pre-order-orders-ship-6-17,15.00,USD,https://newkssauces.com/products/grillos-pickles-hot-sauce-pre-order-orders-ship-6-17,True,newkssauces.com,2026-09-19T11:09:45.470554Z,2026-09-19T14:01:06.545048Z,sauce-names-1,sauce-match-1,rule:sauce-structured-1,shopify,1,2_longtail,,False,0,,single_source:shopify,0,,,v1
sauce:newks-sauces|elder-reflections-of-a-floating-world-hot-sauce-back-in-stock,newks-sauces,Newks Sauces,elder-reflections-of-a-floating-world-hot-sauce-back-in-stock,ELDER 'Reflections of a Floating World' Hot Sauce (BACK IN STOCK),,,,,retail_listing,https://newkssauces.com/products/limited-edition-elder-band-hot-sauce,15.00,USD,https://newkssauces.com/products/limited-edition-elder-band-hot-sauce,True,newkssauces.com,2026-09-19T11:09:45.470554Z,2026-09-19T14:01:06.545048Z,sauce-names-1,sauce-match-1,rule:sauce-structured-1,shopify,1,2_longtail,,False,0,,single_source:shopify,0,,,v1
sauce:newks-sauces|newks-bada-bing-hot-sauce-calabrian-chili-sauce,newks-sauces,Newks Sauces,newks-bada-bing-hot-sauce-calabrian-chili-sauce,Newks Bada-Bing Hot Sauce (Calabrian Chili Sauce),,,,,retail_listing,https://newkssauces.com/products/newks-bada-bing-hot-sauce,15.00,USD,https://newkssauces.com/products/newks-bada-bing-hot-sauce,True,newkssauces.com,2026-09-19T11:09:45.470554Z,2026-09-19T14:01:06.545048Z,sauce-names-1,sauce-match-1,rule:sauce-structured-1,shopify,1,2_longtail,,False,0,,single_source:shopify,0,,,v1
sauce:newks-sauces|newks-bada-boom-as-seen-on-hot-ones,newks-sauces,Newks Sauces,newks-bada-boom-as-seen-on-hot-ones,Newks Bada-Boom (As Seen On Hot Ones),,,,,unknown,https://newkssauces.com/products/newks-bada-boom-as-seen-on-hot-ones,15.00,USD,https://newkssauces.com/products/newks-bada-boom-as-seen-on-hot-ones,False,newkssauces.com,2026-09-19T11:09:45.470554Z,2026-09-19T14:01:06.545048Z,sauce-names-1,sauce-match-1,rule:sauce-structured-1,shopify,1,2_longtail,,False,0,,single_source:shopify,0,,,v1
sauce:newks-sauces|groovy-green-apple-jalapeno,newks-sauces,Newks Sauces,groovy-green-apple-jalapeno,Groovy Green (Apple + Jalapeño),,,,,retail_listing,https://newkssauces.com/products/newks-groovy-green-5-oz-bottle,15.00,USD,https://newkssauces.com/products/newks-groovy-green-5-oz-bottle,True,newkssauces.com,2026-09-19T11:09:45.470554Z,2026-09-19T14:01:06.545048Z,sauce-names-1,sauce-match-1,rule:sauce-structured-1,shopify,1,2_longtail,,False,0,,single_source:shopify,0,,,v1
sauce:newks-sauces|hot-pepper-sauce-banana-carolina-reaper,newks-sauces,Newks Sauces,hot-pepper-sauce-banana-carolina-reaper,Hot Pepper Sauce (Banana + Carolina Reaper),,,,,retail_listing,https://newkssauces.com/products/newks-hot-5-oz-bottle,15.00,USD,https://newkssauces.com/products/newks-hot-5-oz-bottle,True,newkssauces.com,2026-09-19T11:09:45.470554Z,2026-09-19T14:01:06.545048Z,sauce-names-1,sauce-match-1,rule:sauce-structured-1,shopify,1,2_longtail,,False,0,,single_source:shopify,0,,,v1
sauce:newks-sauces|newks-og-sauce-the-kinda-mild-banana-habanero,newks-sauces,Newks Sauces,newks-og-sauce-the-kinda-mild-banana-habanero,Newks OG Sauce - The 'Kinda Mild' (Banana + Habanero),,,,,retail_listing,https://newkssauces.com/products/newks-mild,15.00,USD,https://newkssauces.com/products/newks-mild,True,newkssauces.com,2026-09-19T11:09:45.470554Z,2026-09-19T14:01:06.545048Z,sauce-names-1,sauce-match-1,rule:sauce-structured-1,shopify,1,2_longtail,,False,0,,single_source:shopify,0,,,v1
sauce:newks-sauces|newks-pins-multiple-designs,newks-sauces,Newks Sauces,newks-pins-multiple-designs,Newks Pins (multiple designs),,,,,retail_listing,https://newkssauces.com/products/newks-pins,5.00,USD,https://newkssauces.com/products/newks-pins,True,newkssauces.com,2026-09-19T11:09:45.470554Z,2026-09-19T14:01:06.545048Z,sauce-names-1,sauce-match-1,rule:sauce-structured-1,shopify,1,2_longtail,,False,0,,single_source:shopify,0,,,v1
sauce:newks-sauces|smokey-chipotle-beets-garlic,newks-sauces,Newks Sauces,smokey-chipotle-beets-garlic,Smokey Chipotle (Beets + Garlic),,,,,retail_listing,https://newkssauces.com/products/newks-smokey-chipotle-hot-sauce-5-fl-oz,15.00,USD,https://newkssauces.com/products/newks-smokey-chipotle-hot-sauce-5-fl-oz,True,newkssauces.com,2026-09-19T11:09:45.470554Z,2026-09-19T14:01:06.545048Z,sauce-names-1,sauce-match-1,rule:sauce-structured-1,shopify,1,2_longtail,,False,0,,single_source:shopify,0,,,v1
sauce:newks-sauces|newks-tote-bag,newks-sauces,Newks Sauces,newks-tote-bag,Newks Tote Bag,,,,,retail_listing,https://newkssauces.com/products/newks-tote-bag,12.00,USD,https://newkssauces.com/products/newks-tote-bag,True,newkssauces.com,2026-09-19T11:09:45.470554Z,2026-09-19T14:01:06.545048Z,sauce-names-1,sauce-match-1,rule:sauce-structured-1,shopify,1,2_longtail,,False,0,,single_source:shopify,0,,,v1
sauce:newks-sauces|oregon-zoo-fundraiser-hot-sauce,newks-sauces,Newks Sauces,oregon-zoo-fundraiser-hot-sauce,Oregon Zoo Fundraiser Hot Sauce!,,,,,retail_listing,https://newkssauces.com/products/oregon-zoo-fundraiser-hot-sauce,15.00,USD,https://newkssauces.com/products/oregon-zoo-fundraiser-hot-sauce,True,newkssauces.com,2026-09-19T11:09:45.470554Z,2026-09-19T14:01:06.545048Z,sauce-names-1,sauce-match-1,rule:sauce-structured-1,shopify,1,2_longtail,,False,0,,single_source:shopify,0,,,v1
sauce:newks-sauces|sandwiches-of-history-collabrian-plus-up-hot-sauce-batch-2-out-now,newks-sauces,Newks Sauces,sandwiches-of-history-collabrian-plus-up-hot-sauce-batch-2-out-now,Sandwiches of History 'Collabrian Plus Up' Hot Sauce! (Batch #2 Out Now),,,,,retail_listing,https://newkssauces.com/products/sandwiches-of-history-hot-sauce,15.00,USD,https://newkssauces.com/products/sandwiches-of-history-hot-sauce,True,newkssauces.com,2026-09-19T11:09:45.470554Z,2026-09-19T14:01:06.545048Z,sauce-names-1,sauce-match-1,rule:sauce-structured-1,shopify,1,2_longtail,,False,0,,single_source:shopify,0,,,v1
sauce:newks-sauces|blazin-raisin-xtra-hot,newks-sauces,Newks Sauces,blazin-raisin-xtra-hot,The Blazin' Raisin (Xtra Hot),,,,,retail_listing,https://newkssauces.com/products/the-blazin-raisin-xtra-hot,15.00,USD,https://newkssauces.com/products/the-blazin-raisin-xtra-hot,True,newkssauces.com,2026-09-19T11:09:45.470554Z,2026-09-19T14:01:06.545048Z,sauce-names-1,sauce-match-1,rule:sauce-structured-1,shopify,1,2_longtail,,False,0,,single_source:shopify,0,,,v1
sauce:newks|elderfire-mango,newks,Newks,elderfire-mango,Elderfire Mango Hot Sauce,,,,,unknown,https://crafthotsauce.com/products/newks-elderfire-mango-hot-sauce,12.00,USD,https://crafthotsauce.com/products/newks-elderfire-mango-hot-sauce,False,crafthotsauce.com,2026-09-19T13:52:25.427841Z,2026-09-19T14:01:06.545048Z,sauce-names-1,sauce-match-1,rule:sauce-structured-1,shopify,1,2_longtail,,False,0,,single_source:shopify,0,,,v1
sauce:newks|hot-pepper,newks,Newks,hot-pepper,Hot Pepper Sauce,,,,,unknown,https://crafthotsauce.com/products/newks-hot-pepper-sauce,13.50,USD,https://crafthotsauce.com/products/newks-hot-pepper-sauce,False,crafthotsauce.com,2026-09-19T13:52:25.427841Z,2026-09-19T14:01:06.545048Z,sauce-names-1,sauce-match-1,rule:sauce-structured-1,shopify,1,2_longtail,,True,4,sauce:grace|hot-pepper|sauce:jmd|matouk-s-hot-pepper-sauce-salsa-picante|sauce:millcroft-farms|hot-pepper|sauce:pepper-plant|hot-pepper,single_source:shopify,0,,,v1
sauce:newks|kinda-mild-pepper,newks,Newks,kinda-mild-pepper,Kinda Mild Pepper Sauce,,,,,unknown,https://crafthotsauce.com/products/newks-kinda-mild-pepper-sauce,12.00,USD,https://crafthotsauce.com/products/newks-kinda-mild-pepper-sauce,False,crafthotsauce.com,2026-09-19T13:52:25.427841Z,2026-09-19T14:01:06.545048Z,sauce-names-1,sauce-match-1,rule:sauce-structured-1,shopify,1,2_longtail,,False,0,,single_source:shopify,0,,,v1
sauce:newks|smokey-chipotle,newks,Newks,smokey-chipotle,Smokey Chipotle Hot Sauce,,,,,unknown,https://crafthotsauce.com/products/newks-smokey-chipotle-hot-sauce,12.00,USD,https://crafthotsauce.com/products/newks-smokey-chipotle-hot-sauce,False,crafthotsauce.com,2026-09-19T13:52:25.427841Z,2026-09-19T14:01:06.545048Z,sauce-names-1,sauce-match-1,rule:sauce-structured-1,shopify,1,2_longtail,,False,0,,single_source:shopify,0,,,v1
sauce:newks|bada-boom-newks-sauces,newks,Newks,bada-boom-newks-sauces,Bada-Boom | Newks Sauces,,,,,retail_listing,https://heatonist.com/products/bada-boom-newks,14.00,USD,https://heatonist.com/products/bada-boom-newks,True,heatonist.com,2026-09-19T11:09:45.470554Z,2026-09-19T14:01:06.545048Z,sauce-names-1,sauce-match-1,rule:sauce-structured-1,shopify,1,2_longtail,,False,0,,single_source:shopify,0,,,v1
sauce:onima-pantry|cajun-sumac,onima-pantry,ONIMA PANTRY,cajun-sumac,Cajun Sumac Hot Sauce,,,,,retail_listing,https://onimapantry.com/products/cajun-sumac,11.99,USD,https://onimapantry.com/products/cajun-sumac,True,onimapantry.com,2026-09-19T11:09:45.470554Z,2026-09-19T14:01:06.545048Z,sauce-names-1,sauce-match-1,rule:sauce-structured-1,shopify,1,2_longtail,,False,0,,single_source:shopify,0,,,v1
sauce:onima-pantry|habanero-koji,onima-pantry,ONIMA PANTRY,habanero-koji,Habanero Koji Hot Sauce,,,,,retail_listing,https://onimapantry.com/products/il-mig,13.99,USD,https://onimapantry.com/products/il-mig,True,onimapantry.com,2026-09-19T11:09:45.470554Z,2026-09-19T14:01:06.545048Z,sauce-names-1,sauce-match-1,rule:sauce-structured-1,shopify,1,2_longtail,,False,0,,single_source:shopify,0,,,v1
sauce:onima-pantry|jang-korean-style,onima-pantry,ONIMA PANTRY,jang-korean-style,JANG Korean-Style Hot Sauce,,,,,unknown,https://onimapantry.com/products/jang-korean-fermented-hot-sauce,13.99,USD,https://onimapantry.com/products/jang-korean-fermented-hot-sauce,False,onimapantry.com,2026-09-19T11:09:45.470554Z,2026-09-19T14:01:06.545048Z,sauce-names-1,sauce-match-1,rule:sauce-structured-1,shopify,1,2_longtail,,False,0,,single_source:shopify,0,,,v1
sauce:onima-pantry|lemon-ginger-jerk,onima-pantry,ONIMA PANTRY,lemon-ginger-jerk,Lemon Ginger Jerk Hot Sauce,,,,,retail_listing,https://onimapantry.com/products/lemon-ginger-jerk,12.99,USD,https://onimapantry.com/products/lemon-ginger-jerk,True,onimapantry.com,2026-09-19T11:09:45.470554Z,2026-09-19T14:01:06.545048Z,sauce-names-1,sauce-match-1,rule:sauce-structured-1,shopify,1,2_longtail,,False,0,,single_source:shopify,0,,,v1
sauce:onima-pantry|mole,onima-pantry,ONIMA PANTRY,mole,Mole Hot Sauce,,,,,retail_listing,https://onimapantry.com/products/mole,13.99,USD,https://onimapantry.com/products/mole,True,onimapantry.com,2026-09-19T11:09:45.470554Z,2026-09-19T14:01:06.545048Z,sauce-names-1,sauce-match-1,rule:sauce-structured-1,shopify,1,2_longtail,,False,0,,single_source:shopify,0,,,v1
sauce:onima-pantry|scorpion-koji,onima-pantry,ONIMA PANTRY,scorpion-koji,Scorpion Koji Hot Sauce,,,,,retail_listing,https://onimapantry.com/products/scorpion-koji,14.99,USD,https://onimapantry.com/products/scorpion-koji,True,onimapantry.com,2026-09-19T11:09:45.470554Z,2026-09-19T14:01:06.545048Z,sauce-names-1,sauce-match-1,rule:sauce-structured-1,shopify,1,2_longtail,,False,0,,single_source:shopify,0,,,v1
sauce:oaksteak-bbq|durtyburn-chili-oils,oaksteak-bbq,Oaksteak BBQ Sauce,durtyburn-chili-oils,Durtyburn Chili Oils,,,,,retail_listing,https://oaksteakbbqsauce.com/products/durtyburn-chili-oils,10.99,USD,https://oaksteakbbqsauce.com/products/durtyburn-chili-oils,True,oaksteakbbqsauce.com,2026-09-19T11:09:45.470554Z,2026-09-19T14:01:06.545048Z,sauce-names-1,sauce-match-1,rule:sauce-structured-1,shopify,1,2_longtail,,False,0,,single_source:shopify,0,,,v1
sauce:oaksteak-bbq|san-diego-pepper-co-hot-sauces,oaksteak-bbq,Oaksteak BBQ Sauce,san-diego-pepper-co-hot-sauces,San Diego Pepper Co Hot Sauces,,,,,retail_listing,https://oaksteakbbqsauce.com/products/durtyburn-chili-oils-copy,7.49,USD,https://oaksteakbbqsauce.com/products/durtyburn-chili-oils-copy,True,oaksteakbbqsauce.com,2026-09-19T11:09:45.470554Z,2026-09-19T14:01:06.545048Z,sauce-names-1,sauce-match-1,rule:sauce-structured-1,shopify,1,2_longtail,,False,0,,single_source:shopify,0,,,v1
sauce:old-bones-chilli-co-usa|250th-independence-pepper-blend-whiskey-sauce-limited-edition,old-bones-chilli-co-usa,Old Bones Chilli Co USA,250th-independence-pepper-blend-whiskey-sauce-limited-edition,250th Independence Pepper Blend Whiskey Sauce Limited Edition,,,,,unknown,https://oldboneschillico.com/products/250th-independence-pepper-blend-whiskey-sauce-limited-edition,33.00,USD,https://oldboneschillico.com/products/250th-independence-pepper-blend-whiskey-sauce-limited-edition,False,oldboneschillico.com,2026-09-19T11:09:45.470554Z,2026-09-19T14:01:06.545048Z,sauce-names-1,sauce-match-1,rule:sauce-structured-1,shopify,1,2_longtail,,False,0,,single_source:shopify,0,,,v1
sauce:old-bones-chilli-co-usa|spiced-chili-oil-4-awards,old-bones-chilli-co-usa,Old Bones Chilli Co USA,spiced-chili-oil-4-awards,Spiced Chili Oil - 🏆 4 Awards,,,,,retail_listing,https://oldboneschillico.com/products/spiced-chilli-oil,11.00,USD,https://oldboneschillico.com/products/spiced-chilli-oil,True,oldboneschillico.com,2026-09-19T11:09:45.470554Z,2026-09-19T14:01:06.545048Z,sauce-names-1,sauce-match-1,rule:sauce-structured-1,shopify,1,2_longtail,,False,0,,single_source:shopify,0,,,v1
sauce:old-city-fire|igniter-datil-pepper-2025-scovie-award,old-city-fire,Old City Fire Hot Sauce,igniter-datil-pepper-2025-scovie-award,Igniter Datil Pepper - 2025 Scovie Award,,,,,retail_listing,https://oldcityfire.com/products/igniter-datil-pepper,8.50,USD,https://oldcityfire.com/products/igniter-datil-pepper,True,oldcityfire.com,2026-09-19T11:09:45.470554Z,2026-09-19T14:01:06.545048Z,sauce-names-1,sauce-match-1,rule:sauce-structured-1,shopify,1,2_longtail,,False,0,,single_source:shopify,0,,,v1
sauce:old-city-fire|original-spark-2026-scovie-award,old-city-fire,Old City Fire Hot Sauce,original-spark-2026-scovie-award,Original Spark - 2026 Scovie Award,,,,,retail_listing,https://oldcityfire.com/products/original-spark,8.50,USD,https://oldcityfire.com/products/original-spark,True,oldcityfire.com,2026-09-19T11:09:45.470554Z,2026-09-19T14:01:06.545048Z,sauce-names-1,sauce-match-1,rule:sauce-structured-1,shopify,1,2_longtail,,False,0,,single_source:shopify,0,,,v1
sauce:old-city-fire|peach-hobbler-i-like-it-hot-award,old-city-fire,Old City Fire Hot Sauce,peach-hobbler-i-like-it-hot-award,"Peach Hobbler - ""I Like It Hot"" Award",,,,,retail_listing,https://oldcityfire.com/products/peach-hobbler,8.50,USD,https://oldcityfire.com/products/peach-hobbler,True,oldcityfire.com,2026-09-19T11:09:45.470554Z,2026-09-19T14:01:06.545048Z,sauce-names-1,sauce-match-1,rule:sauce-structured-1,shopify,1,2_longtail,,False,0,,single_source:shopify,0,,,v1
sauce:old-city-fire|smokin-datilpeno-3-national-awards,old-city-fire,Old City Fire Hot Sauce,smokin-datilpeno-3-national-awards,Smokin' Datilpeño - 3 National Awards,,,,,retail_listing,https://oldcityfire.com/products/smokin-datilpeno,8.50,USD,https://oldcityfire.com/products/smokin-datilpeno,True,oldcityfire.com,2026-09-19T11:09:45.470554Z,2026-09-19T14:01:06.545048Z,sauce-names-1,sauce-match-1,rule:sauce-structured-1,shopify,1,2_longtail,,False,0,,single_source:shopify,0,,,v1
sauce:old-city-fire|viking-funeral-3-national-awards,old-city-fire,Old City Fire Hot Sauce,viking-funeral-3-national-awards,Viking Funeral - 3 National Awards,,,,,retail_listing,https://oldcityfire.com/products/vikings-funeral,8.50,USD,https://oldcityfire.com/products/vikings-funeral,True,oldcityfire.com,2026-09-19T11:09:45.470554Z,2026-09-19T14:01:06.545048Z,sauce-names-1,sauce-match-1,rule:sauce-structured-1,shopify,1,2_longtail,,False,0,,single_source:shopify,0,,,v1
sauce:onima-pantry|il-mig-koji,onima-pantry,Onima Pantry,il-mig-koji,IL MIG+ Koji Hot Sauce,,,,,retail_listing,https://heathotsauce.com/products/onima-pantry-koji-hot-sauce,13.99,USD,https://heathotsauce.com/products/onima-pantry-koji-hot-sauce,True,heathotsauce.com,2026-09-19T13:52:25.427841Z,2026-09-19T14:01:06.545048Z,sauce-names-1,sauce-match-1,rule:sauce-structured-1,shopify,1,2_longtail,,False,0,,single_source:shopify,0,,,v1
sauce:onima|jang-korean-style-hot-sauce-onima-pantry,onima,Onima,jang-korean-style-hot-sauce-onima-pantry,JANG Korean-Style Hot Sauce | Onima Pantry,,,,,retail_listing,https://heatonist.com/products/jang-korean-style-hot-sauce-onima,14.00,USD,https://heatonist.com/products/jang-korean-style-hot-sauce-onima,True,heatonist.com,2026-09-19T11:09:45.470554Z,2026-09-19T14:01:06.545048Z,sauce-names-1,sauce-match-1,rule:sauce-structured-1,shopify,1,2_longtail,,True,1,sauce:hot-ones|jang-korean-style-hot-sauce-onima-pantry,single_source:shopify,0,,,v1
sauce:onima|il-mig,onima,Onima,il-mig,IL MIG +,,00198168632437,,,retail_listing,https://heatonist.com/products/onima-il-ming-hot-sauce,14.00,USD,https://heatonist.com/products/onima-il-ming-hot-sauce,True,heatonist.com,2026-09-19T11:09:45.470554Z,2026-09-19T14:01:06.545048Z,sauce-names-1,sauce-match-1,rule:sauce-structured-1,off|shopify,2,1_population|2_longtail,,False,0,,multi_source,0,,,v1
sauce:pallotta-hot|chili-moon,pallotta-hot,Pallotta Hot,chili-moon,Chili Moon,,,,,unknown,https://crafthotsauce.com/products/pallotta-hot-chili-moon,9.00,USD,https://crafthotsauce.com/products/pallotta-hot-chili-moon,False,crafthotsauce.com,2026-09-19T13:52:25.427841Z,2026-09-19T14:01:06.545048Z,sauce-names-1,sauce-match-1,rule:sauce-structured-1,shopify,1,2_longtail,,False,0,,single_source:shopify,0,,,v1
sauce:pallotta-hot|jalapeno-lime,pallotta-hot,Pallotta Hot,jalapeno-lime,Jalapeño Lime,,,,,unknown,https://crafthotsauce.com/products/pallotta-hot-jalapeno-lime,9.00,USD,https://crafthotsauce.com/products/pallotta-hot-jalapeno-lime,False,crafthotsauce.com,2026-09-19T13:52:25.427841Z,2026-09-19T14:01:06.545048Z,sauce-names-1,sauce-match-1,rule:sauce-structured-1,shopify,1,2_longtail,,True,1,sauce:truff|jalapeno-lime,single_source:shopify,0,,,v1
sauce:pallotta-hot|louisiana-style,pallotta-hot,Pallotta Hot,louisiana-style,Louisiana Style,,,,,unknown,https://crafthotsauce.com/products/pallotta-hot-louisiana-style,9.00,USD,https://crafthotsauce.com/products/pallotta-hot-louisiana-style,False,crafthotsauce.com,2026-09-19T13:52:25.427841Z,2026-09-19T14:01:06.545048Z,sauce-names-1,sauce-match-1,rule:sauce-structured-1,shopify,1,2_longtail,,True,7,sauce:food-club|louisiana-style|sauce:giant-eagle|louisiana-style|sauce:key|louisiana-style|sauce:kroger|louisiana-style|sauce:shoppers-value|louisiana-style,single_source:shopify,0,,,v1
sauce:palo-alto-firefighters|ghost-pepper,palo-alto-firefighters,Palo Alto Firefighters,ghost-pepper,Ghost Pepper Sauce,,,,,retail_listing,https://heathotsauce.com/products/palo-alto-firefighters-ghost-pepper-sauce,9.49,USD,https://heathotsauce.com/products/palo-alto-firefighters-ghost-pepper-sauce,True,heathotsauce.com,2026-09-19T13:52:25.427841Z,2026-09-19T14:01:06.545048Z,sauce-names-1,sauce-match-1,rule:sauce-structured-1,shopify,1,2_longtail,,True,7,sauce:dave-s-gourmet|ghost-pepper|sauce:elijah-s-xtreme|ghost-pepper|sauce:formosa|ghost-pepper|sauce:horseshoe|ghost-pepper|sauce:melinda-s|ghost-pepper,single_source:shopify,0,,,v1
sauce:palo-alto-firefighters|habanero-pepper,palo-alto-firefighters,Palo Alto Firefighters,habanero-pepper,Habanero Pepper Sauce,,,,,retail_listing,https://heathotsauce.com/products/palo-alto-firefighters-habanero-pepper-sauce,9.49,USD,https://heathotsauce.com/products/palo-alto-firefighters-habanero-pepper-sauce,True,heathotsauce.com,2026-09-19T13:52:25.427841Z,2026-09-19T14:01:06.545048Z,sauce-names-1,sauce-match-1,rule:sauce-structured-1,shopify,1,2_longtail,,True,7,sauce:arizona-pepper-products|habanero-pepper|sauce:badia|habanero-pepper|sauce:black-bear-diner|habanero-pepper|sauce:marie-sharp-s|habanero-pepper|sauce:marie-sharps|habanero-pepper,single_source:shopify,0,,,v1
sauce:palo-alto-firefighters|jalapeno-pepper,palo-alto-firefighters,Palo Alto Firefighters,jalapeno-pepper,Jalapeño Pepper Sauce,,,,,retail_listing,https://heathotsauce.com/products/palo-alto-firefighters-jalapeno-pepper-sauce,9.49,USD,https://heathotsauce.com/products/palo-alto-firefighters-jalapeno-pepper-sauce,True,heathotsauce.com,2026-09-19T13:52:25.427841Z,2026-09-19T14:01:06.545048Z,sauce-names-1,sauce-match-1,rule:sauce-structured-1,shopify,1,2_longtail,,True,2,sauce:trader-joe-s|jalapeno-pepper|sauce:|jalapeno-pepper,single_source:shopify,0,,,v1
sauce:paulman-acre|don-t-pear-the-primo,paulman-acre,Paulman Acre,don-t-pear-the-primo,Don't Pear The Primo,,,,,retail_listing,https://heathotsauce.com/products/dont-pear-the-primo,10.99,USD,https://heathotsauce.com/products/dont-pear-the-primo,True,heathotsauce.com,2026-09-19T13:52:25.427841Z,2026-09-19T14:01:06.545048Z,sauce-names-1,sauce-match-1,rule:sauce-structured-1,shopify,1,2_longtail,,False,0,,single_source:shopify,0,,,v1
sauce:paulman-acre|grilled-nopales,paulman-acre,Paulman Acre,grilled-nopales,Grilled Nopales,,,,,retail_listing,https://heathotsauce.com/products/grilled-nopales,10.99,USD,https://heathotsauce.com/products/grilled-nopales,True,heathotsauce.com,2026-09-19T13:52:25.427841Z,2026-09-19T14:01:06.545048Z,sauce-names-1,sauce-match-1,rule:sauce-structured-1,shopify,1,2_longtail,,False,0,,single_source:shopify,0,,,v1
sauce:paulman-acre|mexicali,paulman-acre,Paulman Acre,mexicali,Mexicali,,,,,retail_listing,https://heathotsauce.com/products/mexicali,9.99,USD,https://heathotsauce.com/products/mexicali,True,heathotsauce.com,2026-09-19T13:52:25.427841Z,2026-09-19T14:01:06.545048Z,sauce-names-1,sauce-match-1,rule:sauce-structured-1,shopify,1,2_longtail,,True,1,sauce:california-hot-sauce-solutions|mexicali,single_source:shopify,0,,,v1
sauce:paulman-acre|smoke-a-peach,paulman-acre,Paulman Acre,smoke-a-peach,Smoke A Peach,,,,,retail_listing,https://heathotsauce.com/products/smoke-a-peach,10.99,USD,https://heathotsauce.com/products/smoke-a-peach,True,heathotsauce.com,2026-09-19T13:52:25.427841Z,2026-09-19T14:01:06.545048Z,sauce-names-1,sauce-match-1,rule:sauce-structured-1,shopify,1,2_longtail,,False,0,,single_source:shopify,0,,,v1
sauce:paulman-acre|smoked-pepper,paulman-acre,Paulman Acre,smoked-pepper,Smoked Pepper Hot Sauce,,,,,retail_listing,https://heathotsauce.com/products/smoked-pepper-hot-sauce,10.99,USD,https://heathotsauce.com/products/smoked-pepper-hot-sauce,True,heathotsauce.com,2026-09-19T13:52:25.427841Z,2026-09-19T14:01:06.545048Z,sauce-names-1,sauce-match-1,rule:sauce-structured-1,shopify,1,2_longtail,,False,0,,single_source:shopify,0,,,v1
sauce:peepal-people|garlic-ghost,peepal-people,Peepal People,garlic-ghost,Garlic Ghost,,,,,retail_listing,https://heathotsauce.com/products/bhoot-bangla,11.99,USD,https://heathotsauce.com/products/bhoot-bangla,True,heathotsauce.com,2026-09-19T13:52:25.427841Z,2026-09-19T14:01:06.545048Z,sauce-names-1,sauce-match-1,rule:sauce-structured-1,shopify,1,2_longtail,,False,0,,single_source:shopify,0,,,v1
sauce:pepper-north|jerk-scotch-bonnet,pepper-north,Pepper North,jerk-scotch-bonnet,Jerk & Scotch Bonnet,,,,,retail_listing,https://heatonist.com/products/jerk-scotch-bonnet-pepper-north,12.00,USD,https://heatonist.com/products/jerk-scotch-bonnet-pepper-north,True,heatonist.com,2026-09-19T11:09:45.470554Z,2026-09-19T14:01:06.545048Z,sauce-names-1,sauce-match-1,rule:sauce-structured-1,shopify,1,2_longtail,,False,0,,single_source:shopify,0,,,v1
sauce:pepper-north|jerk-scotch-bonnet-pepper-north-c,pepper-north,Pepper North,jerk-scotch-bonnet-pepper-north-c,Jerk & Scotch Bonnet | Pepper North-C,,,,,retail_listing,https://heatonist.com/products/jerk-scotch-bonnet-pepper-north-c,12.00,USD,https://heatonist.com/products/jerk-scotch-bonnet-pepper-north-c,True,heatonist.com,2026-09-19T11:09:45.470554Z,2026-09-19T14:01:06.545048Z,sauce-names-1,sauce-match-1,rule:sauce-structured-1,shopify,1,2_longtail,,False,0,,single_source:shopify,0,,,v1
sauce:pepper-palace-warehouse|apple-smoked-habanero,pepper-palace-warehouse,Pepper Palace Warehouse,apple-smoked-habanero,Apple Smoked Habanero Hot Sauce,,,,,retail_listing,https://pepperpalace.com/products/apple-smoked-habanero,12.99,USD,https://pepperpalace.com/products/apple-smoked-habanero,True,pepperpalace.com,2026-09-19T11:09:45.470554Z,2026-09-19T14:01:06.545048Z,sauce-names-1,sauce-match-1,rule:sauce-structured-1,shopify,1,2_longtail,,True,1,sauce:pooper-palace|apple-smoked-habanero,single_source:shopify,0,,,v1
sauce:pepper-palace-warehouse|argentina-chimichurri,pepper-palace-warehouse,Pepper Palace Warehouse,argentina-chimichurri,Argentina Chimichurri Hot Sauce,,,,,retail_listing,https://pepperpalace.com/products/argentina-chimichurri-hot-sauce,16.99,USD,https://pepperpalace.com/products/argentina-chimichurri-hot-sauce,True,pepperpalace.com,2026-09-19T11:09:45.470554Z,2026-09-19T14:01:06.545048Z,sauce-names-1,sauce-match-1,rule:sauce-structured-1,shopify,1,2_longtail,,False,0,,single_source:shopify,0,,,v1
sauce:pepper-palace-warehouse|aztec-green-habanero-salsa-picante,pepper-palace-warehouse,Pepper Palace Warehouse,aztec-green-habanero-salsa-picante,Aztec Green Habanero Salsa Picante,,,,,unknown,https://pepperpalace.com/products/aztec-green-habanero-salsa-picante,12.99,USD,https://pepperpalace.com/products/aztec-green-habanero-salsa-picante,False,pepperpalace.com,2026-09-19T11:09:45.470554Z,2026-09-19T14:01:06.545048Z,sauce-names-1,sauce-match-1,rule:sauce-structured-1,shopify,1,2_longtail,,False,0,,single_source:shopify,0,,,v1
sauce:pepper-palace-warehouse|black-rose,pepper-palace-warehouse,Pepper Palace Warehouse,black-rose,Black Rose Hot Sauce,,,,,retail_listing,https://pepperpalace.com/products/black-rose,16.99,USD,https://pepperpalace.com/products/black-rose,True,pepperpalace.com,2026-09-19T11:09:45.470554Z,2026-09-19T14:01:06.545048Z,sauce-names-1,sauce-match-1,rule:sauce-structured-1,shopify,1,2_longtail,,False,0,,single_source:shopify,0,,,v1
sauce:pepper-palace-warehouse|calamity-pain,pepper-palace-warehouse,Pepper Palace Warehouse,calamity-pain,Calamity Pain Hot Sauce,,,,,unknown,https://pepperpalace.com/products/calamity-pain-hot-sauce,12.99,USD,https://pepperpalace.com/products/calamity-pain-hot-sauce,False,pepperpalace.com,2026-09-19T11:09:45.470554Z,2026-09-19T14:01:06.545048Z,sauce-names-1,sauce-match-1,rule:sauce-structured-1,shopify,1,2_longtail,,False,0,,single_source:shopify,0,,,v1
sauce:pepper-palace-warehouse|chesapeake-bay,pepper-palace-warehouse,Pepper Palace Warehouse,chesapeake-bay,Chesapeake Bay Hot Sauce,,,,,retail_listing,https://pepperpalace.com/products/chesapeake-bay-hot-sauce,12.99,USD,https://pepperpalace.com/products/chesapeake-bay-hot-sauce,True,pepperpalace.com,2026-09-19T11:09:45.470554Z,2026-09-19T14:01:06.545048Z,sauce-names-1,sauce-match-1,rule:sauce-structured-1,shopify,1,2_longtail,,False,0,,single_source:shopify,0,,,v1
sauce:pepper-palace-warehouse|chili-starter,pepper-palace-warehouse,Pepper Palace Warehouse,chili-starter,Chili Starter,,,,,unknown,https://pepperpalace.com/products/chili-starter,14.99,USD,https://pepperpalace.com/products/chili-starter,False,pepperpalace.com,2026-09-19T11:09:45.470554Z,2026-09-19T14:01:06.545048Z,sauce-names-1,sauce-match-1,rule:sauce-structured-1,shopify,1,2_longtail,,True,1,sauce:chili-s|chili-starter,single_source:shopify,0,,,v1
sauce:pepper-palace-warehouse|cilantro-lime,pepper-palace-warehouse,Pepper Palace Warehouse,cilantro-lime,Cilantro Lime Hot Sauce,,,,,unknown,https://pepperpalace.com/products/cilatnro-lime-hot-sauce,12.99,USD,https://pepperpalace.com/products/cilatnro-lime-hot-sauce,False,pepperpalace.com,2026-09-19T11:09:45.470554Z,2026-09-19T14:01:06.545048Z,sauce-names-1,sauce-match-1,rule:sauce-structured-1,shopify,1,2_longtail,,False,0,,single_source:shopify,0,,,v1
sauce:pepper-palace-warehouse|cinnanero,pepper-palace-warehouse,Pepper Palace Warehouse,cinnanero,Cinnanero Hot Sauce,,,,,unknown,https://pepperpalace.com/products/cinnanero-hot-sauce,12.99,USD,https://pepperpalace.com/products/cinnanero-hot-sauce,False,pepperpalace.com,2026-09-19T11:09:45.470554Z,2026-09-19T14:01:06.545048Z,sauce-names-1,sauce-match-1,rule:sauce-structured-1,shopify,1,2_longtail,,False,0,,single_source:shopify,0,,,v1
sauce:pepper-palace-warehouse|datil-do,pepper-palace-warehouse,Pepper Palace Warehouse,datil-do,Datil Do Hot Sauce,,,,,retail_listing,https://pepperpalace.com/products/datil-do-hot-sauce,12.99,USD,https://pepperpalace.com/products/datil-do-hot-sauce,True,pepperpalace.com,2026-09-19T11:09:45.470554Z,2026-09-19T14:01:06.545048Z,sauce-names-1,sauce-match-1,rule:sauce-structured-1,shopify,1,2_longtail,,False,0,,single_source:shopify,0,,,v1
sauce:pepper-palace-warehouse|death-by-salsa,pepper-palace-warehouse,Pepper Palace Warehouse,death-by-salsa,Death By Salsa,,,,,retail_listing,https://pepperpalace.com/products/death-by-salsa,18.99,USD,https://pepperpalace.com/products/death-by-salsa,True,pepperpalace.com,2026-09-19T11:09:45.470554Z,2026-09-19T14:01:06.545048Z,sauce-names-1,sauce-match-1,rule:sauce-structured-1,shopify,1,2_longtail,,False,0,,single_source:shopify,0,,,v1
sauce:pepper-palace-warehouse|five-pepper-fire-roasted-salsa,pepper-palace-warehouse,Pepper Palace Warehouse,five-pepper-fire-roasted-salsa,Five Pepper Fire Roasted Salsa,,,,,unknown,https://pepperpalace.com/products/five-pepper-fire-roasted-salsa,14.99,USD,https://pepperpalace.com/products/five-pepper-fire-roasted-salsa,False,pepperpalace.com,2026-09-19T11:09:45.470554Z,2026-09-19T14:01:06.545048Z,sauce-names-1,sauce-match-1,rule:sauce-structured-1,shopify,1,2_longtail,,False,0,,single_source:shopify,0,,,v1
sauce:pepper-palace-warehouse|garlic-fusion,pepper-palace-warehouse,Pepper Palace Warehouse,garlic-fusion,Garlic Fusion Hot Sauce,,,,,retail_listing,https://pepperpalace.com/products/garlic-fusion-hot-sauce,12.99,USD,https://pepperpalace.com/products/garlic-fusion-hot-sauce,True,pepperpalace.com,2026-09-19T11:09:45.470554Z,2026-09-19T14:01:06.545048Z,sauce-names-1,sauce-match-1,rule:sauce-structured-1,shopify,1,2_longtail,,False,0,,single_source:shopify,0,,,v1
sauce:pepper-palace-warehouse|gatlinburg-autumn-in-the-smokies,pepper-palace-warehouse,Pepper Palace Warehouse,gatlinburg-autumn-in-the-smokies,Gatlinburg - Autumn In the Smokies,,,,,retail_listing,https://pepperpalace.com/products/gatlinburg-autumn-in-the-smokies,12.99,USD,https://pepperpalace.com/products/gatlinburg-autumn-in-the-smokies,True,pepperpalace.com,2026-09-19T11:09:45.470554Z,2026-09-19T14:01:06.545048Z,sauce-names-1,sauce-match-1,rule:sauce-structured-1,shopify,1,2_longtail,,False,0,,single_source:shopify,0,,,v1
sauce:pepper-palace-warehouse|gatlinburg-smoky-mountain,pepper-palace-warehouse,Pepper Palace Warehouse,gatlinburg-smoky-mountain,Gatlinburg - Smoky Mountain Hot Sauce,,,,,unknown,https://pepperpalace.com/products/gatlinburg-smoky-mountain-hot-sauce,12.99,USD,https://pepperpalace.com/products/gatlinburg-smoky-mountain-hot-sauce,False,pepperpalace.com,2026-09-19T11:09:45.470554Z,2026-09-19T14:01:06.545048Z,sauce-names-1,sauce-match-1,rule:sauce-structured-1,shopify,1,2_longtail,,False,0,,single_source:shopify,0,,,v1
sauce:pepper-palace-warehouse|gator-bite,pepper-palace-warehouse,Pepper Palace Warehouse,gator-bite,Gator Bite,,,,,unknown,https://pepperpalace.com/products/gator-bite,12.99,USD,https://pepperpalace.com/products/gator-bite,False,pepperpalace.com,2026-09-19T11:09:45.470554Z,2026-09-19T14:01:06.545048Z,sauce-names-1,sauce-match-1,rule:sauce-structured-1,shopify,1,2_longtail,,False,0,,single_source:shopify,0,,,v1
sauce:pepper-palace-warehouse|gator-death-roll,pepper-palace-warehouse,Pepper Palace Warehouse,gator-death-roll,Gator Death Roll Hot Sauce,,,,,unknown,https://pepperpalace.com/products/gator-death-roll,19.99,USD,https://pepperpalace.com/products/gator-death-roll,False,pepperpalace.com,2026-09-19T11:09:45.470554Z,2026-09-19T14:01:06.545048Z,sauce-names-1,sauce-match-1,rule:sauce-structured-1,shopify,1,2_longtail,,False,0,,single_source:shopify,0,,,v1
sauce:pepper-palace-warehouse|gator-swamp-gas,pepper-palace-warehouse,Pepper Palace Warehouse,gator-swamp-gas,Gator Swamp Gas Hot Sauce,,,,,unknown,https://pepperpalace.com/products/gator-swamp-gas,12.99,USD,https://pepperpalace.com/products/gator-swamp-gas,False,pepperpalace.com,2026-09-19T11:09:45.470554Z,2026-09-19T14:01:06.545048Z,sauce-names-1,sauce-match-1,rule:sauce-structured-1,shopify,1,2_longtail,,False,0,,single_source:shopify,0,,,v1
sauce:pepper-palace-warehouse|ghost-in-the-darkness,pepper-palace-warehouse,Pepper Palace Warehouse,ghost-in-the-darkness,Ghost in the Darkness Hot Sauce,,,,,retail_listing,https://pepperpalace.com/products/ghost-in-the-darkness-hot-sauce,16.99,USD,https://pepperpalace.com/products/ghost-in-the-darkness-hot-sauce,True,pepperpalace.com,2026-09-19T11:09:45.470554Z,2026-09-19T14:01:06.545048Z,sauce-names-1,sauce-match-1,rule:sauce-structured-1,shopify,1,2_longtail,,False,0,,single_source:shopify,0,,,v1
sauce:pepper-palace-warehouse|ghost-pepper,pepper-palace-warehouse,Pepper Palace Warehouse,ghost-pepper,Ghost Pepper Hot Sauce,,,,,retail_listing,https://pepperpalace.com/products/ghost-pepper-hot-sauce,16.99,USD,https://pepperpalace.com/products/ghost-pepper-hot-sauce,True,pepperpalace.com,2026-09-19T11:09:45.470554Z,2026-09-19T14:01:06.545048Z,sauce-names-1,sauce-match-1,rule:sauce-structured-1,shopify,1,2_longtail,,True,7,sauce:dave-s-gourmet|ghost-pepper|sauce:elijah-s-xtreme|ghost-pepper|sauce:formosa|ghost-pepper|sauce:horseshoe|ghost-pepper|sauce:melinda-s|ghost-pepper,single_source:shopify,0,,,v1
sauce:pepper-palace-warehouse|ghost-pepper-salsa,pepper-palace-warehouse,Pepper Palace Warehouse,ghost-pepper-salsa,Ghost Pepper Salsa,,,,,unknown,https://pepperpalace.com/products/ghost-pepper-salsa,14.99,USD,https://pepperpalace.com/products/ghost-pepper-salsa,False,pepperpalace.com,2026-09-19T11:09:45.470554Z,2026-09-19T14:01:06.545048Z,sauce-names-1,sauce-match-1,rule:sauce-structured-1,shopify,1,2_longtail,,True,4,sauce:kylito-s-salsa|ghost-pepper-salsa|sauce:mrs-renfro-s|ghost-pepper-salsa|sauce:stonewall-kitchen|ghost-pepper-salsa|sauce:tostitos|ghost-pepper-salsa,single_source:shopify,0,,,v1
sauce:pepper-palace-warehouse|ghostly-garlic-fusion,pepper-palace-warehouse,Pepper Palace Warehouse,ghostly-garlic-fusion,Ghostly Garlic Fusion Hot Sauce,,,,,retail_listing,https://pepperpalace.com/products/ghostly-garlic-fusion,16.99,USD,https://pepperpalace.com/products/ghostly-garlic-fusion,True,pepperpalace.com,2026-09-19T11:09:45.470554Z,2026-09-19T14:01:06.545048Z,sauce-names-1,sauce-match-1,rule:sauce-structured-1,shopify,1,2_longtail,,False,0,,single_source:shopify,0,,,v1
sauce:pepper-palace-warehouse|habanero-mango-hot-sauce-hot,pepper-palace-warehouse,Pepper Palace Warehouse,habanero-mango-hot-sauce-hot,Habanero Mango Hot Sauce - Hot,,,,,retail_listing,https://pepperpalace.com/products/habanero-mango-hot-hot-sauce-in-flask,14.99,USD,https://pepperpalace.com/products/habanero-mango-hot-hot-sauce-in-flask,True,pepperpalace.com,2026-09-19T11:09:45.470554Z,2026-09-19T14:01:06.545048Z,sauce-names-1,sauce-match-1,rule:sauce-structured-1,shopify,1,2_longtail,,False,0,,single_source:shopify,0,,,v1
sauce:pepper-palace-warehouse|habanero-mango-hot-sauce-medium,pepper-palace-warehouse,Pepper Palace Warehouse,habanero-mango-hot-sauce-medium,Habanero Mango Hot Sauce - Medium,,,,,retail_listing,https://pepperpalace.com/products/habanero-mango-medium-hot-sauce-in-flask,14.99,USD,https://pepperpalace.com/products/habanero-mango-medium-hot-sauce-in-flask,True,pepperpalace.com,2026-09-19T11:09:45.470554Z,2026-09-19T14:01:06.545048Z,sauce-names-1,sauce-match-1,rule:sauce-structured-1,shopify,1,2_longtail,,False,0,,single_source:shopify,0,,,v1
sauce:pepper-palace-warehouse|hoppin-heat,pepper-palace-warehouse,Pepper Palace Warehouse,hoppin-heat,Hoppin' Heat Hot Sauce,,,,,retail_listing,https://pepperpalace.com/products/hoppin-heat-hot-sauce,12.99,USD,https://pepperpalace.com/products/hoppin-heat-hot-sauce,True,pepperpalace.com,2026-09-19T11:09:45.470554Z,2026-09-19T14:01:06.545048Z,sauce-names-1,sauce-match-1,rule:sauce-structured-1,shopify,1,2_longtail,,False,0,,single_source:shopify,0,,,v1
sauce:pepper-palace-warehouse|hot-sauce-of-the-month-box,pepper-palace-warehouse,Pepper Palace Warehouse,hot-sauce-of-the-month-box,Hot Sauce of the Month Box,,,,,retail_listing,https://pepperpalace.com/products/hot-sauce-of-the-month-box,40.00,USD,https://pepperpalace.com/products/hot-sauce-of-the-month-box,True,pepperpalace.com,2026-09-19T11:09:45.470554Z,2026-09-19T14:01:06.545048Z,sauce-names-1,sauce-match-1,rule:sauce-structured-1,shopify,1,2_longtail,,False,0,,single_source:shopify,0,,,v1
sauce:pepper-palace-warehouse|keister-killer,pepper-palace-warehouse,Pepper Palace Warehouse,keister-killer,Keister Killer Hot Sauce,,,,,unknown,https://pepperpalace.com/products/keister-killer-hot-sauce,14.99,USD,https://pepperpalace.com/products/keister-killer-hot-sauce,False,pepperpalace.com,2026-09-19T11:09:45.470554Z,2026-09-19T14:01:06.545048Z,sauce-names-1,sauce-match-1,rule:sauce-structured-1,shopify,1,2_longtail,,False,0,,single_source:shopify,0,,,v1
sauce:pepper-palace-warehouse|kentucky-charred,pepper-palace-warehouse,Pepper Palace Warehouse,kentucky-charred,Kentucky Charred Hot Sauce,,,,,retail_listing,https://pepperpalace.com/products/kentucky-charred-hot-sauce,14.99,USD,https://pepperpalace.com/products/kentucky-charred-hot-sauce,True,pepperpalace.com,2026-09-19T11:09:45.470554Z,2026-09-19T14:01:06.545048Z,sauce-names-1,sauce-match-1,rule:sauce-structured-1,shopify,1,2_longtail,,False,0,,single_source:shopify,0,,,v1
sauce:pepper-palace-warehouse|king-chipotle,pepper-palace-warehouse,Pepper Palace Warehouse,king-chipotle,King Chipotle,,,,,retail_listing,https://pepperpalace.com/products/king-chipotle,12.99,USD,https://pepperpalace.com/products/king-chipotle,True,pepperpalace.com,2026-09-19T11:09:45.470554Z,2026-09-19T14:01:06.545048Z,sauce-names-1,sauce-match-1,rule:sauce-structured-1,shopify,1,2_longtail,,False,0,,single_source:shopify,0,,,v1
sauce:pepper-palace-warehouse|king-habanero,pepper-palace-warehouse,Pepper Palace Warehouse,king-habanero,King Habanero Hot Sauce,,,,,retail_listing,https://pepperpalace.com/products/king-habanero,12.99,USD,https://pepperpalace.com/products/king-habanero,True,pepperpalace.com,2026-09-19T11:09:45.470554Z,2026-09-19T14:01:06.545048Z,sauce-names-1,sauce-match-1,rule:sauce-structured-1,shopify,1,2_longtail,,False,0,,single_source:shopify,0,,,v1
sauce:pepper-palace-warehouse|king-jalapeno,pepper-palace-warehouse,Pepper Palace Warehouse,king-jalapeno,King Jalapeno Hot Sauce,,,,,retail_listing,https://pepperpalace.com/products/king-jalapeno,12.99,USD,https://pepperpalace.com/products/king-jalapeno,True,pepperpalace.com,2026-09-19T11:09:45.470554Z,2026-09-19T14:01:06.545048Z,sauce-names-1,sauce-match-1,rule:sauce-structured-1,shopify,1,2_longtail,,False,0,,single_source:shopify,0,,,v1
sauce:pepper-palace-warehouse|king-scotch-bonnet,pepper-palace-warehouse,Pepper Palace Warehouse,king-scotch-bonnet,King Scotch Bonnet Hot Sauce,,,,,unknown,https://pepperpalace.com/products/king-scotch-bonnet-hot-sauce,12.99,USD,https://pepperpalace.com/products/king-scotch-bonnet-hot-sauce,False,pepperpalace.com,2026-09-19T11:09:45.470554Z,2026-09-19T14:01:06.545048Z,sauce-names-1,sauce-match-1,rule:sauce-structured-1,shopify,1,2_longtail,,False,0,,single_source:shopify,0,,,v1
sauce:pepper-palace-warehouse|last-breath,pepper-palace-warehouse,Pepper Palace Warehouse,last-breath,Last Breath Hot Sauce,,,,,retail_listing,https://pepperpalace.com/products/last-breath-hot-sauce,19.99,USD,https://pepperpalace.com/products/last-breath-hot-sauce,True,pepperpalace.com,2026-09-19T11:09:45.470554Z,2026-09-19T14:01:06.545048Z,sauce-names-1,sauce-match-1,rule:sauce-structured-1,shopify,1,2_longtail,,False,0,,single_source:shopify,0,,,v1
sauce:pepper-palace-warehouse|mango-fusion,pepper-palace-warehouse,Pepper Palace Warehouse,mango-fusion,Mango Fusion Hot Sauce,,,,,retail_listing,https://pepperpalace.com/products/mango-fusion,12.99,USD,https://pepperpalace.com/products/mango-fusion,True,pepperpalace.com,2026-09-19T11:09:45.470554Z,2026-09-19T14:01:06.545048Z,sauce-names-1,sauce-match-1,rule:sauce-structured-1,shopify,1,2_longtail,,False,0,,single_source:shopify,0,,,v1
sauce:pepper-palace-warehouse|mesquite-smoked-jalapeno-salsa,pepper-palace-warehouse,Pepper Palace Warehouse,mesquite-smoked-jalapeno-salsa,Mesquite Smoked Jalapeno Salsa,,,,,unknown,https://pepperpalace.com/products/mesquite-smoked-jalapeno-salsa,12.99,USD,https://pepperpalace.com/products/mesquite-smoked-jalapeno-salsa,False,pepperpalace.com,2026-09-19T11:09:45.470554Z,2026-09-19T14:01:06.545048Z,sauce-names-1,sauce-match-1,rule:sauce-structured-1,shopify,1,2_longtail,,False,0,,single_source:shopify,0,,,v1
sauce:pepper-palace-warehouse|mr-pain,pepper-palace-warehouse,Pepper Palace Warehouse,mr-pain,Mr Pain Hot Sauce,,,,,retail_listing,https://pepperpalace.com/products/mr-pain,19.99,USD,https://pepperpalace.com/products/mr-pain,True,pepperpalace.com,2026-09-19T11:09:45.470554Z,2026-09-19T14:01:06.545048Z,sauce-names-1,sauce-match-1,rule:sauce-structured-1,shopify,1,2_longtail,,False,0,,single_source:shopify,0,,,v1
sauce:pepper-palace-warehouse|cajun-ghost,pepper-palace-warehouse,Pepper Palace Warehouse,cajun-ghost,Cajun Ghost Hot Sauce,,,,,retail_listing,https://pepperpalace.com/products/new-orleans-cajun-ghost-hot-sauce,16.99,USD,https://pepperpalace.com/products/new-orleans-cajun-ghost-hot-sauce,True,pepperpalace.com,2026-09-19T11:09:45.470554Z,2026-09-19T14:01:06.545048Z,sauce-names-1,sauce-match-1,rule:sauce-structured-1,shopify,1,2_longtail,,False,0,,single_source:shopify,0,,,v1
sauce:pepper-palace-warehouse|original-garlic-salsa-xhot-w-ghost-pepper,pepper-palace-warehouse,Pepper Palace Warehouse,original-garlic-salsa-xhot-w-ghost-pepper,Original Garlic Salsa - XHot W/ Ghost Pepper,,,,,unknown,https://pepperpalace.com/products/original-garlic-xhot-salsa-w-ghost-pepper,14.99,USD,https://pepperpalace.com/products/original-garlic-xhot-salsa-w-ghost-pepper,False,pepperpalace.com,2026-09-19T11:09:45.470554Z,2026-09-19T14:01:06.545048Z,sauce-names-1,sauce-match-1,rule:sauce-structured-1,shopify,1,2_longtail,,False,0,,single_source:shopify,0,,,v1
sauce:pepper-palace-warehouse|peach-fusion,pepper-palace-warehouse,Pepper Palace Warehouse,peach-fusion,Peach Fusion Hot Sauce,,,,,retail_listing,https://pepperpalace.com/products/peach-fusion-hot-sauce,12.99,USD,https://pepperpalace.com/products/peach-fusion-hot-sauce,True,pepperpalace.com,2026-09-19T11:09:45.470554Z,2026-09-19T14:01:06.545048Z,sauce-names-1,sauce-match-1,rule:sauce-structured-1,shopify,1,2_longtail,,False,0,,single_source:shopify,0,,,v1
sauce:pepper-palace-warehouse|peach-serrano,pepper-palace-warehouse,Pepper Palace Warehouse,peach-serrano,Peach Serrano Hot Sauce,,,,,retail_listing,https://pepperpalace.com/products/peach-serrano-hot-sauce-in-flask,14.99,USD,https://pepperpalace.com/products/peach-serrano-hot-sauce-in-flask,True,pepperpalace.com,2026-09-19T11:09:45.470554Z,2026-09-19T14:01:06.545048Z,sauce-names-1,sauce-match-1,rule:sauce-structured-1,shopify,1,2_longtail,,False,0,,single_source:shopify,0,,,v1
sauce:pepper-palace-warehouse|pepper-palace-hot-honey,pepper-palace-warehouse,Pepper Palace Warehouse,pepper-palace-hot-honey,Pepper Palace Hot Honey,,,,,unknown,https://pepperpalace.com/products/pepper-palace-hot-honey,14.99,USD,https://pepperpalace.com/products/pepper-palace-hot-honey,False,pepperpalace.com,2026-09-19T11:09:45.470554Z,2026-09-19T14:01:06.545048Z,sauce-names-1,sauce-match-1,rule:sauce-structured-1,shopify,1,2_longtail,,False,0,,single_source:shopify,0,,,v1
sauce:pepper-palace-warehouse|pineapple-serrano,pepper-palace-warehouse,Pepper Palace Warehouse,pineapple-serrano,Pineapple Serrano Hot Sauce,,,,,retail_listing,https://pepperpalace.com/products/pineapple-serrano-hot-sauce-in-flask,14.99,USD,https://pepperpalace.com/products/pineapple-serrano-hot-sauce-in-flask,True,pepperpalace.com,2026-09-19T11:09:45.470554Z,2026-09-19T14:01:06.545048Z,sauce-names-1,sauce-match-1,rule:sauce-structured-1,shopify,1,2_longtail,,False,0,,single_source:shopify,0,,,v1
sauce:pepper-palace-warehouse|raspberry-chipotle,pepper-palace-warehouse,Pepper Palace Warehouse,raspberry-chipotle,Raspberry Chipotle Sauce,,,,,retail_listing,https://pepperpalace.com/products/raspberry-chipotle-sauce,14.99,USD,https://pepperpalace.com/products/raspberry-chipotle-sauce,True,pepperpalace.com,2026-09-19T11:09:45.470554Z,2026-09-19T14:01:06.545048Z,sauce-names-1,sauce-match-1,rule:sauce-structured-1,shopify,1,2_longtail,,True,6,sauce:alamo-red|raspberry-chipotle|sauce:busch-s|raspberry-chipotle|sauce:kowalskis|raspberry-chipotle|sauce:new-canaan-farms|raspberry-chipotle|sauce:restaurant-item|raspberry-chipotle,single_source:shopify,0,,,v1
sauce:pepper-palace-warehouse|reaper-fusion,pepper-palace-warehouse,Pepper Palace Warehouse,reaper-fusion,Reaper Fusion Hot Sauce,,,,,retail_listing,https://pepperpalace.com/products/reaper-fusion-hot-sauce,19.99,USD,https://pepperpalace.com/products/reaper-fusion-hot-sauce,True,pepperpalace.com,2026-09-19T11:09:45.470554Z,2026-09-19T14:01:06.545048Z,sauce-names-1,sauce-match-1,rule:sauce-structured-1,shopify,1,2_longtail,,False,0,,single_source:shopify,0,,,v1
sauce:pepper-palace-warehouse|reaper-salsa,pepper-palace-warehouse,Pepper Palace Warehouse,reaper-salsa,Reaper Salsa,,,,,unknown,https://pepperpalace.com/products/reaper-salsa,16.99,USD,https://pepperpalace.com/products/reaper-salsa,False,pepperpalace.com,2026-09-19T11:09:45.470554Z,2026-09-19T14:01:06.545048Z,sauce-names-1,sauce-match-1,rule:sauce-structured-1,shopify,1,2_longtail,,False,0,,single_source:shopify,0,,,v1
sauce:pepper-palace-warehouse|red-eye-rooster,pepper-palace-warehouse,Pepper Palace Warehouse,red-eye-rooster,Red Eye Rooster Hot Sauce,,,,,retail_listing,https://pepperpalace.com/products/red-eye-rooster-hot-sauce,16.99,USD,https://pepperpalace.com/products/red-eye-rooster-hot-sauce,True,pepperpalace.com,2026-09-19T11:09:45.470554Z,2026-09-19T14:01:06.545048Z,sauce-names-1,sauce-match-1,rule:sauce-structured-1,shopify,1,2_longtail,,False,0,,single_source:shopify,0,,,v1
sauce:pepper-palace-warehouse|rooster-reaper,pepper-palace-warehouse,Pepper Palace Warehouse,rooster-reaper,Rooster Reaper Hot Sauce,,,,,retail_listing,https://pepperpalace.com/products/rooster-reaper-hot-sauce,19.99,USD,https://pepperpalace.com/products/rooster-reaper-hot-sauce,True,pepperpalace.com,2026-09-19T11:09:45.470554Z,2026-09-19T14:01:06.545048Z,sauce-names-1,sauce-match-1,rule:sauce-structured-1,shopify,1,2_longtail,,False,0,,single_source:shopify,0,,,v1
sauce:pepper-palace-warehouse|sauce-makers-chipotle-garlic,pepper-palace-warehouse,Pepper Palace Warehouse,sauce-makers-chipotle-garlic,Sauce Makers Chipotle Garlic,,,,,unknown,https://pepperpalace.com/products/sauce-makers-chipotle-garlic,16.99,USD,https://pepperpalace.com/products/sauce-makers-chipotle-garlic,False,pepperpalace.com,2026-09-19T11:09:45.470554Z,2026-09-19T14:01:06.545048Z,sauce-names-1,sauce-match-1,rule:sauce-structured-1,shopify,1,2_longtail,,False,0,,single_source:shopify,0,,,v1
sauce:pepper-palace-warehouse|sauce-makers-reserve-medium,pepper-palace-warehouse,Pepper Palace Warehouse,sauce-makers-reserve-medium,Sauce Makers Reserve - Medium,,,,,unknown,https://pepperpalace.com/products/sauce-makers-reserve-medium,16.99,USD,https://pepperpalace.com/products/sauce-makers-reserve-medium,False,pepperpalace.com,2026-09-19T11:09:45.470554Z,2026-09-19T14:01:06.545048Z,sauce-names-1,sauce-match-1,rule:sauce-structured-1,shopify,1,2_longtail,,False,0,,single_source:shopify,0,,,v1
sauce:pepper-palace-warehouse|scorpion-death-stalker,pepper-palace-warehouse,Pepper Palace Warehouse,scorpion-death-stalker,Scorpion Death Stalker Hot Sauce,,,,,retail_listing,https://pepperpalace.com/products/scorpion-death-stalker-hot-sauce,19.99,USD,https://pepperpalace.com/products/scorpion-death-stalker-hot-sauce,True,pepperpalace.com,2026-09-19T11:09:45.470554Z,2026-09-19T14:01:06.545048Z,sauce-names-1,sauce-match-1,rule:sauce-structured-1,shopify,1,2_longtail,,False,0,,single_source:shopify,0,,,v1
sauce:pepper-palace-warehouse|scorpion-stinger,pepper-palace-warehouse,Pepper Palace Warehouse,scorpion-stinger,Scorpion Stinger Hot Sauce,,,,,unknown,https://pepperpalace.com/products/scorpion-stinger-hot-sauce,19.99,USD,https://pepperpalace.com/products/scorpion-stinger-hot-sauce,False,pepperpalace.com,2026-09-19T11:09:45.470554Z,2026-09-19T14:01:06.545048Z,sauce-names-1,sauce-match-1,rule:sauce-structured-1,shopify,1,2_longtail,,False,0,,single_source:shopify,0,,,v1
sauce:pepper-palace-warehouse|serrano-lime,pepper-palace-warehouse,Pepper Palace Warehouse,serrano-lime,Serrano Lime,,,,,retail_listing,https://pepperpalace.com/products/serrano-lime,12.99,USD,https://pepperpalace.com/products/serrano-lime,True,pepperpalace.com,2026-09-19T11:09:45.470554Z,2026-09-19T14:01:06.545048Z,sauce-names-1,sauce-match-1,rule:sauce-structured-1,shopify,1,2_longtail,,False,0,,single_source:shopify,0,,,v1
sauce:pepper-palace-warehouse|seven-7,pepper-palace-warehouse,Pepper Palace Warehouse,seven-7,Seven (7) Hot Sauce,,,,,retail_listing,https://pepperpalace.com/products/seven-7-hot-sauce,19.99,USD,https://pepperpalace.com/products/seven-7-hot-sauce,True,pepperpalace.com,2026-09-19T11:09:45.470554Z,2026-09-19T14:01:06.545048Z,sauce-names-1,sauce-match-1,rule:sauce-structured-1,shopify,1,2_longtail,,False,0,,single_source:shopify,0,,,v1
sauce:pepper-palace-warehouse|smoked-serrano,pepper-palace-warehouse,Pepper Palace Warehouse,smoked-serrano,Smoked Serrano Hot Sauce,,,,,unknown,https://pepperpalace.com/products/smoked-serrano-hot-sauce,12.99,USD,https://pepperpalace.com/products/smoked-serrano-hot-sauce,False,pepperpalace.com,2026-09-19T11:09:45.470554Z,2026-09-19T14:01:06.545048Z,sauce-names-1,sauce-match-1,rule:sauce-structured-1,shopify,1,2_longtail,,False,0,,single_source:shopify,0,,,v1
sauce:pepper-palace-warehouse|smokestack,pepper-palace-warehouse,Pepper Palace Warehouse,smokestack,Smokestack Hot Sauce,,,,,retail_listing,https://pepperpalace.com/products/smokestack-hot-sauce,12.99,USD,https://pepperpalace.com/products/smokestack-hot-sauce,True,pepperpalace.com,2026-09-19T11:09:45.470554Z,2026-09-19T14:01:06.545048Z,sauce-names-1,sauce-match-1,rule:sauce-structured-1,shopify,1,2_longtail,,False,0,,single_source:shopify,0,,,v1
sauce:pepper-palace-warehouse|smokin-reaper,pepper-palace-warehouse,Pepper Palace Warehouse,smokin-reaper,Smokin' Reaper Hot Sauce,,,,,retail_listing,https://pepperpalace.com/products/smokin-reaper-hot-sauce,19.99,USD,https://pepperpalace.com/products/smokin-reaper-hot-sauce,True,pepperpalace.com,2026-09-19T11:09:45.470554Z,2026-09-19T14:01:06.545048Z,sauce-names-1,sauce-match-1,rule:sauce-structured-1,shopify,1,2_longtail,,False,0,,single_source:shopify,0,,,v1
sauce:pepper-palace-warehouse|smoky-salsa,pepper-palace-warehouse,Pepper Palace Warehouse,smoky-salsa,Smoky Salsa,,,,,unknown,https://pepperpalace.com/products/smoky-chipotle-salsa-medium,12.99,USD,https://pepperpalace.com/products/smoky-chipotle-salsa-medium,False,pepperpalace.com,2026-09-19T11:09:45.470554Z,2026-09-19T14:01:06.545048Z,sauce-names-1,sauce-match-1,rule:sauce-structured-1,shopify,1,2_longtail,,False,0,,single_source:shopify,0,,,v1
sauce:pepper-palace-warehouse|southern-peach-and-vidalia-onion,pepper-palace-warehouse,Pepper Palace Warehouse,southern-peach-and-vidalia-onion,Southern Peach and Vidalia Onion Hot Sauce,,,,,retail_listing,https://pepperpalace.com/products/southern-peach-and-vidalia-onion-hot-sauce,12.99,USD,https://pepperpalace.com/products/southern-peach-and-vidalia-onion-hot-sauce,True,pepperpalace.com,2026-09-19T11:09:45.470554Z,2026-09-19T14:01:06.545048Z,sauce-names-1,sauce-match-1,rule:sauce-structured-1,shopify,1,2_longtail,,False,0,,single_source:shopify,0,,,v1
sauce:pepper-palace-warehouse|southern-redneck,pepper-palace-warehouse,Pepper Palace Warehouse,southern-redneck,Southern Redneck Hot Sauce,,,,,retail_listing,https://pepperpalace.com/products/southern-redneck,14.99,USD,https://pepperpalace.com/products/southern-redneck,True,pepperpalace.com,2026-09-19T11:09:45.470554Z,2026-09-19T14:01:06.545048Z,sauce-names-1,sauce-match-1,rule:sauce-structured-1,shopify,1,2_longtail,,False,0,,single_source:shopify,0,,,v1
sauce:pepper-palace-warehouse|strained-brain,pepper-palace-warehouse,Pepper Palace Warehouse,strained-brain,Strained Brain Hot Sauce,,,,,unknown,https://pepperpalace.com/products/strained-brain-hot-sauce-1,19.99,USD,https://pepperpalace.com/products/strained-brain-hot-sauce-1,False,pepperpalace.com,2026-09-19T11:09:45.470554Z,2026-09-19T14:01:06.545048Z,sauce-names-1,sauce-match-1,rule:sauce-structured-1,shopify,1,2_longtail,,False,0,,single_source:shopify,0,,,v1
sauce:pepper-palace-warehouse|sweet-chipotle,pepper-palace-warehouse,Pepper Palace Warehouse,sweet-chipotle,Sweet Chipotle Hot Sauce,,,,,unknown,https://pepperpalace.com/products/sweet-chipotle-hot-sauce,12.99,USD,https://pepperpalace.com/products/sweet-chipotle-hot-sauce,False,pepperpalace.com,2026-09-19T11:09:45.470554Z,2026-09-19T14:01:06.545048Z,sauce-names-1,sauce-match-1,rule:sauce-structured-1,shopify,1,2_longtail,,True,1,sauce:pepper-palace|sweet-chipotle,single_source:shopify,0,,,v1
sauce:pepper-palace-warehouse|sweeter-reaper,pepper-palace-warehouse,Pepper Palace Warehouse,sweeter-reaper,Sweeter Reaper Hot Sauce,,,,,retail_listing,https://pepperpalace.com/products/sweeter-reaper-hot-sauce,19.99,USD,https://pepperpalace.com/products/sweeter-reaper-hot-sauce,True,pepperpalace.com,2026-09-19T11:09:45.470554Z,2026-09-19T14:01:06.545048Z,sauce-names-1,sauce-match-1,rule:sauce-structured-1,shopify,1,2_longtail,,False,0,,single_source:shopify,0,,,v1
sauce:pepper-palace-warehouse|tequilapeno,pepper-palace-warehouse,Pepper Palace Warehouse,tequilapeno,Tequilapeno Hot Sauce,,,,,unknown,https://pepperpalace.com/products/tequilapeno-hot-sauce,12.99,USD,https://pepperpalace.com/products/tequilapeno-hot-sauce,False,pepperpalace.com,2026-09-19T11:09:45.470554Z,2026-09-19T14:01:06.545048Z,sauce-names-1,sauce-match-1,rule:sauce-structured-1,shopify,1,2_longtail,,False,0,,single_source:shopify,0,,,v1
sauce:pepper-palace-warehouse|end-flatline,pepper-palace-warehouse,Pepper Palace Warehouse,end-flatline,The End: Flatline Hot Sauce,,,,,retail_listing,https://pepperpalace.com/products/the-end-flatline-hot-sauce,24.99,USD,https://pepperpalace.com/products/the-end-flatline-hot-sauce,True,pepperpalace.com,2026-09-19T11:09:45.470554Z,2026-09-19T14:01:06.545048Z,sauce-names-1,sauce-match-1,rule:sauce-structured-1,shopify,1,2_longtail,,False,0,,single_source:shopify,0,,,v1
sauce:pepper-palace-warehouse|end-purgatory,pepper-palace-warehouse,Pepper Palace Warehouse,end-purgatory,The End: Purgatory Hot Sauce,,,,,retail_listing,https://pepperpalace.com/products/the-end-purgatory-hot-sauce,24.99,USD,https://pepperpalace.com/products/the-end-purgatory-hot-sauce,True,pepperpalace.com,2026-09-19T11:09:45.470554Z,2026-09-19T14:01:06.545048Z,sauce-names-1,sauce-match-1,rule:sauce-structured-1,shopify,1,2_longtail,,False,0,,single_source:shopify,0,,,v1
sauce:pepper-palace-warehouse|end-purgatory-hot-sauce-box,pepper-palace-warehouse,Pepper Palace Warehouse,end-purgatory-hot-sauce-box,The End: Purgatory Hot Sauce Box,,,,,unknown,https://pepperpalace.com/products/the-end-purgatory-hot-sauce-w-gate,39.99,USD,https://pepperpalace.com/products/the-end-purgatory-hot-sauce-w-gate,False,pepperpalace.com,2026-09-19T11:09:45.470554Z,2026-09-19T14:01:06.545048Z,sauce-names-1,sauce-match-1,rule:sauce-structured-1,shopify,1,2_longtail,,False,0,,single_source:shopify,0,,,v1
sauce:pepper-palace-warehouse|this-is-the,pepper-palace-warehouse,Pepper Palace Warehouse,this-is-the,This Is The Sauce,,,,,unknown,https://pepperpalace.com/products/this-is-the-sauce,16.99,USD,https://pepperpalace.com/products/this-is-the-sauce,False,pepperpalace.com,2026-09-19T11:09:45.470554Z,2026-09-19T14:01:06.545048Z,sauce-names-1,sauce-match-1,rule:sauce-structured-1,shopify,1,2_longtail,,False,0,,single_source:shopify,0,,,v1
sauce:pepper-palace-warehouse|times-up-tomato-blend-reaper,pepper-palace-warehouse,Pepper Palace Warehouse,times-up-tomato-blend-reaper,Times Up Tomato Blend Reaper Hot Sauce,,,,,retail_listing,https://pepperpalace.com/products/times-up-tomato-blend-reaper-hot-sauce,19.99,USD,https://pepperpalace.com/products/times-up-tomato-blend-reaper-hot-sauce,True,pepperpalace.com,2026-09-19T11:09:45.470554Z,2026-09-19T14:01:06.545048Z,sauce-names-1,sauce-match-1,rule:sauce-structured-1,shopify,1,2_longtail,,False,0,,single_source:shopify,0,,,v1
sauce:pepper-palace-warehouse|tr3s-diablos,pepper-palace-warehouse,Pepper Palace Warehouse,tr3s-diablos,Tr3s Diablos Hot Sauce,,,,,retail_listing,https://pepperpalace.com/products/tr3s-diablos-hot-sauce,19.99,USD,https://pepperpalace.com/products/tr3s-diablos-hot-sauce,True,pepperpalace.com,2026-09-19T11:09:45.470554Z,2026-09-19T14:01:06.545048Z,sauce-names-1,sauce-match-1,rule:sauce-structured-1,shopify,1,2_longtail,,False,0,,single_source:shopify,0,,,v1
sauce:pepper-palace-warehouse|trinidad-moruga-scorpion-hot-sauce-w-garlic,pepper-palace-warehouse,Pepper Palace Warehouse,trinidad-moruga-scorpion-hot-sauce-w-garlic,Trinidad Moruga Scorpion Hot sauce w Garlic,,,,,retail_listing,https://pepperpalace.com/products/trinidad-moruga-scorpion-hot-sauce-w-garlic,19.99,USD,https://pepperpalace.com/products/trinidad-moruga-scorpion-hot-sauce-w-garlic,True,pepperpalace.com,2026-09-19T11:09:45.470554Z,2026-09-19T14:01:06.545048Z,sauce-names-1,sauce-match-1,rule:sauce-structured-1,shopify,1,2_longtail,,False,0,,single_source:shopify,0,,,v1
sauce:pepper-palace-warehouse|uff-da-scandinavian-gold,pepper-palace-warehouse,Pepper Palace Warehouse,uff-da-scandinavian-gold,Uff Da Scandinavian Gold Hot Sauce,,,,,retail_listing,https://pepperpalace.com/products/uff-da-scandinavian-gold,12.99,USD,https://pepperpalace.com/products/uff-da-scandinavian-gold,True,pepperpalace.com,2026-09-19T11:09:45.470554Z,2026-09-19T14:01:06.545048Z,sauce-names-1,sauce-match-1,rule:sauce-structured-1,shopify,1,2_longtail,,False,0,,single_source:shopify,0,,,v1
sauce:pepper-palace-warehouse|old-liberty-hot-sauce-usa-250th-anniversary,pepper-palace-warehouse,Pepper Palace Warehouse,old-liberty-hot-sauce-usa-250th-anniversary,Old Liberty Hot Sauce - USA 250th Anniversary,,,,,retail_listing,https://pepperpalace.com/products/usa-250th-anniversery-old-liberty-hot-sauce-3-oz,14.99,USD,https://pepperpalace.com/products/usa-250th-anniversery-old-liberty-hot-sauce-3-oz,True,pepperpalace.com,2026-09-19T11:09:45.470554Z,2026-09-19T14:01:06.545048Z,sauce-names-1,sauce-match-1,rule:sauce-structured-1,shopify,1,2_longtail,,False,0,,single_source:shopify,0,,,v1
sauce:pepper-palace-warehouse|voodoo-reaper,pepper-palace-warehouse,Pepper Palace Warehouse,voodoo-reaper,Voodoo Reaper Hot Sauce,,,,,retail_listing,https://pepperpalace.com/products/voodoo-reaper-hot-sauce,19.99,USD,https://pepperpalace.com/products/voodoo-reaper-hot-sauce,True,pepperpalace.com,2026-09-19T11:09:45.470554Z,2026-09-19T14:01:06.545048Z,sauce-names-1,sauce-match-1,rule:sauce-structured-1,shopify,1,2_longtail,,False,0,,single_source:shopify,0,,,v1
sauce:pepper-palace-warehouse|wing-master-death-by-wings,pepper-palace-warehouse,Pepper Palace Warehouse,wing-master-death-by-wings,Wing Master - Death By Wings,,,,,unknown,https://pepperpalace.com/products/wing-master-death-by-wings,18.99,USD,https://pepperpalace.com/products/wing-master-death-by-wings,False,pepperpalace.com,2026-09-19T11:09:45.470554Z,2026-09-19T14:01:06.545048Z,sauce-names-1,sauce-match-1,rule:sauce-structured-1,shopify,1,2_longtail,,False,0,,single_source:shopify,0,,,v1
sauce:pepper-palace-warehouse|wing-master-garlic-parmesan,pepper-palace-warehouse,Pepper Palace Warehouse,wing-master-garlic-parmesan,Wing Master - Garlic Parmesan,,,,,retail_listing,https://pepperpalace.com/products/wing-master-garlic-parmesan,12.99,USD,https://pepperpalace.com/products/wing-master-garlic-parmesan,True,pepperpalace.com,2026-09-19T11:09:45.470554Z,2026-09-19T14:01:06.545048Z,sauce-names-1,sauce-match-1,rule:sauce-structured-1,shopify,1,2_longtail,,False,0,,single_source:shopify,0,,,v1
sauce:pepper-palace-warehouse|wing-master-ghost,pepper-palace-warehouse,Pepper Palace Warehouse,wing-master-ghost,Wing Master - Ghost,,,,,unknown,https://pepperpalace.com/products/wing-master-ghost,14.99,USD,https://pepperpalace.com/products/wing-master-ghost,False,pepperpalace.com,2026-09-19T11:09:45.470554Z,2026-09-19T14:01:06.545048Z,sauce-names-1,sauce-match-1,rule:sauce-structured-1,shopify,1,2_longtail,,True,1,sauce:pepper-palace-warehouse|wing-master-hot,single_source:shopify,0,,,v1
sauce:pepper-palace-warehouse|wing-master-honey-garlic,pepper-palace-warehouse,Pepper Palace Warehouse,wing-master-honey-garlic,Wing Master - Honey Garlic,,,,,retail_listing,https://pepperpalace.com/products/wing-master-honey-garlic,12.99,USD,https://pepperpalace.com/products/wing-master-honey-garlic,True,pepperpalace.com,2026-09-19T11:09:45.470554Z,2026-09-19T14:01:06.545048Z,sauce-names-1,sauce-match-1,rule:sauce-structured-1,shopify,1,2_longtail,,False,0,,single_source:shopify,0,,,v1
sauce:pepper-palace-warehouse|wing-master-hot,pepper-palace-warehouse,Pepper Palace Warehouse,wing-master-hot,Wing Master - Hot,,,,,unknown,https://pepperpalace.com/products/wing-master-hot,12.99,USD,https://pepperpalace.com/products/wing-master-hot,False,pepperpalace.com,2026-09-19T11:09:45.470554Z,2026-09-19T14:01:06.545048Z,sauce-names-1,sauce-match-1,rule:sauce-structured-1,shopify,1,2_longtail,,True,1,sauce:pepper-palace-warehouse|wing-master-ghost,single_source:shopify,0,,,v1
sauce:pepper-palace-warehouse|wing-master-mango-habanero,pepper-palace-warehouse,Pepper Palace Warehouse,wing-master-mango-habanero,Wing Master - Mango Habanero,,,,,retail_listing,https://pepperpalace.com/products/wing-master-mango-habanero,12.99,USD,https://pepperpalace.com/products/wing-master-mango-habanero,True,pepperpalace.com,2026-09-19T11:09:45.470554Z,2026-09-19T14:01:06.545048Z,sauce-names-1,sauce-match-1,rule:sauce-structured-1,shopify,1,2_longtail,,False,0,,single_source:shopify,0,,,v1
sauce:pepper-palace-warehouse|wing-master-medium,pepper-palace-warehouse,Pepper Palace Warehouse,wing-master-medium,Wing Master - Medium,,,,,retail_listing,https://pepperpalace.com/products/wing-master-medium,12.99,USD,https://pepperpalace.com/products/wing-master-medium,True,pepperpalace.com,2026-09-19T11:09:45.470554Z,2026-09-19T14:01:06.545048Z,sauce-names-1,sauce-match-1,rule:sauce-structured-1,shopify,1,2_longtail,,False,0,,single_source:shopify,0,,,v1
sauce:pepper-palace-warehouse|wing-master-mega-garlic,pepper-palace-warehouse,Pepper Palace Warehouse,wing-master-mega-garlic,Wing Master - Mega Garlic,,,,,retail_listing,https://pepperpalace.com/products/wing-master-mega-garlic,12.99,USD,https://pepperpalace.com/products/wing-master-mega-garlic,True,pepperpalace.com,2026-09-19T11:09:45.470554Z,2026-09-19T14:01:06.545048Z,sauce-names-1,sauce-match-1,rule:sauce-structured-1,shopify,1,2_longtail,,False,0,,single_source:shopify,0,,,v1
sauce:pepper-palace-warehouse|wing-master-reaper,pepper-palace-warehouse,Pepper Palace Warehouse,wing-master-reaper,Wing Master - Reaper,,,,,unknown,https://pepperpalace.com/products/wing-master-reaper,14.99,USD,https://pepperpalace.com/products/wing-master-reaper,False,pepperpalace.com,2026-09-19T11:09:45.470554Z,2026-09-19T14:01:06.545048Z,sauce-names-1,sauce-match-1,rule:sauce-structured-1,shopify,1,2_longtail,,False,0,,single_source:shopify,0,,,v1
sauce:pepper-palace-warehouse|wing-master-smokehouse,pepper-palace-warehouse,Pepper Palace Warehouse,wing-master-smokehouse,Wing Master - Smokehouse,,,,,retail_listing,https://pepperpalace.com/products/wing-master-smokehouse,12.99,USD,https://pepperpalace.com/products/wing-master-smokehouse,True,pepperpalace.com,2026-09-19T11:09:45.470554Z,2026-09-19T14:01:06.545048Z,sauce-names-1,sauce-match-1,rule:sauce-structured-1,shopify,1,2_longtail,,False,0,,single_source:shopify,0,,,v1
sauce:pepper-palace-warehouse|wing-master-sweet-chili,pepper-palace-warehouse,Pepper Palace Warehouse,wing-master-sweet-chili,Wing Master - Sweet Chili,,,,,retail_listing,https://pepperpalace.com/products/wing-master-sweet-chili,12.99,USD,https://pepperpalace.com/products/wing-master-sweet-chili,True,pepperpalace.com,2026-09-19T11:09:45.470554Z,2026-09-19T14:01:06.545048Z,sauce-names-1,sauce-match-1,rule:sauce-structured-1,shopify,1,2_longtail,,False,0,,single_source:shopify,0,,,v1
sauce:pepper-palace-warehouse|wing-master-vinegar,pepper-palace-warehouse,Pepper Palace Warehouse,wing-master-vinegar,Wing Master - Vinegar,,,,,unknown,https://pepperpalace.com/products/wing-master-vinegar,12.99,USD,https://pepperpalace.com/products/wing-master-vinegar,False,pepperpalace.com,2026-09-19T11:09:45.470554Z,2026-09-19T14:01:06.545048Z,sauce-names-1,sauce-match-1,rule:sauce-structured-1,shopify,1,2_longtail,,False,0,,single_source:shopify,0,,,v1
sauce:pepper-palace-warehouse|wor-chef-fire,pepper-palace-warehouse,Pepper Palace Warehouse,wor-chef-fire,Wor-CHEF-Fire Hot Sauce,,,,,unknown,https://pepperpalace.com/products/wor-chef-fire-hot-sauce,12.99,USD,https://pepperpalace.com/products/wor-chef-fire-hot-sauce,False,pepperpalace.com,2026-09-19T11:09:45.470554Z,2026-09-19T14:01:06.545048Z,sauce-names-1,sauce-match-1,rule:sauce-structured-1,shopify,1,2_longtail,,False,0,,single_source:shopify,0,,,v1
sauce:pepplish-provisions|apple-cilantro-lime,pepplish-provisions,Pepplish Provisions,apple-cilantro-lime,Apple Cilantro Lime,,,,,unknown,https://crafthotsauce.com/products/apple-cilantro-lime,9.00,USD,https://crafthotsauce.com/products/apple-cilantro-lime,False,crafthotsauce.com,2026-09-19T13:52:25.427841Z,2026-09-19T14:01:06.545048Z,sauce-names-1,sauce-match-1,rule:sauce-structured-1,shopify,1,2_longtail,,False,0,,single_source:shopify,0,,,v1
sauce:pepplish-provisions|blueberry-basil-shallot,pepplish-provisions,Pepplish Provisions,blueberry-basil-shallot,Blueberry Basil Shallot,,,,,unknown,https://crafthotsauce.com/products/blueberry-basil-shallot,8.50,USD,https://crafthotsauce.com/products/blueberry-basil-shallot,False,crafthotsauce.com,2026-09-19T13:52:25.427841Z,2026-09-19T14:01:06.545048Z,sauce-names-1,sauce-match-1,rule:sauce-structured-1,shopify,1,2_longtail,,False,0,,single_source:shopify,0,,,v1
sauce:pepplish-provisions|mango-garlic-hickory,pepplish-provisions,Pepplish Provisions,mango-garlic-hickory,Mango Garlic Hickory,,,,,unknown,https://crafthotsauce.com/products/mango-garlic-hickory,9.50,USD,https://crafthotsauce.com/products/mango-garlic-hickory,False,crafthotsauce.com,2026-09-19T13:52:25.427841Z,2026-09-19T14:01:06.545048Z,sauce-names-1,sauce-match-1,rule:sauce-structured-1,shopify,1,2_longtail,,False,0,,single_source:shopify,0,,,v1
sauce:pepplish-provisions|peach-agave-garlic,pepplish-provisions,Pepplish Provisions,peach-agave-garlic,Peach Agave Garlic,,,,,unknown,https://crafthotsauce.com/products/peach-agave-garlic,9.00,USD,https://crafthotsauce.com/products/peach-agave-garlic,False,crafthotsauce.com,2026-09-19T13:52:25.427841Z,2026-09-19T14:01:06.545048Z,sauce-names-1,sauce-match-1,rule:sauce-structured-1,shopify,1,2_longtail,,False,0,,single_source:shopify,0,,,v1
sauce:pepplish-provisions|pineapple-lemongrass-ginger,pepplish-provisions,Pepplish Provisions,pineapple-lemongrass-ginger,Pineapple Lemongrass Ginger,,,,,unknown,https://crafthotsauce.com/products/pineapple-lemongrass-ginger,8.50,USD,https://crafthotsauce.com/products/pineapple-lemongrass-ginger,False,crafthotsauce.com,2026-09-19T13:52:25.427841Z,2026-09-19T14:01:06.545048Z,sauce-names-1,sauce-match-1,rule:sauce-structured-1,shopify,1,2_longtail,,False,0,,single_source:shopify,0,,,v1
sauce:pexpeppers|2-the-moon-sb7j,pexpeppers,PexPeppers Hot Sauce,2-the-moon-sb7j,2 The Moon SB7J Hot Sauce,,,,,retail_listing,https://heathotsauce.com/products/2-the-moon-sb7j-1,11.99,USD,https://heathotsauce.com/products/2-the-moon-sb7j-1,True,heathotsauce.com,2026-09-19T11:09:45.470554Z,2026-09-19T14:01:06.545048Z,sauce-names-1,sauce-match-1,rule:sauce-structured-1,shopify,1,2_longtail,,False,0,,single_source:shopify,0,,,v1
sauce:pexpeppers|atom-splitter-tropical-douglah,pexpeppers,PexPeppers Hot Sauce,atom-splitter-tropical-douglah,Atom Splitter Tropical Douglah Hot Sauce,,,,,unknown,https://pexpeppers.com/products/atom-splitter-douglah-hot-sauce,13.99,USD,https://pexpeppers.com/products/atom-splitter-douglah-hot-sauce,False,pexpeppers.com,2026-09-19T11:09:45.470554Z,2026-09-19T14:01:06.545048Z,sauce-names-1,sauce-match-1,rule:sauce-structured-1,shopify,1,2_longtail,,False,0,,single_source:shopify,0,,,v1
sauce:pexpeppers|bangin-mango-cgn21500,pexpeppers,PexPeppers Hot Sauce,bangin-mango-cgn21500,Bangin' Mango CGN21500 Hot Sauce,,,,,unknown,https://pexpeppers.com/products/bangin-mango-cgn21500-hot-sauce,12.99,USD,https://pexpeppers.com/products/bangin-mango-cgn21500-hot-sauce,False,pexpeppers.com,2026-09-19T11:09:45.470554Z,2026-09-19T14:01:06.545048Z,sauce-names-1,sauce-match-1,rule:sauce-structured-1,shopify,1,2_longtail,,False,0,,single_source:shopify,0,,,v1
sauce:pexpeppers|bear-river-bottling-spicy-sauerkraut,pexpeppers,PexPeppers Hot Sauce,bear-river-bottling-spicy-sauerkraut,Bear River Bottling Spicy Sauerkraut,,,,,unknown,https://pexpeppers.com/products/bear-river-bottling-spicy-sauerkraut,15.00,USD,https://pexpeppers.com/products/bear-river-bottling-spicy-sauerkraut,False,pexpeppers.com,2026-09-19T11:09:45.470554Z,2026-09-19T14:01:06.545048Z,sauce-names-1,sauce-match-1,rule:sauce-structured-1,shopify,1,2_longtail,,False,0,,single_source:shopify,0,,,v1
sauce:pexpeppers|beebomb-jalapeno,pexpeppers,PexPeppers Hot Sauce,beebomb-jalapeno,BeeBOMB Jalapeno Hot Sauce,,,,,retail_listing,https://pexpeppers.com/products/beebomb-hot-sauce,10.99,USD,https://pexpeppers.com/products/beebomb-hot-sauce,True,pexpeppers.com,2026-09-19T11:09:45.470554Z,2026-09-19T14:01:06.545048Z,sauce-names-1,sauce-match-1,rule:sauce-structured-1,shopify,1,2_longtail,,False,0,,single_source:shopify,0,,,v1
sauce:pexpeppers|cherry-magma-carolina-reaper,pexpeppers,PexPeppers Hot Sauce,cherry-magma-carolina-reaper,Cherry Magma Carolina Reaper Hot Sauce,,,,,unknown,https://pexpeppers.com/products/cherry-magma-carolina-reaper-hot-sauce,13.99,USD,https://pexpeppers.com/products/cherry-magma-carolina-reaper-hot-sauce,False,pexpeppers.com,2026-09-19T11:09:45.470554Z,2026-09-19T14:01:06.545048Z,sauce-names-1,sauce-match-1,rule:sauce-structured-1,shopify,1,2_longtail,,False,0,,single_source:shopify,0,,,v1
sauce:pexpeppers|garlic-fuego-jalapeno,pexpeppers,PexPeppers Hot Sauce,garlic-fuego-jalapeno,Garlic Fuego Jalapeno Hot Sauce,,,,,retail_listing,https://pexpeppers.com/products/garlic-fuego-jalapeno-hot-sauce,10.00,USD,https://pexpeppers.com/products/garlic-fuego-jalapeno-hot-sauce,True,pexpeppers.com,2026-09-19T11:09:45.470554Z,2026-09-19T14:01:06.545048Z,sauce-names-1,sauce-match-1,rule:sauce-structured-1,shopify,1,2_longtail,,False,0,,single_source:shopify,0,,,v1
sauce:pexpeppers|gold-rush-pueblo-chile,pexpeppers,PexPeppers Hot Sauce,gold-rush-pueblo-chile,Gold Rush Pueblo Chile Hot Sauce,,,,,retail_listing,https://pexpeppers.com/products/gold-rush-pueblo-chile-hot-sauce,10.00,USD,https://pexpeppers.com/products/gold-rush-pueblo-chile-hot-sauce,True,pexpeppers.com,2026-09-19T11:09:45.470554Z,2026-09-19T14:01:06.545048Z,sauce-names-1,sauce-match-1,rule:sauce-structured-1,shopify,1,2_longtail,,False,0,,single_source:shopify,0,,,v1
sauce:pexpeppers|habanero-reserve-red-pueblo-chile-habanero-condiment,pexpeppers,PexPeppers Hot Sauce,habanero-reserve-red-pueblo-chile-habanero-condiment,Habanero Reserve Red Pueblo Chile & Habanero Condiment,,,,,unknown,https://pexpeppers.com/products/habanero-reserve-red-pueblo-chile-condiment,14.99,USD,https://pexpeppers.com/products/habanero-reserve-red-pueblo-chile-condiment,False,pexpeppers.com,2026-09-19T11:09:45.470554Z,2026-09-19T14:01:06.545048Z,sauce-names-1,sauce-match-1,rule:sauce-structured-1,shopify,1,2_longtail,,False,0,,single_source:shopify,0,,,v1
sauce:pexpeppers|hot-sauce-display-holder,pexpeppers,PexPeppers Hot Sauce,hot-sauce-display-holder,Hot Sauce Display Holder,,,,,retail_listing,https://pexpeppers.com/products/hot-sauce-display-holder,18.00,USD,https://pexpeppers.com/products/hot-sauce-display-holder,True,pexpeppers.com,2026-09-19T11:09:45.470554Z,2026-09-19T14:01:06.545048Z,sauce-names-1,sauce-match-1,rule:sauce-structured-1,shopify,1,2_longtail,,False,0,,single_source:shopify,0,,,v1
sauce:pexpeppers|hot-sauce-of-the-month-club,pexpeppers,PexPeppers Hot Sauce,hot-sauce-of-the-month-club,Hot Sauce Of The Month Club,,,,,retail_listing,https://pexpeppers.com/products/hot-sauce-of-the-month-club,16.50,USD,https://pexpeppers.com/products/hot-sauce-of-the-month-club,True,pexpeppers.com,2026-09-19T11:09:45.470554Z,2026-09-19T14:01:06.545048Z,sauce-names-1,sauce-match-1,rule:sauce-structured-1,shopify,1,2_longtail,,False,0,,single_source:shopify,0,,,v1
sauce:pexpeppers|killerswarm-trinidad-scorpion,pexpeppers,PexPeppers Hot Sauce,killerswarm-trinidad-scorpion,KillerSWARM Trinidad Scorpion Hot Sauce,,,,,retail_listing,https://pexpeppers.com/products/killerswarm-hot-sauce,10.00,USD,https://pexpeppers.com/products/killerswarm-hot-sauce,True,pexpeppers.com,2026-09-19T11:09:45.470554Z,2026-09-19T14:01:06.545048Z,sauce-names-1,sauce-match-1,rule:sauce-structured-1,shopify,1,2_longtail,,False,0,,single_source:shopify,0,,,v1
sauce:pexpeppers|lemon-laser-beam-fatalii,pexpeppers,PexPeppers Hot Sauce,lemon-laser-beam-fatalii,Lemon Laser Beam Fatalii Hot Sauce,,,,,unknown,https://pexpeppers.com/products/lemon-laser-beam-fatalii-hot-sauce,12.99,USD,https://pexpeppers.com/products/lemon-laser-beam-fatalii-hot-sauce,False,pexpeppers.com,2026-09-19T11:09:45.470554Z,2026-09-19T14:01:06.545048Z,sauce-names-1,sauce-match-1,rule:sauce-structured-1,shopify,1,2_longtail,,False,0,,single_source:shopify,0,,,v1
sauce:pexpeppers|orbital-orange-hotter-edition-yellow-7-pot,pexpeppers,PexPeppers Hot Sauce,orbital-orange-hotter-edition-yellow-7-pot,Orbital Orange Hotter Edition Yellow 7 Pot Hot Sauce,,,,,unknown,https://pexpeppers.com/products/orbital-orange-hotter-edition-yellow-7-pot-hot-sauce,13.99,USD,https://pexpeppers.com/products/orbital-orange-hotter-edition-yellow-7-pot-hot-sauce,False,pexpeppers.com,2026-09-19T11:09:45.470554Z,2026-09-19T14:01:06.545048Z,sauce-names-1,sauce-match-1,rule:sauce-structured-1,shopify,1,2_longtail,,False,0,,single_source:shopify,0,,,v1
sauce:pexpeppers|orbital-orange-mild-pueblo-chile,pexpeppers,PexPeppers Hot Sauce,orbital-orange-mild-pueblo-chile,Orbital Orange Mild Pueblo Chile Sauce,,,,,unknown,https://pexpeppers.com/products/orbital-orange-mild-pueblo-chile-sauce,15.00,USD,https://pexpeppers.com/products/orbital-orange-mild-pueblo-chile-sauce,False,pexpeppers.com,2026-09-19T11:09:45.470554Z,2026-09-19T14:01:06.545048Z,sauce-names-1,sauce-match-1,rule:sauce-structured-1,shopify,1,2_longtail,,False,0,,single_source:shopify,0,,,v1
sauce:pexpeppers|painapple-carolina-reaper-and-pineapple,pexpeppers,PexPeppers Hot Sauce,painapple-carolina-reaper-and-pineapple,Painapple Carolina Reaper and Pineapple Hot Sauce,,,,,retail_listing,https://pexpeppers.com/products/painapple-carolina-reaper-and-pineapple-hot-sauce,10.00,USD,https://pexpeppers.com/products/painapple-carolina-reaper-and-pineapple-hot-sauce,True,pexpeppers.com,2026-09-19T11:09:45.470554Z,2026-09-19T14:01:06.545048Z,sauce-names-1,sauce-match-1,rule:sauce-structured-1,shopify,1,2_longtail,,False,0,,single_source:shopify,0,,,v1
sauce:pexpeppers|jalapickle-dill,pexpeppers,PexPeppers Hot Sauce,jalapickle-dill,Jalapickle Dill Hot Sauce,,,,,retail_listing,https://pexpeppers.com/products/pexpeppers-jalapickle-dill-hot-sauce,10.00,USD,https://pexpeppers.com/products/pexpeppers-jalapickle-dill-hot-sauce,True,pexpeppers.com,2026-09-19T11:09:45.470554Z,2026-09-19T14:01:06.545048Z,sauce-names-1,sauce-match-1,rule:sauce-structured-1,shopify,1,2_longtail,,False,0,,single_source:shopify,0,,,v1
sauce:pexpeppers|pexpeppers-spicy-habanero-salsa-hot-6-10,pexpeppers,PexPeppers Hot Sauce,pexpeppers-spicy-habanero-salsa-hot-6-10,PexPeppers Spicy Habanero Salsa -- Hot 6/10,,,,,retail_listing,https://pexpeppers.com/products/pexpeppers-spicy-habanero-salsa,12.99,USD,https://pexpeppers.com/products/pexpeppers-spicy-habanero-salsa,True,pexpeppers.com,2026-09-19T11:09:45.470554Z,2026-09-19T14:01:06.545048Z,sauce-names-1,sauce-match-1,rule:sauce-structured-1,shopify,1,2_longtail,,False,0,,single_source:shopify,0,,,v1
sauce:pexpeppers|pueblo-reserve-red-pueblo-chile-condiment,pexpeppers,PexPeppers Hot Sauce,pueblo-reserve-red-pueblo-chile-condiment,Pueblo Reserve Red Pueblo Chile Condiment,,,,,retail_listing,https://pexpeppers.com/products/pueblo-reserve-red-pueblo-chile-condiment,15.00,USD,https://pexpeppers.com/products/pueblo-reserve-red-pueblo-chile-condiment,True,pexpeppers.com,2026-09-19T11:09:45.470554Z,2026-09-19T14:01:06.545048Z,sauce-names-1,sauce-match-1,rule:sauce-structured-1,shopify,1,2_longtail,,False,0,,single_source:shopify,0,,,v1
sauce:pexpeppers|pueblo-select-wing,pexpeppers,PexPeppers Hot Sauce,pueblo-select-wing,Pueblo Select Wing Sauce,,,,,retail_listing,https://pexpeppers.com/products/pueblo-select-wing-sauce,15.00,USD,https://pexpeppers.com/products/pueblo-select-wing-sauce,True,pexpeppers.com,2026-09-19T11:09:45.470554Z,2026-09-19T14:01:06.545048Z,sauce-names-1,sauce-match-1,rule:sauce-structured-1,shopify,1,2_longtail,,False,0,,single_source:shopify,0,,,v1
sauce:pexpeppers|pexpeppers-pueblo-chile-salsa-medium-3-10,pexpeppers,PexPeppers Hot Sauce,pexpeppers-pueblo-chile-salsa-medium-3-10,PexPeppers Pueblo Chile Salsa -- Medium 3/10,,,,,retail_listing,https://pexpeppers.com/products/salsa-medium,12.99,USD,https://pexpeppers.com/products/salsa-medium,True,pexpeppers.com,2026-09-19T11:09:45.470554Z,2026-09-19T14:01:06.545048Z,sauce-names-1,sauce-match-1,rule:sauce-structured-1,shopify,1,2_longtail,,False,0,,single_source:shopify,0,,,v1
sauce:pexpeppers|solar-fuego-pueblo-chile-habanero,pexpeppers,PexPeppers Hot Sauce,solar-fuego-pueblo-chile-habanero,Solar Fuego Pueblo Chile & Habanero Hot Sauce,,,,,retail_listing,https://pexpeppers.com/products/solar-fuego-hot-sauce,10.00,USD,https://pexpeppers.com/products/solar-fuego-hot-sauce,True,pexpeppers.com,2026-09-19T11:09:45.470554Z,2026-09-19T14:01:06.545048Z,sauce-names-1,sauce-match-1,rule:sauce-structured-1,shopify,1,2_longtail,,False,0,,single_source:shopify,0,,,v1
sauce:pexpeppers|struava-strawberry-guava-cgn21500,pexpeppers,PexPeppers Hot Sauce,struava-strawberry-guava-cgn21500,Struava Strawberry Guava CGN21500 Hot Sauce,,,,,unknown,https://pexpeppers.com/products/struava-strawberry-guava-cgn21500-hot-sauce,14.00,USD,https://pexpeppers.com/products/struava-strawberry-guava-cgn21500-hot-sauce,False,pexpeppers.com,2026-09-19T11:09:45.470554Z,2026-09-19T14:01:06.545048Z,sauce-names-1,sauce-match-1,rule:sauce-structured-1,shopify,1,2_longtail,,False,0,,single_source:shopify,0,,,v1
sauce:pexpeppers|funk-cgn21500,pexpeppers,PexPeppers Hot Sauce,funk-cgn21500,The Funk CGN21500 Hot Sauce,,,,,unknown,https://pexpeppers.com/products/the-funk-cgn21500-hot-sauce,10.00,USD,https://pexpeppers.com/products/the-funk-cgn21500-hot-sauce,False,pexpeppers.com,2026-09-19T11:09:45.470554Z,2026-09-19T14:01:06.545048Z,sauce-names-1,sauce-match-1,rule:sauce-structured-1,shopify,1,2_longtail,,False,0,,single_source:shopify,0,,,v1
sauce:pexpeppers|to-the-moon-harvest-edition,pexpeppers,PexPeppers Hot Sauce,to-the-moon-harvest-edition,To The Moon Harvest Edition,,,,,retail_listing,https://pexpeppers.com/products/to-the-moon-harvest-edition,10.00,USD,https://pexpeppers.com/products/to-the-moon-harvest-edition,True,pexpeppers.com,2026-09-19T11:09:45.470554Z,2026-09-19T14:01:06.545048Z,sauce-names-1,sauce-match-1,rule:sauce-structured-1,shopify,1,2_longtail,,False,0,,single_source:shopify,0,,,v1
sauce:pexpeppers|tropical-deluxe-fruit-punch,pexpeppers,PexPeppers Hot Sauce,tropical-deluxe-fruit-punch,Tropical Deluxe Fruit Punch Hot Sauce,,,,,retail_listing,https://pexpeppers.com/products/tropical-deluxe-fruit-punch-hot-sauce,10.00,USD,https://pexpeppers.com/products/tropical-deluxe-fruit-punch-hot-sauce,True,pexpeppers.com,2026-09-19T11:09:45.470554Z,2026-09-19T14:01:06.545048Z,sauce-names-1,sauce-match-1,rule:sauce-structured-1,shopify,1,2_longtail,,False,0,,single_source:shopify,0,,,v1
sauce:pexpeppers|tropical-revenge-reaper,pexpeppers,PexPeppers Hot Sauce,tropical-revenge-reaper,Tropical Revenge Reaper Hot Sauce,,,,,unknown,https://pexpeppers.com/products/tropical-revenge-carolina-reaper-hot-sauce,15.00,USD,https://pexpeppers.com/products/tropical-revenge-carolina-reaper-hot-sauce,False,pexpeppers.com,2026-09-19T11:09:45.470554Z,2026-09-19T14:01:06.545048Z,sauce-names-1,sauce-match-1,rule:sauce-structured-1,shopify,1,2_longtail,,False,0,,single_source:shopify,0,,,v1
sauce:pexpeppers|beebomb-jalapeno-n-honey,pexpeppers,PexPeppers,beebomb-jalapeno-n-honey,BeeBOMB Jalapeño 'n' Honey,,,,,retail_listing,https://heathotsauce.com/products/beebomb-jalapeno-n-honey,9.99,USD,https://heathotsauce.com/products/beebomb-jalapeno-n-honey,True,heathotsauce.com,2026-09-19T13:52:25.427841Z,2026-09-19T14:01:06.545048Z,sauce-names-1,sauce-match-1,rule:sauce-structured-1,shopify,1,2_longtail,,False,0,,single_source:shopify,0,,,v1
sauce:pexpeppers|cosmic-peach,pexpeppers,PexPeppers,cosmic-peach,Cosmic Peach,,,,,retail_listing,https://heathotsauce.com/products/cosmic-peach-hot-sauce,9.99,USD,https://heathotsauce.com/products/cosmic-peach-hot-sauce,True,heathotsauce.com,2026-09-19T13:52:25.427841Z,2026-09-19T14:01:06.545048Z,sauce-names-1,sauce-match-1,rule:sauce-structured-1,shopify,1,2_longtail,,False,0,,single_source:shopify,0,,,v1
sauce:pexpeppers|hornet-bomb,pexpeppers,PexPeppers,hornet-bomb,Hornet Bomb,,,,,retail_listing,https://heathotsauce.com/products/hornetbomb-with-carribean-red-habaneros-wildflower-honey-lime,9.99,USD,https://heathotsauce.com/products/hornetbomb-with-carribean-red-habaneros-wildflower-honey-lime,True,heathotsauce.com,2026-09-19T13:52:25.427841Z,2026-09-19T14:01:06.545048Z,sauce-names-1,sauce-match-1,rule:sauce-structured-1,shopify,1,2_longtail,,False,0,,single_source:shopify,0,,,v1
sauce:pexpeppers|killerswarm,pexpeppers,PexPeppers,killerswarm,KillerSWARM Hot Sauce,,,,,unknown,https://heathotsauce.com/products/killerswarm-moruga-scorpion-hot-sauce,11.99,USD,https://heathotsauce.com/products/killerswarm-moruga-scorpion-hot-sauce,False,heathotsauce.com,2026-09-19T13:52:25.427841Z,2026-09-19T14:01:06.545048Z,sauce-names-1,sauce-match-1,rule:sauce-structured-1,shopify,1,2_longtail,,False,0,,single_source:shopify,0,,,v1
sauce:pexpeppers|lemon-laser-beam,pexpeppers,PexPeppers,lemon-laser-beam,Lemon Laser Beam,,,,,retail_listing,https://heathotsauce.com/products/pexpeppers-lemon-laser-beam,10.99,USD,https://heathotsauce.com/products/pexpeppers-lemon-laser-beam,True,heathotsauce.com,2026-09-19T13:52:25.427841Z,2026-09-19T14:01:06.545048Z,sauce-names-1,sauce-match-1,rule:sauce-structured-1,shopify,1,2_longtail,,False,0,,single_source:shopify,0,,,v1
sauce:pexpeppers|orbital-orange-hotter-edition,pexpeppers,PexPeppers,orbital-orange-hotter-edition,Orbital Orange Hotter Edition,,,,,retail_listing,https://heathotsauce.com/products/pexpeppers-orbital-orange,11.99,USD,https://heathotsauce.com/products/pexpeppers-orbital-orange,True,heathotsauce.com,2026-09-19T13:52:25.427841Z,2026-09-19T14:01:06.545048Z,sauce-names-1,sauce-match-1,rule:sauce-structured-1,shopify,1,2_longtail,,False,0,,single_source:shopify,0,,,v1
sauce:pexpeppers|wildberry-whoop-ass,pexpeppers,PexPeppers,wildberry-whoop-ass,Wildberry Whoop-ass,,,,,retail_listing,https://heathotsauce.com/products/wildberry-whoop-ass,11.99,USD,https://heathotsauce.com/products/wildberry-whoop-ass,True,heathotsauce.com,2026-09-19T13:52:25.427841Z,2026-09-19T14:01:06.545048Z,sauce-names-1,sauce-match-1,rule:sauce-structured-1,shopify,1,2_longtail,,False,0,,single_source:shopify,0,,,v1
sauce:pexpeppers|cosmic-peach-chilehead-reserve,pexpeppers,PexPeppers,cosmic-peach-chilehead-reserve,Cosmic Peach Chilehead Reserve,,,,,unknown,https://pexpeppers.com/products/cosmic-peach-chilehead-reserve,16.00,USD,https://pexpeppers.com/products/cosmic-peach-chilehead-reserve,False,pexpeppers.com,2026-09-19T11:09:45.470554Z,2026-09-19T14:01:06.545048Z,sauce-names-1,sauce-match-1,rule:sauce-structured-1,shopify,1,2_longtail,,False,0,,single_source:shopify,0,,,v1
sauce:pexpeppers|cosmic-peach-habanero,pexpeppers,PexPeppers,cosmic-peach-habanero,Cosmic Peach Habanero Hot Sauce,,,,,unknown,https://pexpeppers.com/products/cosmic-peach-habanero-hot-sauce,10.00,USD,https://pexpeppers.com/products/cosmic-peach-habanero-hot-sauce,False,pexpeppers.com,2026-09-19T11:09:45.470554Z,2026-09-19T14:01:06.545048Z,sauce-names-1,sauce-match-1,rule:sauce-structured-1,shopify,1,2_longtail,,False,0,,single_source:shopify,0,,,v1
sauce:pexpeppers|hornetbomb-habanero,pexpeppers,PexPeppers,hornetbomb-habanero,HornetBOMB Habanero Hot Sauce,,,,,retail_listing,https://pexpeppers.com/products/hornetbomb-habanero-hot-sauce,10.00,USD,https://pexpeppers.com/products/hornetbomb-habanero-hot-sauce,True,pexpeppers.com,2026-09-19T11:09:45.470554Z,2026-09-19T14:01:06.545048Z,sauce-names-1,sauce-match-1,rule:sauce-structured-1,shopify,1,2_longtail,,False,0,,single_source:shopify,0,,,v1
sauce:pexpeppers|i-m-so-chile-ghost-edition,pexpeppers,PexPeppers,i-m-so-chile-ghost-edition,I'm So Chile Ghost Edition,,,,,retail_listing,https://pexpeppers.com/products/im-so-chile-ghost-edition,10.00,USD,https://pexpeppers.com/products/im-so-chile-ghost-edition,True,pexpeppers.com,2026-09-19T11:09:45.470554Z,2026-09-19T14:01:06.545048Z,sauce-names-1,sauce-match-1,rule:sauce-structured-1,shopify,1,2_longtail,,False,0,,single_source:shopify,0,,,v1
sauce:pexpeppers|i-m-so-chile-pueblo,pexpeppers,PexPeppers,i-m-so-chile-pueblo,I'm So Chile Pueblo Hot Sauce,,,,,retail_listing,https://pexpeppers.com/products/im-so-chile-pueblo-hot-sauce,10.00,USD,https://pexpeppers.com/products/im-so-chile-pueblo-hot-sauce,True,pexpeppers.com,2026-09-19T11:09:45.470554Z,2026-09-19T14:01:06.545048Z,sauce-names-1,sauce-match-1,rule:sauce-structured-1,shopify,1,2_longtail,,False,0,,single_source:shopify,0,,,v1
sauce:pexpeppers|pueblo-chile-salsa-verde,pexpeppers,PexPeppers,pueblo-chile-salsa-verde,Pueblo Chile Salsa Verde,,,,,retail_listing,https://pexpeppers.com/products/pexpeppers-pueblo-chile-salsa-verde,15.00,USD,https://pexpeppers.com/products/pexpeppers-pueblo-chile-salsa-verde,True,pexpeppers.com,2026-09-19T11:09:45.470554Z,2026-09-19T14:01:06.545048Z,sauce-names-1,sauce-match-1,rule:sauce-structured-1,shopify,1,2_longtail,,False,0,,single_source:shopify,0,,,v1
sauce:pexpeppers|pueblo-red-roasted-pueblo-chile,pexpeppers,PexPeppers,pueblo-red-roasted-pueblo-chile,Pueblo Red Roasted Pueblo Chile Hot Sauce,,,,,retail_listing,https://pexpeppers.com/products/pueblo-red-roasted-hot-sauce,10.00,USD,https://pexpeppers.com/products/pueblo-red-roasted-hot-sauce,True,pexpeppers.com,2026-09-19T11:09:45.470554Z,2026-09-19T14:01:06.545048Z,sauce-names-1,sauce-match-1,rule:sauce-structured-1,shopify,1,2_longtail,,False,0,,single_source:shopify,0,,,v1
sauce:pexpeppers|red-rage-raspberry-trinidad-scorpion,pexpeppers,PexPeppers,red-rage-raspberry-trinidad-scorpion,Red Rage Raspberry & Trinidad Scorpion Hot Sauce,,,,,retail_listing,https://pexpeppers.com/products/red-rage-raspberry-trinidad-scorpion-hot-sauce,13.99,USD,https://pexpeppers.com/products/red-rage-raspberry-trinidad-scorpion-hot-sauce,True,pexpeppers.com,2026-09-19T11:09:45.470554Z,2026-09-19T14:01:06.545048Z,sauce-names-1,sauce-match-1,rule:sauce-structured-1,shopify,1,2_longtail,,False,0,,single_source:shopify,0,,,v1
sauce:pexpeppers|taco-fuego-chipotle,pexpeppers,PexPeppers,taco-fuego-chipotle,Taco Fuego Chipotle Hot Sauce,,,,,retail_listing,https://pexpeppers.com/products/taco-fuego-chipotle-hot-sauce,10.00,USD,https://pexpeppers.com/products/taco-fuego-chipotle-hot-sauce,True,pexpeppers.com,2026-09-19T11:09:45.470554Z,2026-09-19T14:01:06.545048Z,sauce-names-1,sauce-match-1,rule:sauce-structured-1,shopify,1,2_longtail,,False,0,,single_source:shopify,0,,,v1
sauce:pexpeppers|wildberry-whoopass,pexpeppers,PexPeppers,wildberry-whoopass,Wildberry Whoopass Hot Sauce,,,,,unknown,https://pexpeppers.com/products/wbwa,10.00,USD,https://pexpeppers.com/products/wbwa,False,pexpeppers.com,2026-09-19T11:09:45.470554Z,2026-09-19T14:01:06.545048Z,sauce-names-1,sauce-match-1,rule:sauce-structured-1,shopify,1,2_longtail,,False,0,,single_source:shopify,0,,,v1
sauce:piko-peppers|garlic-delight,piko-peppers,Piko Peppers,garlic-delight,Garlic Delight,,,,,retail_listing,https://heathotsauce.com/products/piko-peppers-garlic-delight,13.99,USD,https://heathotsauce.com/products/piko-peppers-garlic-delight,True,heathotsauce.com,2026-09-19T13:52:25.427841Z,2026-09-19T14:01:06.545048Z,sauce-names-1,sauce-match-1,rule:sauce-structured-1,shopify,1,2_longtail,,False,0,,single_source:shopify,0,,,v1
sauce:piko-peppers|piko-riko-piri-piri,piko-peppers,Piko Peppers,piko-riko-piri-piri,Piko Riko Piri Piri,,,,,retail_listing,https://heathotsauce.com/products/piko-riko-piri-piri,13.99,USD,https://heathotsauce.com/products/piko-riko-piri-piri,True,heathotsauce.com,2026-09-19T13:52:25.427841Z,2026-09-19T14:01:06.545048Z,sauce-names-1,sauce-match-1,rule:sauce-structured-1,shopify,1,2_longtail,,False,0,,single_source:shopify,0,,,v1
sauce:piko-peppers|volkano-roasted-habanero,piko-peppers,Piko Peppers,volkano-roasted-habanero,Volkano Roasted Habanero,,,,,retail_listing,https://heathotsauce.com/products/volkano-roasted-habanero,13.99,USD,https://heathotsauce.com/products/volkano-roasted-habanero,True,heathotsauce.com,2026-09-19T13:52:25.427841Z,2026-09-19T14:01:06.545048Z,sauce-names-1,sauce-match-1,rule:sauce-structured-1,shopify,1,2_longtail,,False,0,,single_source:shopify,0,,,v1
sauce:piko-peppers|volkano-piko-pepper-s-c,piko-peppers,Piko Peppers,volkano-piko-pepper-s-c,Volkano | Piko Pepper's -C,,,,,retail_listing,https://heatonist.com/products/piko-peppers-volkano,8.00,USD,https://heatonist.com/products/piko-peppers-volkano,True,heatonist.com,2026-09-19T11:09:45.470554Z,2026-09-19T14:01:06.545048Z,sauce-names-1,sauce-match-1,rule:sauce-structured-1,shopify,1,2_longtail,,False,0,,single_source:shopify,0,,,v1
sauce:piko-peppers|volkano,piko-peppers,Piko Peppers,volkano,Volkano,,,,,retail_listing,https://heatonist.com/products/piko-peppers-volkano-1,14.00,USD,https://heatonist.com/products/piko-peppers-volkano-1,True,heatonist.com,2026-09-19T11:09:45.470554Z,2026-09-19T14:01:06.545048Z,sauce-names-1,sauce-match-1,rule:sauce-structured-1,shopify,1,2_longtail,,False,0,,single_source:shopify,0,,,v1
sauce:poirier-s-louisiana-style|dustin-poirier-hot-sauce-creole-maple-heatonist,poirier-s-louisiana-style,Poirier's Louisiana Style,dustin-poirier-hot-sauce-creole-maple-heatonist,Dustin Poirier Hot Sauce - Creole Maple | HEATONIST,,,,,retail_listing,https://heatonist.com/products/dustin-poiriers-creole-maple-hot-sauce,12.00,USD,https://heatonist.com/products/dustin-poiriers-creole-maple-hot-sauce,True,heatonist.com,2026-09-19T11:09:45.470554Z,2026-09-19T14:01:06.545048Z,sauce-names-1,sauce-match-1,rule:sauce-structured-1,shopify,1,2_longtail,,False,0,,single_source:shopify,0,,,v1
sauce:poirier-s-louisiana-style|dustin-poirier-hot-sauce-duo-pack,poirier-s-louisiana-style,Poirier's Louisiana Style,dustin-poirier-hot-sauce-duo-pack,Dustin Poirier Hot Sauce Duo Pack,,,,,retail_listing,https://heatonist.com/products/dustin-poiriers-louisiana-style-hot-sauce-duo-pack,24.00,USD,https://heatonist.com/products/dustin-poiriers-louisiana-style-hot-sauce-duo-pack,True,heatonist.com,2026-09-19T11:09:45.470554Z,2026-09-19T14:01:06.545048Z,sauce-names-1,sauce-match-1,rule:sauce-structured-1,shopify,1,2_longtail,,False,0,,single_source:shopify,0,,,v1
sauce:poirier-s-louisiana-style|dustin-poirier-s-louisiana-style-hot-sauce-ko-edition-c,poirier-s-louisiana-style,Poirier's Louisiana Style,dustin-poirier-s-louisiana-style-hot-sauce-ko-edition-c,Dustin Poirier's Louisiana Style Hot Sauce | KO Edition-C,,,,,retail_listing,https://heatonist.com/products/dustin-poiriers-louisiana-style-hot-sauce-ko-edition-c,12.00,USD,https://heatonist.com/products/dustin-poiriers-louisiana-style-hot-sauce-ko-edition-c,True,heatonist.com,2026-09-19T11:09:45.470554Z,2026-09-19T14:01:06.545048Z,sauce-names-1,sauce-match-1,rule:sauce-structured-1,shopify,1,2_longtail,,False,0,,single_source:shopify,0,,,v1
sauce:poirier-s-louisiana-style|hot-sauce-trio-pack-dustin-poirier-s-louisiana-style,poirier-s-louisiana-style,Poirier's Louisiana Style,hot-sauce-trio-pack-dustin-poirier-s-louisiana-style,Hot Sauce Trio Pack | Dustin Poirier’s Louisiana Style,,,,,retail_listing,https://heatonist.com/products/dustin-poiriers-louisiana-style-hot-sauce-trio-pack,33.00,USD,https://heatonist.com/products/dustin-poiriers-louisiana-style-hot-sauce-trio-pack,True,heatonist.com,2026-09-19T11:09:45.470554Z,2026-09-19T14:01:06.545048Z,sauce-names-1,sauce-match-1,rule:sauce-structured-1,shopify,1,2_longtail,,False,0,,single_source:shopify,0,,,v1
sauce:poirier-s-louisiana-style|poirier-s-creole-maple-hot-sauce-poirier-s-louisiana-style-hot-sauce-c,poirier-s-louisiana-style,Poirier's Louisiana Style,poirier-s-creole-maple-hot-sauce-poirier-s-louisiana-style-hot-sauce-c,Poirier's Creole Maple Hot Sauce | Poirier's Louisiana Style Hot Sauce -C,,,,,retail_listing,https://heatonist.com/products/poiriers-creole-maple-hot-sauce-poiriers-louisiana-style-hot-sauce-c,12.00,USD,https://heatonist.com/products/poiriers-creole-maple-hot-sauce-poiriers-louisiana-style-hot-sauce-c,True,heatonist.com,2026-09-19T11:09:45.470554Z,2026-09-19T14:01:06.545048Z,sauce-names-1,sauce-match-1,rule:sauce-structured-1,shopify,1,2_longtail,,False,0,,single_source:shopify,0,,,v1
sauce:poirier-s-louisiana-style|dustin-poirier-hot-sauce-ko-edition,poirier-s-louisiana-style,Poirier's Louisiana Style,dustin-poirier-hot-sauce-ko-edition,Dustin Poirier Hot Sauce - KO Edition,,,,,retail_listing,https://heatonist.com/products/poiriers-louisiana-style-ko-edition,12.00,USD,https://heatonist.com/products/poiriers-louisiana-style-ko-edition,True,heatonist.com,2026-09-19T11:09:45.470554Z,2026-09-19T14:01:06.545048Z,sauce-names-1,sauce-match-1,rule:sauce-structured-1,shopify,1,2_longtail,,False,0,,single_source:shopify,0,,,v1
sauce:powerful-pepper|dr-gleaton-s-chili-elixir-barrel-aged,powerful-pepper,Powerful Pepper Company,dr-gleaton-s-chili-elixir-barrel-aged,Dr. Gleaton's Chili Elixir Barrel Aged Hot Sauce.,,,,,retail_listing,https://powerfulpepper.co/products/dr-gleatons-chili-elixir-barrel-aged-hot-sauce-1,16.99,USD,https://powerfulpepper.co/products/dr-gleatons-chili-elixir-barrel-aged-hot-sauce-1,True,powerfulpepper.co,2026-09-19T11:09:45.470554Z,2026-09-19T14:01:06.545048Z,sauce-names-1,sauce-match-1,rule:sauce-structured-1,shopify,1,2_longtail,,False,0,,single_source:shopify,0,,,v1
sauce:powerful-pepper|chipotle-ghost-black-garlic,powerful-pepper,Powerful Pepper Company,chipotle-ghost-black-garlic,Chipotle Ghost & Black Garlic Hot Sauce,,,,,retail_listing,https://powerfulpepper.co/products/ghost-chipotle-black-garlic,15.99,USD,https://powerfulpepper.co/products/ghost-chipotle-black-garlic,True,powerfulpepper.co,2026-09-19T11:09:45.470554Z,2026-09-19T14:01:06.545048Z,sauce-names-1,sauce-match-1,rule:sauce-structured-1,shopify,1,2_longtail,,False,0,,single_source:shopify,0,,,v1
sauce:powerful-pepper|habanero-arbol-tamarind,powerful-pepper,Powerful Pepper Company,habanero-arbol-tamarind,Habanero Arbol Tamarind,,,,,unknown,https://powerfulpepper.co/products/habanero-arbol-tamarind,13.99,USD,https://powerfulpepper.co/products/habanero-arbol-tamarind,False,powerfulpepper.co,2026-09-19T11:09:45.470554Z,2026-09-19T14:01:06.545048Z,sauce-names-1,sauce-match-1,rule:sauce-structured-1,shopify,1,2_longtail,,False,0,,single_source:shopify,0,,,v1
sauce:powerful-pepper|habanero-pineapple-brain-strain,powerful-pepper,Powerful Pepper Company,habanero-pineapple-brain-strain,Habanero Pineapple Brain Strain,,,,,retail_listing,https://powerfulpepper.co/products/habanero-pineapple-brain-strain,15.99,USD,https://powerfulpepper.co/products/habanero-pineapple-brain-strain,True,powerfulpepper.co,2026-09-19T11:09:45.470554Z,2026-09-19T14:01:06.545048Z,sauce-names-1,sauce-match-1,rule:sauce-structured-1,shopify,1,2_longtail,,False,0,,single_source:shopify,0,,,v1
sauce:powerful-pepper|serrano-kiwi-tomatillo,powerful-pepper,Powerful Pepper Company,serrano-kiwi-tomatillo,Serrano Kiwi & Tomatillo Hot Sauce,,,,,retail_listing,https://powerfulpepper.co/products/serrano-kiwi-and-tomatillio-hot-sauce,12.99,USD,https://powerfulpepper.co/products/serrano-kiwi-and-tomatillio-hot-sauce,True,powerfulpepper.co,2026-09-19T11:09:45.470554Z,2026-09-19T14:01:06.545048Z,sauce-names-1,sauce-match-1,rule:sauce-structured-1,shopify,1,2_longtail,,False,0,,single_source:shopify,0,,,v1
sauce:powerful-pepper|serrano-pineapple-plantain,powerful-pepper,Powerful Pepper Company,serrano-pineapple-plantain,Serrano Pineapple Plantain Hot Sauce,,,,,retail_listing,https://powerfulpepper.co/products/serrano-pineapple-plantain-hot-sauce,9.99,USD,https://powerfulpepper.co/products/serrano-pineapple-plantain-hot-sauce,True,powerfulpepper.co,2026-09-19T11:09:45.470554Z,2026-09-19T14:01:06.545048Z,sauce-names-1,sauce-match-1,rule:sauce-structured-1,shopify,1,2_longtail,,False,0,,single_source:shopify,0,,,v1
sauce:powerful-pepper|sir-ratchet,powerful-pepper,Powerful Pepper Company,sir-ratchet,Sir Ratchet,,,,,retail_listing,https://powerfulpepper.co/products/sir-ratchet-small-batch-siracha,18.99,USD,https://powerfulpepper.co/products/sir-ratchet-small-batch-siracha,True,powerfulpepper.co,2026-09-19T11:09:45.470554Z,2026-09-19T14:01:06.545048Z,sauce-names-1,sauce-match-1,rule:sauce-structured-1,shopify,1,2_longtail,,False,0,,single_source:shopify,0,,,v1
sauce:powerful-pepper|smoked-mango-habanero,powerful-pepper,Powerful Pepper Company,smoked-mango-habanero,Smoked Mango Habanero Hot Sauce,,,,,retail_listing,https://powerfulpepper.co/products/smoked-mango-habenero-hot-sauce,10.99,USD,https://powerfulpepper.co/products/smoked-mango-habenero-hot-sauce,True,powerfulpepper.co,2026-09-19T11:09:45.470554Z,2026-09-19T14:01:06.545048Z,sauce-names-1,sauce-match-1,rule:sauce-structured-1,shopify,1,2_longtail,,False,0,,single_source:shopify,0,,,v1
sauce:powerful-pepper|tropical-gas-p-o-g,powerful-pepper,Powerful Pepper Company,tropical-gas-p-o-g,Tropical Gas P.O.G.,,,,,retail_listing,https://powerfulpepper.co/products/tropical-gas-p-o-g,16.99,USD,https://powerfulpepper.co/products/tropical-gas-p-o-g,True,powerfulpepper.co,2026-09-19T11:09:45.470554Z,2026-09-19T14:01:06.545048Z,sauce-names-1,sauce-match-1,rule:sauce-structured-1,shopify,1,2_longtail,,False,0,,single_source:shopify,0,,,v1
sauce:printful|harmacy-pepper-all-over-print-socks,printful,Printful,harmacy-pepper-all-over-print-socks,Harmacy Pepper All Over Print Socks,,,,,retail_listing,https://harmacyhotsauce.com/products/harmacy-pepper-all-over-print-socks,25.00,USD,https://harmacyhotsauce.com/products/harmacy-pepper-all-over-print-socks,True,harmacyhotsauce.com,2026-09-19T11:09:45.470554Z,2026-09-19T14:01:06.545048Z,sauce-names-1,sauce-match-1,rule:sauce-structured-1,shopify,1,2_longtail,,False,0,,single_source:shopify,0,,,v1
sauce:printify|torchbearer-coasters,printify,Printify,torchbearer-coasters,Torchbearer Coasters,,,,,retail_listing,https://torchbearersauces.com/products/corkwood-coaster-set-torchbearer-sauces-retro-hot-sauce-logo-coasters,23.78,USD,https://torchbearersauces.com/products/corkwood-coaster-set-torchbearer-sauces-retro-hot-sauce-logo-coasters,True,torchbearersauces.com,2026-09-19T11:09:45.470554Z,2026-09-19T14:01:06.545048Z,sauce-names-1,sauce-match-1,rule:sauce-structured-1,shopify,1,2_longtail,,False,0,,single_source:shopify,0,,,v1
sauce:puckerbutt-pepper|2-for-25-reaper-squeezins,puckerbutt-pepper,PuckerButt Pepper Company,2-for-25-reaper-squeezins,2 for $25 Reaper Squeezins,,,,,unknown,https://puckerbuttpeppercompany.com/products/2-for-25-reaper-squeezins,18.75,USD,https://puckerbuttpeppercompany.com/products/2-for-25-reaper-squeezins,False,puckerbuttpeppercompany.com,2026-09-19T11:09:45.470554Z,2026-09-19T14:01:06.545048Z,sauce-names-1,sauce-match-1,rule:sauce-structured-1,shopify,1,2_longtail,,False,0,,single_source:shopify,0,,,v1
sauce:puckerbutt-pepper|bad-apple,puckerbutt-pepper,PuckerButt Pepper Company,bad-apple,Bad Apple,,,,,retail_listing,https://puckerbuttpeppercompany.com/products/bad-apple-hot-sauce,5.25,USD,https://puckerbuttpeppercompany.com/products/bad-apple-hot-sauce,True,puckerbuttpeppercompany.com,2026-09-19T11:09:45.470554Z,2026-09-19T14:01:06.545048Z,sauce-names-1,sauce-match-1,rule:sauce-structured-1,shopify,1,2_longtail,,False,0,,single_source:shopify,0,,,v1
sauce:puckerbutt-pepper|chipotle-express,puckerbutt-pepper,PuckerButt Pepper Company,chipotle-express,CHIPOTLE EXPRESS,,,,,retail_listing,https://puckerbuttpeppercompany.com/products/chipotle-express,9.00,USD,https://puckerbuttpeppercompany.com/products/chipotle-express,True,puckerbuttpeppercompany.com,2026-09-19T11:09:45.470554Z,2026-09-19T14:01:06.545048Z,sauce-names-1,sauce-match-1,rule:sauce-structured-1,shopify,1,2_longtail,,False,0,,single_source:shopify,0,,,v1
sauce:puckerbutt-pepper|extra-hot-gator,puckerbutt-pepper,PuckerButt Pepper Company,extra-hot-gator,Extra Hot Gator !,,,,,retail_listing,https://puckerbuttpeppercompany.com/products/extra-hot-gator,15.00,USD,https://puckerbuttpeppercompany.com/products/extra-hot-gator,True,puckerbuttpeppercompany.com,2026-09-19T11:09:45.470554Z,2026-09-19T14:01:06.545048Z,sauce-names-1,sauce-match-1,rule:sauce-structured-1,shopify,1,2_longtail,,False,0,,single_source:shopify,0,,,v1
sauce:puckerbutt-pepper|extra-hot-mean-green-pepper-x-hot-ones-lineup,puckerbutt-pepper,PuckerButt Pepper Company,extra-hot-mean-green-pepper-x-hot-ones-lineup,EXTRA HOT Mean Green (Pepper X) *HOT ONES LINEUP*,,,,,retail_listing,https://puckerbuttpeppercompany.com/products/extra-hot-mean-green,11.25,USD,https://puckerbuttpeppercompany.com/products/extra-hot-mean-green,True,puckerbuttpeppercompany.com,2026-09-19T11:09:45.470554Z,2026-09-19T14:01:06.545048Z,sauce-names-1,sauce-match-1,rule:sauce-structured-1,shopify,1,2_longtail,,False,0,,single_source:shopify,0,,,v1
sauce:puckerbutt-pepper|gator,puckerbutt-pepper,PuckerButt Pepper Company,gator,Gator Sauce,,,,,retail_listing,https://puckerbuttpeppercompany.com/products/gator-squeezins,11.25,USD,https://puckerbuttpeppercompany.com/products/gator-squeezins,True,puckerbuttpeppercompany.com,2026-09-19T11:09:45.470554Z,2026-09-19T14:01:06.545048Z,sauce-names-1,sauce-match-1,rule:sauce-structured-1,shopify,1,2_longtail,,False,0,,single_source:shopify,0,,,v1
sauce:puckerbutt-pepper|honey-bonnet,puckerbutt-pepper,PuckerButt Pepper Company,honey-bonnet,Honey Bonnet,,,,,retail_listing,https://puckerbuttpeppercompany.com/products/honey-bonnet,6.00,USD,https://puckerbuttpeppercompany.com/products/honey-bonnet,True,puckerbuttpeppercompany.com,2026-09-19T11:09:45.470554Z,2026-09-19T14:01:06.545048Z,sauce-names-1,sauce-match-1,rule:sauce-structured-1,shopify,1,2_longtail,,False,0,,single_source:shopify,0,,,v1
sauce:puckerbutt-pepper|i-dare-you-stupit,puckerbutt-pepper,PuckerButt Pepper Company,i-dare-you-stupit,I Dare You Stupit Sauce,,,,,retail_listing,https://puckerbuttpeppercompany.com/products/i-dare-you-stupit-hot-sauce,6.75,USD,https://puckerbuttpeppercompany.com/products/i-dare-you-stupit-hot-sauce,True,puckerbuttpeppercompany.com,2026-09-19T11:09:45.470554Z,2026-09-19T14:01:06.545048Z,sauce-names-1,sauce-match-1,rule:sauce-structured-1,shopify,1,2_longtail,,False,0,,single_source:shopify,0,,,v1
sauce:puckerbutt-pepper|mikey-v-reaper-unleashed,puckerbutt-pepper,PuckerButt Pepper Company,mikey-v-reaper-unleashed,Mikey V Reaper Unleashed,,,,,unknown,https://puckerbuttpeppercompany.com/products/mikey-v-reaper-unleashed,9.00,USD,https://puckerbuttpeppercompany.com/products/mikey-v-reaper-unleashed,False,puckerbuttpeppercompany.com,2026-09-19T11:09:45.470554Z,2026-09-19T14:01:06.545048Z,sauce-names-1,sauce-match-1,rule:sauce-structured-1,shopify,1,2_longtail,,False,0,,single_source:shopify,0,,,v1
sauce:puckerbutt-pepper|payton-s-hot-strawberry,puckerbutt-pepper,PuckerButt Pepper Company,payton-s-hot-strawberry,Payton's Hot Strawberry,,,,,retail_listing,https://puckerbuttpeppercompany.com/products/paytons-hot-strawberry,3.75,USD,https://puckerbuttpeppercompany.com/products/paytons-hot-strawberry,True,puckerbuttpeppercompany.com,2026-09-19T11:09:45.470554Z,2026-09-19T14:01:06.545048Z,sauce-names-1,sauce-match-1,rule:sauce-structured-1,shopify,1,2_longtail,,False,0,,single_source:shopify,0,,,v1
sauce:puckerbutt-pepper|reaper-racha,puckerbutt-pepper,PuckerButt Pepper Company,reaper-racha,Reaper Racha,,,,,retail_listing,https://puckerbuttpeppercompany.com/products/reaper-racha-sauce,7.50,USD,https://puckerbuttpeppercompany.com/products/reaper-racha-sauce,True,puckerbuttpeppercompany.com,2026-09-19T11:09:45.470554Z,2026-09-19T14:01:06.545048Z,sauce-names-1,sauce-match-1,rule:sauce-structured-1,shopify,1,2_longtail,,False,0,,single_source:shopify,0,,,v1
sauce:puckerbutt-pepper|extra-hot-reaper-squeezins-signed,puckerbutt-pepper,PuckerButt Pepper Company,extra-hot-reaper-squeezins-signed,Extra Hot Reaper Squeezins Signed,,,,,retail_listing,https://puckerbuttpeppercompany.com/products/reaper-s,15.00,USD,https://puckerbuttpeppercompany.com/products/reaper-s,True,puckerbuttpeppercompany.com,2026-09-19T11:09:45.470554Z,2026-09-19T14:01:06.545048Z,sauce-names-1,sauce-match-1,rule:sauce-structured-1,shopify,1,2_longtail,,False,0,,single_source:shopify,0,,,v1
sauce:puckerbutt-pepper|reaper-squeezins,puckerbutt-pepper,PuckerButt Pepper Company,reaper-squeezins,Reaper Squeezins,,,,,retail_listing,https://puckerbuttpeppercompany.com/products/reaper-squeezins,11.25,USD,https://puckerbuttpeppercompany.com/products/reaper-squeezins,True,puckerbuttpeppercompany.com,2026-09-19T11:09:45.470554Z,2026-09-19T14:01:06.545048Z,sauce-names-1,sauce-match-1,rule:sauce-structured-1,shopify,1,2_longtail,,False,0,,single_source:shopify,0,,,v1
sauce:puckerbutt-pepper|smokin-ed-s-sazon-hot-sauce-medium,puckerbutt-pepper,PuckerButt Pepper Company,smokin-ed-s-sazon-hot-sauce-medium,Smokin' Ed's Sazon Hot Sauce - medium,,,,,retail_listing,https://puckerbuttpeppercompany.com/products/smokin-eds-sazon-hot-sauce-mild,4.50,USD,https://puckerbuttpeppercompany.com/products/smokin-eds-sazon-hot-sauce-mild,True,puckerbuttpeppercompany.com,2026-09-19T11:09:45.470554Z,2026-09-19T14:01:06.545048Z,sauce-names-1,sauce-match-1,rule:sauce-structured-1,shopify,1,2_longtail,,False,0,,single_source:shopify,0,,,v1
sauce:puckerbutt-pepper|smokin-racha,puckerbutt-pepper,PuckerButt Pepper Company,smokin-racha,Smokin’ Racha,,,,,retail_listing,https://puckerbuttpeppercompany.com/products/smokin-racha-sauce,6.00,USD,https://puckerbuttpeppercompany.com/products/smokin-racha-sauce,True,puckerbuttpeppercompany.com,2026-09-19T11:09:45.470554Z,2026-09-19T14:01:06.545048Z,sauce-names-1,sauce-match-1,rule:sauce-structured-1,shopify,1,2_longtail,,True,1,sauce:|smokin-racha,single_source:shopify,0,,,v1
sauce:puckerbutt-pepper|reaper,puckerbutt-pepper,PuckerButt Pepper Company,reaper,The Reaper Sauce,,,,,retail_listing,https://puckerbuttpeppercompany.com/products/the-reaper-sauce,7.50,USD,https://puckerbuttpeppercompany.com/products/the-reaper-sauce,True,puckerbuttpeppercompany.com,2026-09-19T11:09:45.470554Z,2026-09-19T14:01:06.545048Z,sauce-names-1,sauce-match-1,rule:sauce-structured-1,shopify,1,2_longtail,,True,1,sauce:seafire-gourmet|reaper,single_source:shopify,0,,,v1
sauce:puckerbutt-pepper|voodoo-prince-death-mamba,puckerbutt-pepper,PuckerButt Pepper Company,voodoo-prince-death-mamba,Voodoo Prince Death Mamba,,,,,unknown,https://puckerbuttpeppercompany.com/products/voodoo-prince-death-mamba,6.00,USD,https://puckerbuttpeppercompany.com/products/voodoo-prince-death-mamba,False,puckerbuttpeppercompany.com,2026-09-19T11:09:45.470554Z,2026-09-19T14:01:06.545048Z,sauce-names-1,sauce-match-1,rule:sauce-structured-1,shopify,1,2_longtail,,False,0,,single_source:shopify,0,,,v1
sauce:puckerbutt-pepper|xtinction-entity,puckerbutt-pepper,PuckerButt Pepper Company,xtinction-entity,Xtinction Entity,,,,,retail_listing,https://puckerbuttpeppercompany.com/products/x-tinction-entity,15.00,USD,https://puckerbuttpeppercompany.com/products/x-tinction-entity,True,puckerbuttpeppercompany.com,2026-09-19T11:09:45.470554Z,2026-09-19T14:01:06.545048Z,sauce-names-1,sauce-match-1,rule:sauce-structured-1,shopify,1,2_longtail,,False,0,,single_source:shopify,0,,,v1
sauce:puckerbutt-pepper|aprichot-smokin-ed-s,puckerbutt-pepper,Puckerbutt Pepper Co,aprichot-smokin-ed-s,Aprichot | Smokin Ed's,,,,,retail_listing,https://heatonist.com/products/aprichot-puckerbutt-pepper-co,13.99,USD,https://heatonist.com/products/aprichot-puckerbutt-pepper-co,True,heatonist.com,2026-09-19T11:09:45.470554Z,2026-09-19T14:01:06.545048Z,sauce-names-1,sauce-match-1,rule:sauce-structured-1,shopify,1,2_longtail,,False,0,,single_source:shopify,0,,,v1
sauce:puckerbutt-pepper|aprichot-smokin-ed-s-c,puckerbutt-pepper,Puckerbutt Pepper Co,aprichot-smokin-ed-s-c,Aprichot | Smokin Ed's -C,,,,,retail_listing,https://heatonist.com/products/aprichot-puckerbutt-pepper-co-c,8.11,USD,https://heatonist.com/products/aprichot-puckerbutt-pepper-co-c,True,heatonist.com,2026-09-19T11:09:45.470554Z,2026-09-19T14:01:06.545048Z,sauce-names-1,sauce-match-1,rule:sauce-structured-1,shopify,1,2_longtail,,False,0,,single_source:shopify,0,,,v1
sauce:puckerbutt-pepper|puckerbutt-reaper-squeezin-s-extra-hot-signed,puckerbutt-pepper,Puckerbutt Pepper Co.,puckerbutt-reaper-squeezin-s-extra-hot-signed,Puckerbutt Reaper Squeezin's Extra Hot (Signed),,,,,retail_listing,https://heathotsauce.com/products/puckerbutt-reaper-squeezins-extra-hot-signed,19.99,USD,https://heathotsauce.com/products/puckerbutt-reaper-squeezins-extra-hot-signed,True,heathotsauce.com,2026-09-19T13:52:25.427841Z,2026-09-19T14:01:06.545048Z,sauce-names-1,sauce-match-1,rule:sauce-structured-1,shopify,1,2_longtail,,False,0,,single_source:shopify,0,,,v1
sauce:puckerbutt-pepper|puckerbutt-reaper-squeezin-s,puckerbutt-pepper,Puckerbutt Pepper Co.,puckerbutt-reaper-squeezin-s,Puckerbutt Reaper Squeezin's,,,,,retail_listing,https://heathotsauce.com/products/puckerbutt-reaper-xxx-squeezins,13.99,USD,https://heathotsauce.com/products/puckerbutt-reaper-xxx-squeezins,True,heathotsauce.com,2026-09-19T13:52:25.427841Z,2026-09-19T14:01:06.545048Z,sauce-names-1,sauce-match-1,rule:sauce-structured-1,shopify,1,2_longtail,,False,0,,single_source:shopify,0,,,v1
sauce:pulley-s|pulley-s-montana-gold,pulley-s,Pulley's Hot Sauce,pulley-s-montana-gold,Pulley's Montana Gold,,,,,retail_listing,https://heathotsauce.com/products/pulleys-montana-gold-yellow-scorpion,11.99,USD,https://heathotsauce.com/products/pulleys-montana-gold-yellow-scorpion,True,heathotsauce.com,2026-09-19T13:52:25.427841Z,2026-09-19T14:01:06.545048Z,sauce-names-1,sauce-match-1,rule:sauce-structured-1,shopify,1,2_longtail,,False,0,,single_source:shopify,0,,,v1
sauce:quarantine-project|bullheaded,quarantine-project,Quarantine Project,bullheaded,BullHeaded Hot Sauce,,,,,retail_listing,https://heathotsauce.com/products/bullheaded-hot-sauce,8.99,USD,https://heathotsauce.com/products/bullheaded-hot-sauce,True,heathotsauce.com,2026-09-19T13:52:25.427841Z,2026-09-19T14:01:06.545048Z,sauce-names-1,sauce-match-1,rule:sauce-structured-1,shopify,1,2_longtail,,True,1,sauce:|bullheaded,single_source:shopify,0,,,v1
sauce:quarantine-project|sun-of-a,quarantine-project,Quarantine Project,sun-of-a,Sun Of A,,,,,retail_listing,https://heathotsauce.com/products/quarantine-project-sun-of-a,8.99,USD,https://heathotsauce.com/products/quarantine-project-sun-of-a,True,heathotsauce.com,2026-09-19T13:52:25.427841Z,2026-09-19T14:01:06.545048Z,sauce-names-1,sauce-match-1,rule:sauce-structured-1,shopify,1,2_longtail,,False,0,,single_source:shopify,0,,,v1
sauce:queen-majesty|jalapeno-tequila-lime,queen-majesty,Queen Majesty Hot Sauce,jalapeno-tequila-lime,Jalapeño Tequila & Lime Hot Sauce,5oz,,,,retail_listing,https://queenmajestyhotsauce.com/products/queen-majesty-jalapeno-tequila-lime-hot-sauce-5oz,9.00,USD,https://crafthotsauce.com/products/jalapeno-tequila-lime-hot-sauce,True,crafthotsauce.com,2026-09-19T11:09:45.470554Z,2026-09-19T14:01:06.545048Z,sauce-names-1,sauce-match-1,rule:sauce-structured-1,shopify,1,2_longtail,,False,0,,single_source:shopify,0,,,v1
sauce:queen-majesty|scotch-bonnet-ginger,queen-majesty,Queen Majesty Hot Sauce,scotch-bonnet-ginger,Scotch Bonnet & Ginger Hot Sauce,,,,,unknown,https://crafthotsauce.com/products/scotch-bonnet-ginger-hot-sauce,9.00,USD,https://crafthotsauce.com/products/scotch-bonnet-ginger-hot-sauce,False,crafthotsauce.com,2026-09-19T13:52:25.427841Z,2026-09-19T14:01:06.545048Z,sauce-names-1,sauce-match-1,rule:sauce-structured-1,shopify,1,2_longtail,,False,0,,single_source:shopify,0,,,v1
sauce:queen-majesty|queen-majesty-morita-mesquite,queen-majesty,Queen Majesty Hot Sauce,queen-majesty-morita-mesquite,Queen Majesty Morita Mesquite,,,,,retail_listing,https://heathotsauce.com/products/queen-majesty-morita-mesquite,9.99,USD,https://heathotsauce.com/products/queen-majesty-morita-mesquite,True,heathotsauce.com,2026-09-19T13:52:25.427841Z,2026-09-19T14:01:06.545048Z,sauce-names-1,sauce-match-1,rule:sauce-structured-1,shopify,1,2_longtail,,False,0,,single_source:shopify,0,,,v1
sauce:queen-majesty|sicilian-scorpion-queen-majesty,queen-majesty,Queen Majesty Hot Sauce,sicilian-scorpion-queen-majesty,Sicilian Scorpion | Queen Majesty,,,,,retail_listing,https://heatonist.com/products/sicilian-scorpion-queen-majesty,13.99,USD,https://heatonist.com/products/sicilian-scorpion-queen-majesty,True,heatonist.com,2026-09-19T11:09:45.470554Z,2026-09-19T14:01:06.545048Z,sauce-names-1,sauce-match-1,rule:sauce-structured-1,shopify,1,2_longtail,,True,1,sauce:queen-majesty|sicilian-scorpion-queen-majesty-c,single_source:shopify,0,,,v1
sauce:queen-majesty|sicilian-scorpion-queen-majesty-c,queen-majesty,Queen Majesty Hot Sauce,sicilian-scorpion-queen-majesty-c,Sicilian Scorpion | Queen Majesty -C,,,,,retail_listing,https://heatonist.com/products/sicilian-scorpion-queen-majesty-c,12.21,USD,https://heatonist.com/products/sicilian-scorpion-queen-majesty-c,True,heatonist.com,2026-09-19T11:09:45.470554Z,2026-09-19T14:01:06.545048Z,sauce-names-1,sauce-match-1,rule:sauce-structured-1,shopify,1,2_longtail,,True,1,sauce:queen-majesty|sicilian-scorpion-queen-majesty,single_source:shopify,0,,,v1
sauce:queen-majesty|limited-edition-manzano-serrano,queen-majesty,Queen Majesty Hot Sauce,limited-edition-manzano-serrano,*LIMITED EDITION* Manzano Serrano Hot Sauce,5oz,,,,retail_listing,https://queenmajestyhotsauce.com/products/manzano-serrano-hot-sauce-5oz,12.00,USD,https://queenmajestyhotsauce.com/products/manzano-serrano-hot-sauce-5oz,True,queenmajestyhotsauce.com,2026-09-19T11:09:45.470554Z,2026-09-19T14:01:06.545048Z,sauce-names-1,sauce-match-1,rule:sauce-structured-1,shopify,1,2_longtail,,False,0,,single_source:shopify,0,,,v1
sauce:queen-majesty|limited-edition-morita-mesquite,queen-majesty,Queen Majesty Hot Sauce,limited-edition-morita-mesquite,*LIMITED EDITION* Morita Mesquite Hot Sauce,5oz,,,,retail_listing,https://queenmajestyhotsauce.com/products/new-morita-mesquite-hot-sauce,12.00,USD,https://queenmajestyhotsauce.com/products/new-morita-mesquite-hot-sauce,True,queenmajestyhotsauce.com,2026-09-19T11:09:45.470554Z,2026-09-19T14:01:06.545048Z,sauce-names-1,sauce-match-1,rule:sauce-structured-1,shopify,1,2_longtail,,False,0,,single_source:shopify,0,,,v1
sauce:queen-majesty|hot-ones-number-9-sicilian-scorpion,queen-majesty,Queen Majesty Hot Sauce,hot-ones-number-9-sicilian-scorpion,*HOT ONES NUMBER 9* Sicilian Scorpion Hot Sauce,,,,,retail_listing,https://queenmajestyhotsauce.com/products/sicilian-scorpion-hot-sauce,16.00,USD,https://queenmajestyhotsauce.com/products/sicilian-scorpion-hot-sauce,True,queenmajestyhotsauce.com,2026-09-19T11:09:45.470554Z,2026-09-19T14:01:06.545048Z,sauce-names-1,sauce-match-1,rule:sauce-structured-1,shopify,1,2_longtail,,False,0,,single_source:shopify,0,,,v1
sauce:red-clay|carolina,red-clay,Red Clay Hot Sauce,carolina,Carolina Hot Sauce,,,,,retail_listing,https://redclayhotsauce.com/products/carolina-hot-sauce,11.00,USD,https://redclayhotsauce.com/products/carolina-hot-sauce,True,redclayhotsauce.com,2026-09-19T11:09:45.470554Z,2026-09-19T14:01:06.545048Z,sauce-names-1,sauce-match-1,rule:sauce-structured-1,shopify,1,2_longtail,,True,1,sauce:|carolina,single_source:shopify,0,,,v1
sauce:red-clay|carolina-duo-hot-sauce-and-wildflower-hot-honey,red-clay,Red Clay Hot Sauce,carolina-duo-hot-sauce-and-wildflower-hot-honey,Carolina Duo: Hot Sauce and Wildflower Hot Honey,,,,,retail_listing,https://redclayhotsauce.com/products/carolina-hot-sauce-and-hot-honey-duo,24.00,USD,https://redclayhotsauce.com/products/carolina-hot-sauce-and-hot-honey-duo,True,redclayhotsauce.com,2026-09-19T11:09:45.470554Z,2026-09-19T14:01:06.545048Z,sauce-names-1,sauce-match-1,rule:sauce-structured-1,shopify,1,2_longtail,,False,0,,single_source:shopify,0,,,v1
sauce:red-clay|carolina-hot-sauce-2-pack,red-clay,Red Clay Hot Sauce,carolina-hot-sauce-2-pack,Carolina Hot Sauce (2-pack),,,,,retail_listing,https://redclayhotsauce.com/products/carolina-hot-sauce-duo,22.00,USD,https://redclayhotsauce.com/products/carolina-hot-sauce-duo,True,redclayhotsauce.com,2026-09-19T11:09:45.470554Z,2026-09-19T14:01:06.545048Z,sauce-names-1,sauce-match-1,rule:sauce-structured-1,shopify,1,2_longtail,,False,0,,single_source:shopify,0,,,v1
sauce:red-clay|chef-s-reserve-duo-truffle-honey-and-salted-bourbon-honey,red-clay,Red Clay Hot Sauce,chef-s-reserve-duo-truffle-honey-and-salted-bourbon-honey,Chef's Reserve Duo: Truffle Honey and Salted Bourbon Honey,,,,,retail_listing,https://redclayhotsauce.com/products/chefs-reserve-duo-truffle-honey-and-salted-bourbon-honey,30.00,USD,https://redclayhotsauce.com/products/chefs-reserve-duo-truffle-honey-and-salted-bourbon-honey,True,redclayhotsauce.com,2026-09-19T11:09:45.470554Z,2026-09-19T14:01:06.545048Z,sauce-names-1,sauce-match-1,rule:sauce-structured-1,shopify,1,2_longtail,,False,0,,single_source:shopify,0,,,v1
sauce:red-clay|habanero,red-clay,Red Clay Hot Sauce,habanero,Habanero Hot Sauce,,,,,unknown,https://redclayhotsauce.com/products/habanero-hot-sauce,10.00,USD,https://redclayhotsauce.com/products/habanero-hot-sauce,False,redclayhotsauce.com,2026-09-19T11:09:45.470554Z,2026-09-19T14:01:06.545048Z,sauce-names-1,sauce-match-1,rule:sauce-structured-1,shopify,1,2_longtail,,True,22,sauce:barnacle|habanero|sauce:cabana|habanero|sauce:cien-chiles|habanero|sauce:corn-chiles|habanero|sauce:herdez|habanero,single_source:shopify,0,,,v1
sauce:red-clay|hot-honey,red-clay,Red Clay Hot Sauce,hot-honey,Hot Honey,,,,,retail_listing,https://redclayhotsauce.com/products/hot-honey,14.00,USD,https://redclayhotsauce.com/products/hot-honey,True,redclayhotsauce.com,2026-09-19T11:09:45.470554Z,2026-09-19T14:01:06.545048Z,sauce-names-1,sauce-match-1,rule:sauce-structured-1,shopify,1,2_longtail,,True,44,sauce:beetown|hot-honey|sauce:berryhill|hot-honey|sauce:bettergood|hot-honey|sauce:chef-ray-sheehan|hot-honey|sauce:clif-family|hot-honey,single_source:shopify,0,,,v1
sauce:red-clay|hot-honey-2-pack,red-clay,Red Clay Hot Sauce,hot-honey-2-pack,Hot Honey (2-pack),,,,,retail_listing,https://redclayhotsauce.com/products/hot-honey-duo,29.00,USD,https://redclayhotsauce.com/products/hot-honey-duo,True,redclayhotsauce.com,2026-09-19T11:09:45.470554Z,2026-09-19T14:01:06.545048Z,sauce-names-1,sauce-match-1,rule:sauce-structured-1,shopify,1,2_longtail,,False,0,,single_source:shopify,0,,,v1
sauce:red-clay|original,red-clay,Red Clay Hot Sauce,original,Original Hot Sauce,,,,,retail_listing,https://redclayhotsauce.com/products/original-hot-sauce,10.00,USD,https://redclayhotsauce.com/products/original-hot-sauce,True,redclayhotsauce.com,2026-09-19T11:09:45.470554Z,2026-09-19T14:01:06.545048Z,sauce-names-1,sauce-match-1,rule:sauce-structured-1,shopify,1,2_longtail,,True,23,sauce:82-s|original|sauce:bombanana|original|sauce:bruce|original|sauce:buldak|original|sauce:char-man|original,single_source:shopify,0,,,v1
sauce:red-clay|original-hot-sauce-2-pack,red-clay,Red Clay Hot Sauce,original-hot-sauce-2-pack,Original Hot Sauce (2-pack),,,,,retail_listing,https://redclayhotsauce.com/products/original-hot-sauce-2-pack,22.00,USD,https://redclayhotsauce.com/products/original-hot-sauce-2-pack,True,redclayhotsauce.com,2026-09-19T11:09:45.470554Z,2026-09-19T14:01:06.545048Z,sauce-names-1,sauce-match-1,rule:sauce-structured-1,shopify,1,2_longtail,,False,0,,single_source:shopify,0,,,v1
sauce:red-clay|original-hot-sauce-flask,red-clay,Red Clay Hot Sauce,original-hot-sauce-flask,Original Hot Sauce- Flask,375ml,,,,retail_listing,https://redclayhotsauce.com/products/original-hot-sauce-flask,19.00,USD,https://redclayhotsauce.com/products/original-hot-sauce-flask,True,redclayhotsauce.com,2026-09-19T11:09:45.470554Z,2026-09-19T14:01:06.545048Z,sauce-names-1,sauce-match-1,rule:sauce-structured-1,shopify,1,2_longtail,,False,0,,single_source:shopify,0,,,v1
sauce:red-clay|pantry-pairing-jimmy-red-corn-grits-original,red-clay,Red Clay Hot Sauce,pantry-pairing-jimmy-red-corn-grits-original,Pantry Pairing: Jimmy Red Corn Grits + Original Hot Sauce,,,,,retail_listing,https://redclayhotsauce.com/products/pantry-pairing-jimmy-red-corn-grits-original-hot-sauce,25.00,USD,https://redclayhotsauce.com/products/pantry-pairing-jimmy-red-corn-grits-original-hot-sauce,True,redclayhotsauce.com,2026-09-19T11:09:45.470554Z,2026-09-19T14:01:06.545048Z,sauce-names-1,sauce-match-1,rule:sauce-structured-1,shopify,1,2_longtail,,False,0,,single_source:shopify,0,,,v1
sauce:red-clay|pantry-pairing-johnny-cakes-and-hot-honey,red-clay,Red Clay Hot Sauce,pantry-pairing-johnny-cakes-and-hot-honey,Pantry Pairing: Johnny Cakes and Hot Honey,,,,,retail_listing,https://redclayhotsauce.com/products/pantry-pairing-johnny-cakes-and-hot-honey,25.00,USD,https://redclayhotsauce.com/products/pantry-pairing-johnny-cakes-and-hot-honey,True,redclayhotsauce.com,2026-09-19T11:09:45.470554Z,2026-09-19T14:01:06.545048Z,sauce-names-1,sauce-match-1,rule:sauce-structured-1,shopify,1,2_longtail,,False,0,,single_source:shopify,0,,,v1
sauce:red-clay|sorghum-peach,red-clay,Red Clay Hot Sauce,sorghum-peach,Sorghum + Peach Hot Sauce,,,,,retail_listing,https://redclayhotsauce.com/products/peach-hot-sauce,11.00,USD,https://redclayhotsauce.com/products/peach-hot-sauce,True,redclayhotsauce.com,2026-09-19T11:09:45.470554Z,2026-09-19T14:01:06.545048Z,sauce-names-1,sauce-match-1,rule:sauce-structured-1,shopify,1,2_longtail,,False,0,,single_source:shopify,0,,,v1
sauce:red-clay|pitmaster-s-chili-crisp,red-clay,Red Clay Hot Sauce,pitmaster-s-chili-crisp,Pitmaster's Chili Crisp,,,,,retail_listing,https://redclayhotsauce.com/products/pitmasters-chili-crisp,20.00,USD,https://redclayhotsauce.com/products/pitmasters-chili-crisp,True,redclayhotsauce.com,2026-09-19T11:09:45.470554Z,2026-09-19T14:01:06.545048Z,sauce-names-1,sauce-match-1,rule:sauce-structured-1,shopify,1,2_longtail,,False,0,,single_source:shopify,0,,,v1
sauce:red-clay|southern-chili-crisp,red-clay,Red Clay Hot Sauce,southern-chili-crisp,Southern Chili Crisp,,,,,retail_listing,https://redclayhotsauce.com/products/southern-chili-crisp,20.00,USD,https://redclayhotsauce.com/products/southern-chili-crisp,True,redclayhotsauce.com,2026-09-19T11:09:45.470554Z,2026-09-19T14:01:06.545048Z,sauce-names-1,sauce-match-1,rule:sauce-structured-1,shopify,1,2_longtail,,False,0,,single_source:shopify,0,,,v1
sauce:red-clay|southern-chili-crisp-ramp-serrano,red-clay,Red Clay Hot Sauce,southern-chili-crisp-ramp-serrano,Southern Chili Crisp: Ramp + Serrano,,,,,retail_listing,https://redclayhotsauce.com/products/southern-chili-crisp-ramp-serrano,22.00,USD,https://redclayhotsauce.com/products/southern-chili-crisp-ramp-serrano,True,redclayhotsauce.com,2026-09-19T11:09:45.470554Z,2026-09-19T14:01:06.545048Z,sauce-names-1,sauce-match-1,rule:sauce-structured-1,shopify,1,2_longtail,,False,0,,single_source:shopify,0,,,v1
sauce:red-clay|original-and-carolina,red-clay,Red Clay Hot Sauce,original-and-carolina,Original and Carolina Hot Sauce,,,,,retail_listing,https://redclayhotsauce.com/products/the-hot-sauce-duo,22.00,USD,https://redclayhotsauce.com/products/the-hot-sauce-duo,True,redclayhotsauce.com,2026-09-19T11:09:45.470554Z,2026-09-19T14:01:06.545048Z,sauce-names-1,sauce-match-1,rule:sauce-structured-1,shopify,1,2_longtail,,False,0,,single_source:shopify,0,,,v1
sauce:resurgam|back-to-the-roots,resurgam,Resurgam,back-to-the-roots,Back to the Roots Hot Sauce,,,,,retail_listing,https://mainegravy.com/product/fermented-beet-hot-sauce/,11.00,USD,https://mainegravy.com/product/fermented-beet-hot-sauce/,True,mainegravy.com,2026-09-19T14:01:06.545048Z,2026-09-19T14:01:06.545048Z,sauce-names-1,sauce-match-1,rule:sauce-structured-2,woo,1,2_longtail,,False,0,,single_source:woo,0,,,v1
sauce:resurgam|spruced-up,resurgam,Resurgam,spruced-up,Spruced Up Hot Sauce,,,,,retail_listing,https://mainegravy.com/product/fermented-chili-verde-hot-sauce/,11.00,USD,https://mainegravy.com/product/fermented-chili-verde-hot-sauce/,True,mainegravy.com,2026-09-19T14:01:06.545048Z,2026-09-19T14:01:06.545048Z,sauce-names-1,sauce-match-1,rule:sauce-structured-2,woo,1,2_longtail,,False,0,,single_source:woo,0,,,v1
sauce:resurgam|habanero,resurgam,Resurgam,habanero,Habañero! Hot Sauce,,,,,retail_listing,https://mainegravy.com/product/fermented-habanero-pepper-hot-sauce/,11.00,USD,https://mainegravy.com/product/fermented-habanero-pepper-hot-sauce/,True,mainegravy.com,2026-09-19T14:01:06.545048Z,2026-09-19T14:01:06.545048Z,sauce-names-1,sauce-match-1,rule:sauce-structured-2,woo,1,2_longtail,,True,22,sauce:barnacle|habanero|sauce:cabana|habanero|sauce:cien-chiles|habanero|sauce:corn-chiles|habanero|sauce:herdez|habanero,single_source:woo,0,,,v1
sauce:resurgam|original-leek,resurgam,Resurgam,original-leek,Original Leek Hot Sauce,,,,,retail_listing,https://mainegravy.com/product/fermented-pepper-leek-hot-sauce/,11.00,USD,https://mainegravy.com/product/fermented-pepper-leek-hot-sauce/,True,mainegravy.com,2026-09-19T14:01:06.545048Z,2026-09-19T14:01:06.545048Z,sauce-names-1,sauce-match-1,rule:sauce-structured-2,woo,1,2_longtail,,False,0,,single_source:woo,0,,,v1
sauce:rhed-s|citra,rhed-s,Rhed's Hot Sauce,citra,Citra Hot Sauce,,,,,unknown,https://crafthotsauce.com/products/rheds-hot-sauce-citra-hot-sauce,9.00,USD,https://crafthotsauce.com/products/rheds-hot-sauce-citra-hot-sauce,False,crafthotsauce.com,2026-09-19T13:52:25.427841Z,2026-09-19T14:01:06.545048Z,sauce-names-1,sauce-match-1,rule:sauce-structured-1,shopify,1,2_longtail,,False,0,,single_source:shopify,0,,,v1
sauce:rhed-s|club-jalapeno,rhed-s,Rhed's Hot Sauce,club-jalapeno,Club Jalapeño,,,,,unknown,https://crafthotsauce.com/products/rheds-hot-sauce-club-jalapeno,8.50,USD,https://crafthotsauce.com/products/rheds-hot-sauce-club-jalapeno,False,crafthotsauce.com,2026-09-19T13:52:25.427841Z,2026-09-19T14:01:06.545048Z,sauce-names-1,sauce-match-1,rule:sauce-structured-1,shopify,1,2_longtail,,False,0,,single_source:shopify,0,,,v1
sauce:rhed-s|deja-vu,rhed-s,Rhed's Hot Sauce,deja-vu,Deja Vu,,,,,unknown,https://crafthotsauce.com/products/rheds-hot-sauce-deja-vu,9.00,USD,https://crafthotsauce.com/products/rheds-hot-sauce-deja-vu,False,crafthotsauce.com,2026-09-19T13:52:25.427841Z,2026-09-19T14:01:06.545048Z,sauce-names-1,sauce-match-1,rule:sauce-structured-1,shopify,1,2_longtail,,False,0,,single_source:shopify,0,,,v1
sauce:rhed-s|lemon-drop,rhed-s,Rhed's Hot Sauce,lemon-drop,Lemon Drop,,,,,unknown,https://crafthotsauce.com/products/rheds-hot-sauce-lemon-drop,9.00,USD,https://crafthotsauce.com/products/rheds-hot-sauce-lemon-drop,False,crafthotsauce.com,2026-09-19T13:52:25.427841Z,2026-09-19T14:01:06.545048Z,sauce-names-1,sauce-match-1,rule:sauce-structured-1,shopify,1,2_longtail,,True,1,sauce:savir|lemon-drop,single_source:shopify,0,,,v1
sauce:rhed-s|original,rhed-s,Rhed's Hot Sauce,original,Original Hot Sauce,,,,,unknown,https://crafthotsauce.com/products/rheds-hot-sauce-original-hot-sauce,8.50,USD,https://crafthotsauce.com/products/rheds-hot-sauce-original-hot-sauce,False,crafthotsauce.com,2026-09-19T13:52:25.427841Z,2026-09-19T14:01:06.545048Z,sauce-names-1,sauce-match-1,rule:sauce-structured-1,shopify,1,2_longtail,,True,23,sauce:82-s|original|sauce:bombanana|original|sauce:bruce|original|sauce:buldak|original|sauce:char-man|original,single_source:shopify,0,,,v1
sauce:rhed-s|morita,rhed-s,Rhed's,morita,Morita Hot Sauce,,00682157976652,,,retail_listing,http://world-en.openfoodfacts.org/product/0682157976652/morita-hot-sauce-rhed-s,9.00,USD,https://crafthotsauce.com/products/rheds-hot-sauce-morita,False,crafthotsauce.com,2026-09-19T11:09:45.470554Z,2026-09-19T14:01:06.545048Z,sauce-names-1,sauce-match-1,rule:sauce-structured-1,off|shopify,2,1_population|2_longtail,,False,0,,multi_source,0,,,v1
sauce:rising-smoke-sauceworks|all-in,rising-smoke-sauceworks,Rising Smoke Sauceworks,all-in,All In,,,,,unknown,https://crafthotsauce.com/products/all-in,11.00,USD,https://crafthotsauce.com/products/all-in,False,crafthotsauce.com,2026-09-19T13:52:25.427841Z,2026-09-19T14:01:06.545048Z,sauce-names-1,sauce-match-1,rule:sauce-structured-1,shopify,1,2_longtail,,False,0,,single_source:shopify,0,,,v1
sauce:rising-smoke-sauceworks|buenos-nachos,rising-smoke-sauceworks,Rising Smoke Sauceworks,buenos-nachos,Buenos Nachos,,,,,unknown,https://crafthotsauce.com/products/buenos-nachos,9.00,USD,https://crafthotsauce.com/products/buenos-nachos,False,crafthotsauce.com,2026-09-19T13:52:25.427841Z,2026-09-19T14:01:06.545048Z,sauce-names-1,sauce-match-1,rule:sauce-structured-1,shopify,1,2_longtail,,False,0,,single_source:shopify,0,,,v1
sauce:rising-smoke-sauceworks|fiesta-caliente,rising-smoke-sauceworks,Rising Smoke Sauceworks,fiesta-caliente,Fiesta Caliente,,,,,unknown,https://crafthotsauce.com/products/fiesta-caliente,9.00,USD,https://crafthotsauce.com/products/fiesta-caliente,False,crafthotsauce.com,2026-09-19T13:52:25.427841Z,2026-09-19T14:01:06.545048Z,sauce-names-1,sauce-match-1,rule:sauce-structured-1,shopify,1,2_longtail,,False,0,,single_source:shopify,0,,,v1
sauce:rising-smoke-sauceworks|fire-starter,rising-smoke-sauceworks,Rising Smoke Sauceworks,fire-starter,Fire Starter,,,,,unknown,https://crafthotsauce.com/products/firestarter,8.00,USD,https://crafthotsauce.com/products/firestarter,False,crafthotsauce.com,2026-09-19T13:52:25.427841Z,2026-09-19T14:01:06.545048Z,sauce-names-1,sauce-match-1,rule:sauce-structured-1,shopify,1,2_longtail,,False,0,,single_source:shopify,0,,,v1
sauce:rising-smoke-sauceworks|it,rising-smoke-sauceworks,Rising Smoke Sauceworks,it,IT,,,,,unknown,https://crafthotsauce.com/products/it,9.00,USD,https://crafthotsauce.com/products/it,False,crafthotsauce.com,2026-09-19T13:52:25.427841Z,2026-09-19T14:01:06.545048Z,sauce-names-1,sauce-match-1,rule:sauce-structured-1,shopify,1,2_longtail,,False,0,,single_source:shopify,0,,,v1
sauce:rising-smoke-sauceworks|rising-sauce-smokeworks-slow-death,rising-smoke-sauceworks,Rising Smoke Sauceworks,rising-sauce-smokeworks-slow-death,Rising Sauce Smokeworks - Slow Death,,,,,unknown,https://crafthotsauce.com/products/slow-death,9.00,USD,https://crafthotsauce.com/products/slow-death,False,crafthotsauce.com,2026-09-19T13:52:25.427841Z,2026-09-19T14:01:06.545048Z,sauce-names-1,sauce-match-1,rule:sauce-structured-1,shopify,1,2_longtail,,False,0,,single_source:shopify,0,,,v1
sauce:rising-smoke-sauceworks|smoldering-embers,rising-smoke-sauceworks,Rising Smoke Sauceworks,smoldering-embers,Smoldering Embers,,,,,unknown,https://crafthotsauce.com/products/smoldering-embers-hot-sauce,9.00,USD,https://crafthotsauce.com/products/smoldering-embers-hot-sauce,False,crafthotsauce.com,2026-09-19T13:52:25.427841Z,2026-09-19T14:01:06.545048Z,sauce-names-1,sauce-match-1,rule:sauce-structured-1,shopify,1,2_longtail,,False,0,,single_source:shopify,0,,,v1
sauce:rising-smoke-sauceworks|rising-smoke-fire-starter,rising-smoke-sauceworks,Rising Smoke Sauceworks,rising-smoke-fire-starter,Rising Smoke Fire Starter,,,,,retail_listing,https://heathotsauce.com/products/rising-smoke-fire-starter,8.99,USD,https://heathotsauce.com/products/rising-smoke-fire-starter,True,heathotsauce.com,2026-09-19T11:09:45.470554Z,2026-09-19T14:01:06.545048Z,sauce-names-1,sauce-match-1,rule:sauce-structured-1,shopify,1,2_longtail,,False,0,,single_source:shopify,0,,,v1
sauce:rising-smoke-sauceworks|rising-smoke-all-in,rising-smoke-sauceworks,Rising Smoke Sauceworks,rising-smoke-all-in,Rising Smoke All In,,,,,unknown,https://puckerbuttpeppercompany.com/products/all-in,12.00,USD,https://puckerbuttpeppercompany.com/products/all-in,False,puckerbuttpeppercompany.com,2026-09-19T11:09:45.470554Z,2026-09-19T14:01:06.545048Z,sauce-names-1,sauce-match-1,rule:sauce-structured-1,shopify,1,2_longtail,,False,0,,single_source:shopify,0,,,v1
sauce:rising-smoke-sauceworks|rising-smoke-buenos-nachos,rising-smoke-sauceworks,Rising Smoke Sauceworks,rising-smoke-buenos-nachos,Rising Smoke Buenos Nachos,,,,,unknown,https://puckerbuttpeppercompany.com/products/rising-smoke-buenos-nachos,9.00,USD,https://puckerbuttpeppercompany.com/products/rising-smoke-buenos-nachos,False,puckerbuttpeppercompany.com,2026-09-19T11:09:45.470554Z,2026-09-19T14:01:06.545048Z,sauce-names-1,sauce-match-1,rule:sauce-structured-1,shopify,1,2_longtail,,False,0,,single_source:shopify,0,,,v1
sauce:rising-smoke-sauceworks|rising-smoke-cur-ibbean,rising-smoke-sauceworks,Rising Smoke Sauceworks,rising-smoke-cur-ibbean,Rising Smoke Cur-ibbean,,,,,unknown,https://puckerbuttpeppercompany.com/products/rising-smoke-cur-ibbean,12.00,USD,https://puckerbuttpeppercompany.com/products/rising-smoke-cur-ibbean,False,puckerbuttpeppercompany.com,2026-09-19T11:09:45.470554Z,2026-09-19T14:01:06.545048Z,sauce-names-1,sauce-match-1,rule:sauce-structured-1,shopify,1,2_longtail,,False,0,,single_source:shopify,0,,,v1
sauce:rising-smoke-sauceworks|rising-smoke-fiesta-caliente,rising-smoke-sauceworks,Rising Smoke Sauceworks,rising-smoke-fiesta-caliente,Rising Smoke Fiesta Caliente,,,,,unknown,https://puckerbuttpeppercompany.com/products/rising-smoke-fiesta-caliente,9.00,USD,https://puckerbuttpeppercompany.com/products/rising-smoke-fiesta-caliente,False,puckerbuttpeppercompany.com,2026-09-19T11:09:45.470554Z,2026-09-19T14:01:06.545048Z,sauce-names-1,sauce-match-1,rule:sauce-structured-1,shopify,1,2_longtail,,False,0,,single_source:shopify,0,,,v1
sauce:rising-smoke-sauceworks|rising-smoke-it,rising-smoke-sauceworks,Rising Smoke Sauceworks,rising-smoke-it,Rising Smoke IT Sauce,,,,,unknown,https://puckerbuttpeppercompany.com/products/rising-smoke-it-sauce,9.00,USD,https://puckerbuttpeppercompany.com/products/rising-smoke-it-sauce,False,puckerbuttpeppercompany.com,2026-09-19T11:09:45.470554Z,2026-09-19T14:01:06.545048Z,sauce-names-1,sauce-match-1,rule:sauce-structured-1,shopify,1,2_longtail,,False,0,,single_source:shopify,0,,,v1
sauce:rising-smoke-sauceworks|rising-smoke-pineapple-oasis,rising-smoke-sauceworks,Rising Smoke Sauceworks,rising-smoke-pineapple-oasis,Rising Smoke Pineapple Oasis,,,,,unknown,https://puckerbuttpeppercompany.com/products/rising-smoke-pineapple-oasis,9.00,USD,https://puckerbuttpeppercompany.com/products/rising-smoke-pineapple-oasis,False,puckerbuttpeppercompany.com,2026-09-19T11:09:45.470554Z,2026-09-19T14:01:06.545048Z,sauce-names-1,sauce-match-1,rule:sauce-structured-1,shopify,1,2_longtail,,False,0,,single_source:shopify,0,,,v1
sauce:rising-smoke-sauceworks|rising-smoke-slow-death,rising-smoke-sauceworks,Rising Smoke Sauceworks,rising-smoke-slow-death,Rising Smoke Slow Death,,,,,unknown,https://puckerbuttpeppercompany.com/products/rising-smoke-slow-death,10.00,USD,https://puckerbuttpeppercompany.com/products/rising-smoke-slow-death,False,puckerbuttpeppercompany.com,2026-09-19T11:09:45.470554Z,2026-09-19T14:01:06.545048Z,sauce-names-1,sauce-match-1,rule:sauce-structured-1,shopify,1,2_longtail,,False,0,,single_source:shopify,0,,,v1
sauce:rising-smoke-sauceworks|rising-smoke-smoldering-embers,rising-smoke-sauceworks,Rising Smoke Sauceworks,rising-smoke-smoldering-embers,Rising Smoke Smoldering Embers,,,,,unknown,https://puckerbuttpeppercompany.com/products/rising-smoke-smoldering-embers,9.00,USD,https://puckerbuttpeppercompany.com/products/rising-smoke-smoldering-embers,False,puckerbuttpeppercompany.com,2026-09-19T11:09:45.470554Z,2026-09-19T14:01:06.545048Z,sauce-names-1,sauce-match-1,rule:sauce-structured-1,shopify,1,2_longtail,,False,0,,single_source:shopify,0,,,v1
sauce:rising-smoke-sauceworks|rising-smoke-synergy,rising-smoke-sauceworks,Rising Smoke Sauceworks,rising-smoke-synergy,Rising Smoke Synergy,,,,,unknown,https://puckerbuttpeppercompany.com/products/rising-smoke-synergy,11.00,USD,https://puckerbuttpeppercompany.com/products/rising-smoke-synergy,False,puckerbuttpeppercompany.com,2026-09-19T11:09:45.470554Z,2026-09-19T14:01:06.545048Z,sauce-names-1,sauce-match-1,rule:sauce-structured-1,shopify,1,2_longtail,,False,0,,single_source:shopify,0,,,v1
sauce:rising-smoke-sauceworks|all-in-smoked-reaper-ghost-pepper-hot-sauce-xxx-hot,rising-smoke-sauceworks,Rising Smoke Sauceworks,all-in-smoked-reaper-ghost-pepper-hot-sauce-xxx-hot,All In - Smoked Reaper Ghost Pepper Hot Sauce (XXX Hot),,,,,retail_listing,https://risingsmokesauce.com/products/all-in,11.99,USD,https://risingsmokesauce.com/products/all-in,True,risingsmokesauce.com,2026-09-19T11:09:45.470554Z,2026-09-19T14:01:06.545048Z,sauce-names-1,sauce-match-1,rule:sauce-structured-1,shopify,1,2_longtail,,False,0,,single_source:shopify,0,,,v1
sauce:rising-smoke-sauceworks|hot-sauce-lover-pack,rising-smoke-sauceworks,Rising Smoke Sauceworks,hot-sauce-lover-pack,Hot Sauce Lover Pack,,,,,retail_listing,https://risingsmokesauce.com/products/complete-hot-sauce-line-up,82.99,USD,https://risingsmokesauce.com/products/complete-hot-sauce-line-up,True,risingsmokesauce.com,2026-09-19T11:09:45.470554Z,2026-09-19T14:01:06.545048Z,sauce-names-1,sauce-match-1,rule:sauce-structured-1,shopify,1,2_longtail,,False,0,,single_source:shopify,0,,,v1
sauce:rising-smoke-sauceworks|fire-starter-jalapeno-tomatillo-verde-sauce-mild,rising-smoke-sauceworks,Rising Smoke Sauceworks,fire-starter-jalapeno-tomatillo-verde-sauce-mild,Fire Starter - Jalapeño Tomatillo Verde Sauce (Mild),,,,,retail_listing,https://risingsmokesauce.com/products/fire-starter,9.99,USD,https://risingsmokesauce.com/products/fire-starter,True,risingsmokesauce.com,2026-09-19T11:09:45.470554Z,2026-09-19T14:01:06.545048Z,sauce-names-1,sauce-match-1,rule:sauce-structured-1,shopify,1,2_longtail,,False,0,,single_source:shopify,0,,,v1
sauce:rising-smoke-sauceworks|inferno-collection-4-pack,rising-smoke-sauceworks,Rising Smoke Sauceworks,inferno-collection-4-pack,Inferno Collection 4-pack,,,,,retail_listing,https://risingsmokesauce.com/products/inferno-collection-4-pack-of-sauces,29.99,USD,https://risingsmokesauce.com/products/inferno-collection-4-pack-of-sauces,True,risingsmokesauce.com,2026-09-19T11:09:45.470554Z,2026-09-19T14:01:06.545048Z,sauce-names-1,sauce-match-1,rule:sauce-structured-1,shopify,1,2_longtail,,False,0,,single_source:shopify,0,,,v1
sauce:rising-smoke-sauceworks|it-cayenne-garlic-louisiana-table-sauce-mild,rising-smoke-sauceworks,Rising Smoke Sauceworks,it-cayenne-garlic-louisiana-table-sauce-mild,It - Cayenne Garlic Louisiana Table Sauce (Mild),,,,,retail_listing,https://risingsmokesauce.com/products/it,9.99,USD,https://risingsmokesauce.com/products/it,True,risingsmokesauce.com,2026-09-19T11:09:45.470554Z,2026-09-19T14:01:06.545048Z,sauce-names-1,sauce-match-1,rule:sauce-structured-1,shopify,1,2_longtail,,False,0,,single_source:shopify,0,,,v1
sauce:rising-smoke-sauceworks|kindling-collection-4-pack,rising-smoke-sauceworks,Rising Smoke Sauceworks,kindling-collection-4-pack,Kindling Collection 4-pack,,,,,retail_listing,https://risingsmokesauce.com/products/kindling-collection-4-pack-of-sauces,29.99,USD,https://risingsmokesauce.com/products/kindling-collection-4-pack-of-sauces,True,risingsmokesauce.com,2026-09-19T11:09:45.470554Z,2026-09-19T14:01:06.545048Z,sauce-names-1,sauce-match-1,rule:sauce-structured-1,shopify,1,2_longtail,,False,0,,single_source:shopify,0,,,v1
sauce:rising-smoke-sauceworks|build-your-own-12-bottle-hot-sauce-case,rising-smoke-sauceworks,Rising Smoke Sauceworks,build-your-own-12-bottle-hot-sauce-case,Build Your Own 12-Bottle Hot Sauce Case,,,,,retail_listing,https://risingsmokesauce.com/products/make-your-own-case,79.99,USD,https://risingsmokesauce.com/products/make-your-own-case,True,risingsmokesauce.com,2026-09-19T11:09:45.470554Z,2026-09-19T14:01:06.545048Z,sauce-names-1,sauce-match-1,rule:sauce-structured-1,shopify,1,2_longtail,,False,0,,single_source:shopify,0,,,v1
sauce:rising-smoke-sauceworks|pineapple-oasis-aji-lemon-drop-sweet-pepper-sauce-medium,rising-smoke-sauceworks,Rising Smoke Sauceworks,pineapple-oasis-aji-lemon-drop-sweet-pepper-sauce-medium,Pineapple Oasis - Aji Lemon Drop Sweet Pepper Sauce (Medium),,,,,retail_listing,https://risingsmokesauce.com/products/pineapple-oasis,9.99,USD,https://risingsmokesauce.com/products/pineapple-oasis,True,risingsmokesauce.com,2026-09-19T11:09:45.470554Z,2026-09-19T14:01:06.545048Z,sauce-names-1,sauce-match-1,rule:sauce-structured-1,shopify,1,2_longtail,,False,0,,single_source:shopify,0,,,v1
sauce:rising-smoke-sauceworks|slow-death-trinidad-scorpion-hot-sauce-xxx-hot,rising-smoke-sauceworks,Rising Smoke Sauceworks,slow-death-trinidad-scorpion-hot-sauce-xxx-hot,Slow Death - Trinidad Scorpion Hot Sauce (XXX Hot),,,,,retail_listing,https://risingsmokesauce.com/products/slow-death,10.99,USD,https://risingsmokesauce.com/products/slow-death,True,risingsmokesauce.com,2026-09-19T11:09:45.470554Z,2026-09-19T14:01:06.545048Z,sauce-names-1,sauce-match-1,rule:sauce-structured-1,shopify,1,2_longtail,,False,0,,single_source:shopify,0,,,v1
sauce:rising-smoke-sauceworks|smoldering-embers-habanero-tomato-basil-hot-sauce-medium,rising-smoke-sauceworks,Rising Smoke Sauceworks,smoldering-embers-habanero-tomato-basil-hot-sauce-medium,Smoldering Embers - Habanero Tomato Basil Hot Sauce (Medium),,,,,retail_listing,https://risingsmokesauce.com/products/smoldering-embers,9.99,USD,https://risingsmokesauce.com/products/smoldering-embers,True,risingsmokesauce.com,2026-09-19T11:09:45.470554Z,2026-09-19T14:01:06.545048Z,sauce-names-1,sauce-match-1,rule:sauce-structured-1,shopify,1,2_longtail,,False,0,,single_source:shopify,0,,,v1
sauce:rising-smoke-sauceworks|synergy-sweet-spicy-asian-style-sauce-medium,rising-smoke-sauceworks,Rising Smoke Sauceworks,synergy-sweet-spicy-asian-style-sauce-medium,Synergy - Sweet & Spicy Asian Style Sauce (Medium),,,,,retail_listing,https://risingsmokesauce.com/products/synergy,10.99,USD,https://risingsmokesauce.com/products/synergy,True,risingsmokesauce.com,2026-09-19T11:09:45.470554Z,2026-09-19T14:01:06.545048Z,sauce-names-1,sauce-match-1,rule:sauce-structured-1,shopify,1,2_longtail,,False,0,,single_source:shopify,0,,,v1
sauce:rising-smoke-sauceworks|wildfire-collection-4-pack,rising-smoke-sauceworks,Rising Smoke Sauceworks,wildfire-collection-4-pack,Wildfire Collection 4-pack,,,,,retail_listing,https://risingsmokesauce.com/products/wildfire-collection-4-pack-of-sauces,29.99,USD,https://risingsmokesauce.com/products/wildfire-collection-4-pack-of-sauces,True,risingsmokesauce.com,2026-09-19T11:09:45.470554Z,2026-09-19T14:01:06.545048Z,sauce-names-1,sauce-match-1,rule:sauce-structured-1,shopify,1,2_longtail,,False,0,,single_source:shopify,0,,,v1
sauce:rising-smoke-sauceworks|world-tour-4-pack,rising-smoke-sauceworks,Rising Smoke Sauceworks,world-tour-4-pack,World Tour 4-Pack,,,,,retail_listing,https://risingsmokesauce.com/products/world-tour-4-pack-of-sauces,29.99,USD,https://risingsmokesauce.com/products/world-tour-4-pack-of-sauces,True,risingsmokesauce.com,2026-09-19T11:09:45.470554Z,2026-09-19T14:01:06.545048Z,sauce-names-1,sauce-match-1,rule:sauce-structured-1,shopify,1,2_longtail,,False,0,,single_source:shopify,0,,,v1
sauce:savir|arbol-serrano,savir,SAVIR Foods,arbol-serrano,Arbol Serrano,,,,,retail_listing,https://savirfoods.com/products/arbol-serrano,9.99,USD,https://savirfoods.com/products/arbol-serrano,True,savirfoods.com,2026-09-19T11:09:45.470554Z,2026-09-19T14:01:06.545048Z,sauce-names-1,sauce-match-1,rule:sauce-structured-1,shopify,1,2_longtail,,False,0,,single_source:shopify,0,,,v1
sauce:savir|churro-ancho,savir,SAVIR Foods,churro-ancho,Churro Ancho,,,,,retail_listing,https://savirfoods.com/products/churro-ancho,9.99,USD,https://savirfoods.com/products/churro-ancho,True,savirfoods.com,2026-09-19T11:09:45.470554Z,2026-09-19T14:01:06.545048Z,sauce-names-1,sauce-match-1,rule:sauce-structured-1,shopify,1,2_longtail,,False,0,,single_source:shopify,0,,,v1
sauce:savir|crema-macha-as-seen-on-hot-ones,savir,SAVIR Foods,crema-macha-as-seen-on-hot-ones,Crema Macha *As Seen On Hot Ones,,,,,unknown,https://savirfoods.com/products/crema-macha-as-seen-on-hot-ones,10.99,USD,https://savirfoods.com/products/crema-macha-as-seen-on-hot-ones,False,savirfoods.com,2026-09-19T11:09:45.470554Z,2026-09-19T14:01:06.545048Z,sauce-names-1,sauce-match-1,rule:sauce-structured-1,shopify,1,2_longtail,,False,0,,single_source:shopify,0,,,v1
sauce:savir|elotes-loco,savir,SAVIR Foods,elotes-loco,Elotes Loco,,,,,retail_listing,https://savirfoods.com/products/elotes-loco,9.99,USD,https://savirfoods.com/products/elotes-loco,True,savirfoods.com,2026-09-19T11:09:45.470554Z,2026-09-19T14:01:06.545048Z,sauce-names-1,sauce-match-1,rule:sauce-structured-1,shopify,1,2_longtail,,False,0,,single_source:shopify,0,,,v1
sauce:savir|elotes-loco-fire-edition-as-seen-on-hot-ones,savir,SAVIR Foods,elotes-loco-fire-edition-as-seen-on-hot-ones,Elotes Loco Fire Edition *As Seen on Hot Ones,,,,,retail_listing,https://savirfoods.com/products/elotes-loco-fire-edition-as-seen-on-hot-ones,10.99,USD,https://savirfoods.com/products/elotes-loco-fire-edition-as-seen-on-hot-ones,True,savirfoods.com,2026-09-19T11:09:45.470554Z,2026-09-19T14:01:06.545048Z,sauce-names-1,sauce-match-1,rule:sauce-structured-1,shopify,1,2_longtail,,False,0,,single_source:shopify,0,,,v1
sauce:savir|italian-chili-crunch,savir,SAVIR Foods,italian-chili-crunch,Italian Chili Crunch,,,,,retail_listing,https://savirfoods.com/products/italian-chili-crunch,13.99,USD,https://savirfoods.com/products/italian-chili-crunch,True,savirfoods.com,2026-09-19T11:09:45.470554Z,2026-09-19T14:01:06.545048Z,sauce-names-1,sauce-match-1,rule:sauce-structured-1,shopify,1,2_longtail,,False,0,,single_source:shopify,0,,,v1
sauce:savir|jala-pepa-as-seen-on-hot-ones,savir,SAVIR Foods,jala-pepa-as-seen-on-hot-ones,Jala Pepa *As Seen On Hot Ones,,,,,retail_listing,https://savirfoods.com/products/jala-pepa-as-seen-on-hot-ones,9.99,USD,https://savirfoods.com/products/jala-pepa-as-seen-on-hot-ones,True,savirfoods.com,2026-09-19T11:09:45.470554Z,2026-09-19T14:01:06.545048Z,sauce-names-1,sauce-match-1,rule:sauce-structured-1,shopify,1,2_longtail,,False,0,,single_source:shopify,0,,,v1
sauce:savir|lemon-drop,savir,SAVIR Foods,lemon-drop,Lemon Drop Hot Sauce,,,,,retail_listing,https://savirfoods.com/products/lemon-drop,9.99,USD,https://savirfoods.com/products/lemon-drop,True,savirfoods.com,2026-09-19T11:09:45.470554Z,2026-09-19T14:01:06.545048Z,sauce-names-1,sauce-match-1,rule:sauce-structured-1,shopify,1,2_longtail,,True,1,sauce:rhed-s|lemon-drop,single_source:shopify,0,,,v1
sauce:savir|poblano-morita,savir,SAVIR Foods,poblano-morita,Poblano Morita Hot Sauce,,,,,retail_listing,https://savirfoods.com/products/poblano-morita,9.99,USD,https://savirfoods.com/products/poblano-morita,True,savirfoods.com,2026-09-19T11:09:45.470554Z,2026-09-19T14:01:06.545048Z,sauce-names-1,sauce-match-1,rule:sauce-structured-1,shopify,1,2_longtail,,False,0,,single_source:shopify,0,,,v1
sauce:savir|rocoto-andino,savir,SAVIR Foods,rocoto-andino,Rocoto Andino,,,,,retail_listing,https://savirfoods.com/products/rocoto-andino,9.99,USD,https://savirfoods.com/products/rocoto-andino,True,savirfoods.com,2026-09-19T11:09:45.470554Z,2026-09-19T14:01:06.545048Z,sauce-names-1,sauce-match-1,rule:sauce-structured-1,shopify,1,2_longtail,,False,0,,single_source:shopify,0,,,v1
sauce:savir|sassy-texan,savir,SAVIR Foods,sassy-texan,Sassy Texan Hot Sauce,,,,,retail_listing,https://savirfoods.com/products/sassy-texan,9.99,USD,https://savirfoods.com/products/sassy-texan,True,savirfoods.com,2026-09-19T11:09:45.470554Z,2026-09-19T14:01:06.545048Z,sauce-names-1,sauce-match-1,rule:sauce-structured-1,shopify,1,2_longtail,,False,0,,single_source:shopify,0,,,v1
sauce:savir|serrano-s-ghost,savir,SAVIR Foods,serrano-s-ghost,Serrano's Ghost,,,,,retail_listing,https://savirfoods.com/products/serranos-ghost,9.99,USD,https://savirfoods.com/products/serranos-ghost,True,savirfoods.com,2026-09-19T11:09:45.470554Z,2026-09-19T14:01:06.545048Z,sauce-names-1,sauce-match-1,rule:sauce-structured-1,shopify,1,2_longtail,,False,0,,single_source:shopify,0,,,v1
sauce:savir|sugo-di-peppa-italian,savir,SAVIR Foods,sugo-di-peppa-italian,Sugo di Peppa Italian Hot Sauce,,,,,retail_listing,https://savirfoods.com/products/sugo-di-peppa,9.99,USD,https://savirfoods.com/products/sugo-di-peppa,True,savirfoods.com,2026-09-19T11:09:45.470554Z,2026-09-19T14:01:06.545048Z,sauce-names-1,sauce-match-1,rule:sauce-structured-1,shopify,1,2_longtail,,False,0,,single_source:shopify,0,,,v1
sauce:savir|sugo-di-peppa-scorpione-edition,savir,SAVIR Foods,sugo-di-peppa-scorpione-edition,Sugo di Peppa Scorpione Edition,,,,,retail_listing,https://savirfoods.com/products/sugo-di-peppa-scorpione-edition,10.99,USD,https://savirfoods.com/products/sugo-di-peppa-scorpione-edition,True,savirfoods.com,2026-09-19T11:09:45.470554Z,2026-09-19T14:01:06.545048Z,sauce-names-1,sauce-match-1,rule:sauce-structured-1,shopify,1,2_longtail,,False,0,,single_source:shopify,0,,,v1
sauce:sabarac|fermented-carolina-reaper,sabarac,Sabarac,fermented-carolina-reaper,Fermented Carolina Reaper,,,,,unknown,https://crafthotsauce.com/products/fermented-carolina-reaper-hot-sauce,18.00,USD,https://crafthotsauce.com/products/fermented-carolina-reaper-hot-sauce,False,crafthotsauce.com,2026-09-19T13:52:25.427841Z,2026-09-19T14:01:06.545048Z,sauce-names-1,sauce-match-1,rule:sauce-structured-1,shopify,1,2_longtail,,False,0,,single_source:shopify,0,,,v1
sauce:sabarac|fermented-cherry-chipotle-bbq,sabarac,Sabarac,fermented-cherry-chipotle-bbq,Fermented Cherry Chipotle BBQ,,,,,unknown,https://crafthotsauce.com/products/fermented-cherry-chipotle-bbq-sauce,16.00,USD,https://crafthotsauce.com/products/fermented-cherry-chipotle-bbq-sauce,False,crafthotsauce.com,2026-09-19T13:52:25.427841Z,2026-09-19T14:01:06.545048Z,sauce-names-1,sauce-match-1,rule:sauce-structured-1,shopify,1,2_longtail,,False,0,,single_source:shopify,0,,,v1
sauce:sabarac|fermented-watermelon,sabarac,Sabarac,fermented-watermelon,Fermented Watermelon,,,,,unknown,https://crafthotsauce.com/products/fermented-watermelon-hot-sauce,16.00,USD,https://crafthotsauce.com/products/fermented-watermelon-hot-sauce,False,crafthotsauce.com,2026-09-19T13:52:25.427841Z,2026-09-19T14:01:06.545048Z,sauce-names-1,sauce-match-1,rule:sauce-structured-1,shopify,1,2_longtail,,False,0,,single_source:shopify,0,,,v1
sauce:sabarac|goblin-s-breath,sabarac,Sabarac,goblin-s-breath,Goblin's Breath,,,,,unknown,https://crafthotsauce.com/products/goblins-breath-fermented-hot-sauce,16.00,USD,https://crafthotsauce.com/products/goblins-breath-fermented-hot-sauce,False,crafthotsauce.com,2026-09-19T13:52:25.427841Z,2026-09-19T14:01:06.545048Z,sauce-names-1,sauce-match-1,rule:sauce-structured-1,shopify,1,2_longtail,,False,0,,single_source:shopify,0,,,v1
sauce:sabarac|japanese-miso,sabarac,Sabarac,japanese-miso,Japanese Miso,,,,,unknown,https://crafthotsauce.com/products/japanese-miso-fermented-hot-sauce,16.00,USD,https://crafthotsauce.com/products/japanese-miso-fermented-hot-sauce,False,crafthotsauce.com,2026-09-19T13:52:25.427841Z,2026-09-19T14:01:06.545048Z,sauce-names-1,sauce-match-1,rule:sauce-structured-1,shopify,1,2_longtail,,False,0,,single_source:shopify,0,,,v1
sauce:sacred|salad,sacred,Sacred Sauce,salad,Salad Sauce,,,,,unknown,https://crafthotsauce.com/products/sacred-salad-sauce,10.50,USD,https://crafthotsauce.com/products/sacred-salad-sauce,False,crafthotsauce.com,2026-09-19T13:52:25.427841Z,2026-09-19T14:01:06.545048Z,sauce-names-1,sauce-match-1,rule:sauce-structured-1,shopify,1,2_longtail,,False,0,,single_source:shopify,0,,,v1
sauce:sacred|sacred,sacred,Sacred Sauce,sacred,Sacred Sauce,,,,,unknown,https://crafthotsauce.com/products/sacred-sauce,10.50,USD,https://crafthotsauce.com/products/sacred-sauce,False,crafthotsauce.com,2026-09-19T13:52:25.427841Z,2026-09-19T14:01:06.545048Z,sauce-names-1,sauce-match-1,rule:sauce-structured-1,shopify,1,2_longtail,,False,0,,single_source:shopify,0,,,v1
sauce:sam-sa-house|roasted-sol,sam-sa-house,Sam Sa'House,roasted-sol,Roasted SOL,,,,,retail_listing,https://heatonist.com/products/sam-shause-box-car-hippie,12.00,USD,https://heatonist.com/products/sam-shause-box-car-hippie,True,heatonist.com,2026-09-19T11:09:45.470554Z,2026-09-19T14:01:06.545048Z,sauce-names-1,sauce-match-1,rule:sauce-structured-1,shopify,1,2_longtail,,False,0,,single_source:shopify,0,,,v1
sauce:sam-sa-house|boxcar-hippie,sam-sa-house,Sam Sa'house,boxcar-hippie,Boxcar Hippie,,,,,retail_listing,https://samsahouse.com/products/boxcar-hippie,15.00,USD,https://samsahouse.com/products/boxcar-hippie,True,samsahouse.com,2026-09-19T11:09:45.470554Z,2026-09-19T14:01:06.545048Z,sauce-names-1,sauce-match-1,rule:sauce-structured-1,shopify,1,2_longtail,,False,0,,single_source:shopify,0,,,v1
sauce:sam-sa-house|chim-charr,sam-sa-house,Sam Sa'house,chim-charr,Chim'Charr,,,,,unknown,https://samsahouse.com/products/chimcharr,12.00,USD,https://samsahouse.com/products/chimcharr,False,samsahouse.com,2026-09-19T11:09:45.470554Z,2026-09-19T14:01:06.545048Z,sauce-names-1,sauce-match-1,rule:sauce-structured-1,shopify,1,2_longtail,,False,0,,single_source:shopify,0,,,v1
sauce:sam-sa-house|funky-garlic,sam-sa-house,Sam Sa'house,funky-garlic,Funky Garlic,,,,,retail_listing,https://samsahouse.com/products/funky-garlic,12.00,USD,https://samsahouse.com/products/funky-garlic,True,samsahouse.com,2026-09-19T11:09:45.470554Z,2026-09-19T14:01:06.545048Z,sauce-names-1,sauce-match-1,rule:sauce-structured-1,shopify,1,2_longtail,,False,0,,single_source:shopify,0,,,v1
sauce:sam-sa-house|gochujang-a-l-orange,sam-sa-house,Sam Sa'house,gochujang-a-l-orange,Gochujang a l’Orange,,,,,retail_listing,https://samsahouse.com/products/gochujang-a-l-orange,15.00,USD,https://samsahouse.com/products/gochujang-a-l-orange,True,samsahouse.com,2026-09-19T11:09:45.470554Z,2026-09-19T14:01:06.545048Z,sauce-names-1,sauce-match-1,rule:sauce-structured-1,shopify,1,2_longtail,,False,0,,single_source:shopify,0,,,v1
sauce:sam-sa-house|hot-han-bananaram,sam-sa-house,Sam Sa'house,hot-han-bananaram,Hot Han'Bananaram,,,,,retail_listing,https://samsahouse.com/products/hot-hanbananaram,12.00,USD,https://samsahouse.com/products/hot-hanbananaram,True,samsahouse.com,2026-09-19T11:09:45.470554Z,2026-09-19T14:01:06.545048Z,sauce-names-1,sauce-match-1,rule:sauce-structured-1,shopify,1,2_longtail,,False,0,,single_source:shopify,0,,,v1
sauce:sam-sa-house|big-smokey-mama,sam-sa-house,Sam Sa'house,big-smokey-mama,Big Smokey Mama,,,,,retail_listing,https://samsahouse.com/products/limited-edition-smokey-j,15.00,USD,https://samsahouse.com/products/limited-edition-smokey-j,True,samsahouse.com,2026-09-19T11:09:45.470554Z,2026-09-19T14:01:06.545048Z,sauce-names-1,sauce-match-1,rule:sauce-structured-1,shopify,1,2_longtail,,False,0,,single_source:shopify,0,,,v1
sauce:sam-sa-house|one-drop,sam-sa-house,Sam Sa'house,one-drop,One Drop,,,,,retail_listing,https://samsahouse.com/products/one-drop,18.00,USD,https://samsahouse.com/products/one-drop,True,samsahouse.com,2026-09-19T11:09:45.470554Z,2026-09-19T14:01:06.545048Z,sauce-names-1,sauce-match-1,rule:sauce-structured-1,shopify,1,2_longtail,,False,0,,single_source:shopify,0,,,v1
sauce:sam-sa-house|orange-drink,sam-sa-house,Sam Sa'house,orange-drink,Orange Drink,,,,,retail_listing,https://samsahouse.com/products/orange-drink,12.00,USD,https://samsahouse.com/products/orange-drink,True,samsahouse.com,2026-09-19T11:09:45.470554Z,2026-09-19T14:01:06.545048Z,sauce-names-1,sauce-match-1,rule:sauce-structured-1,shopify,1,2_longtail,,False,0,,single_source:shopify,0,,,v1
sauce:sam-sa-house|pina-danada,sam-sa-house,Sam Sa'house,pina-danada,Piña Dañada,,,,,retail_listing,https://heatonist.com/products/pina-danada-sam-sahouse,12.00,USD,https://samsahouse.com/products/pina-danada,True,samsahouse.com,2026-09-19T11:09:45.470554Z,2026-09-19T14:01:06.545048Z,sauce-names-1,sauce-match-1,rule:sauce-structured-1,shopify,1,2_longtail,,False,0,,single_source:shopify,0,,,v1
sauce:sam-sa-house|reapality,sam-sa-house,Sam Sa'house,reapality,Reapality,,,,,retail_listing,https://samsahouse.com/products/reapality,12.00,USD,https://samsahouse.com/products/reapality,True,samsahouse.com,2026-09-19T11:09:45.470554Z,2026-09-19T14:01:06.545048Z,sauce-names-1,sauce-match-1,rule:sauce-structured-1,shopify,1,2_longtail,,False,0,,single_source:shopify,0,,,v1
sauce:sam-sa-house|shadow-of-gcm,sam-sa-house,Sam Sa'house,shadow-of-gcm,Shadow Of GCM,,,,,retail_listing,https://samsahouse.com/products/shadow-of-gcm,12.00,USD,https://samsahouse.com/products/shadow-of-gcm,True,samsahouse.com,2026-09-19T11:09:45.470554Z,2026-09-19T14:01:06.545048Z,sauce-names-1,sauce-match-1,rule:sauce-structured-1,shopify,1,2_longtail,,False,0,,single_source:shopify,0,,,v1
sauce:sam-sa-house|smokey-j,sam-sa-house,Sam Sa'house,smokey-j,Smokey J,,,,,retail_listing,https://samsahouse.com/products/smokey-j,12.00,USD,https://samsahouse.com/products/smokey-j,True,samsahouse.com,2026-09-19T11:09:45.470554Z,2026-09-19T14:01:06.545048Z,sauce-names-1,sauce-match-1,rule:sauce-structured-1,shopify,1,2_longtail,,False,0,,single_source:shopify,0,,,v1
sauce:sam-sa-house|thai-ga-style,sam-sa-house,Sam Sa'house,thai-ga-style,Thai'Ga Style,,,,,retail_listing,https://samsahouse.com/products/thaiga-style,12.00,USD,https://samsahouse.com/products/thaiga-style,True,samsahouse.com,2026-09-19T11:09:45.470554Z,2026-09-19T14:01:06.545048Z,sauce-names-1,sauce-match-1,rule:sauce-structured-1,shopify,1,2_longtail,,False,0,,single_source:shopify,0,,,v1
sauce:sam-sa-house|sunnburn,sam-sa-house,Sam Sa'house,sunnburn,Sunnburn,,,,,retail_listing,https://samsahouse.com/products/thaingo,12.00,USD,https://samsahouse.com/products/thaingo,True,samsahouse.com,2026-09-19T11:09:45.470554Z,2026-09-19T14:01:06.545048Z,sauce-names-1,sauce-match-1,rule:sauce-structured-1,shopify,1,2_longtail,,False,0,,single_source:shopify,0,,,v1
sauce:sam-sa-house|trial-by-fire-2026-sold-out,sam-sa-house,Sam Sa'house,trial-by-fire-2026-sold-out,Trial By Fire: 2026 (SOLD OUT),,,,,unknown,https://samsahouse.com/products/trial-by-fire-2024-release,18.00,USD,https://samsahouse.com/products/trial-by-fire-2024-release,False,samsahouse.com,2026-09-19T11:09:45.470554Z,2026-09-19T14:01:06.545048Z,sauce-names-1,sauce-match-1,rule:sauce-structured-1,shopify,1,2_longtail,,False,0,,single_source:shopify,0,,,v1
sauce:sam-sa-house|yuma-fritas,sam-sa-house,Sam Sa'house,yuma-fritas,Yuma Fritas,,,,,retail_listing,https://samsahouse.com/products/yuma-fritas,15.00,USD,https://samsahouse.com/products/yuma-fritas,True,samsahouse.com,2026-09-19T11:09:45.470554Z,2026-09-19T14:01:06.545048Z,sauce-names-1,sauce-match-1,rule:sauce-structured-1,shopify,1,2_longtail,,False,0,,single_source:shopify,0,,,v1
sauce:sauce-daddy|lime-basil-too,sauce-daddy,Sauce Daddy,lime-basil-too,Lime & Basil Too Hot Sauce,,,,,retail_listing,https://heathotsauce.com/products/lime-basil-too-hot-sauce,9.99,USD,https://heathotsauce.com/products/lime-basil-too-hot-sauce,True,heathotsauce.com,2026-09-19T13:52:25.427841Z,2026-09-19T14:01:06.545048Z,sauce-names-1,sauce-match-1,rule:sauce-structured-1,shopify,1,2_longtail,,False,0,,single_source:shopify,0,,,v1
sauce:sauce-leopard|crimson-drip,sauce-leopard,Sauce Leopard,crimson-drip,The Crimson Drip,,,,,retail_listing,https://heathotsauce.com/products/the-crimson-drip,9.99,USD,https://heathotsauce.com/products/the-crimson-drip,True,heathotsauce.com,2026-09-19T13:52:25.427841Z,2026-09-19T14:01:06.545048Z,sauce-names-1,sauce-match-1,rule:sauce-structured-1,shopify,1,2_longtail,,False,0,,single_source:shopify,0,,,v1
sauce:sauce-leopard|homegrown-hell-sichaun-tangerine-sauce-leopard-c,sauce-leopard,Sauce Leopard,homegrown-hell-sichaun-tangerine-sauce-leopard-c,Homegrown Hell - Sichaun Tangerine | Sauce Leopard -C,,,,,retail_listing,https://heatonist.com/products/homegrown-hell-sichaun-tangerine-sauce-leopard-c,7.15,USD,https://heatonist.com/products/homegrown-hell-sichaun-tangerine-sauce-leopard-c,True,heatonist.com,2026-09-19T11:09:45.470554Z,2026-09-19T14:01:06.545048Z,sauce-names-1,sauce-match-1,rule:sauce-structured-1,shopify,1,2_longtail,,False,0,,single_source:shopify,0,,,v1
sauce:sauce-leopard|homegrown-hell-sichuan-tangerine,sauce-leopard,Sauce Leopard,homegrown-hell-sichuan-tangerine,Homegrown Hell - Sichuan Tangerine,,,,,retail_listing,https://heatonist.com/products/homegrown-hell-sichaun-tangerine-sauce-leopard-hot-sauce,12.00,USD,https://heatonist.com/products/homegrown-hell-sichaun-tangerine-sauce-leopard-hot-sauce,True,heatonist.com,2026-09-19T11:09:45.470554Z,2026-09-19T14:01:06.545048Z,sauce-names-1,sauce-match-1,rule:sauce-structured-1,shopify,1,2_longtail,,False,0,,single_source:shopify,0,,,v1
sauce:sauce-leopard|seventh-reaper,sauce-leopard,Sauce Leopard,seventh-reaper,The Seventh Reaper Hot Sauce,,,,,retail_listing,https://heatonist.com/products/sauce-leopard-the-seventh-reaper,12.00,USD,https://heatonist.com/products/sauce-leopard-the-seventh-reaper,True,heatonist.com,2026-09-19T11:09:45.470554Z,2026-09-19T14:01:06.545048Z,sauce-names-1,sauce-match-1,rule:sauce-structured-1,shopify,1,2_longtail,,False,0,,single_source:shopify,0,,,v1
sauce:sauce-leopard|cu-buffs-mango-habanero,sauce-leopard,Sauce Leopard,cu-buffs-mango-habanero,CU Buffs Mango Habanero Sauce,,,,,retail_listing,https://sauceleopard.com/products/colorado-buffaloes-mango-habanero-sauce,10.99,USD,https://sauceleopard.com/products/colorado-buffaloes-mango-habanero-sauce,True,sauceleopard.com,2026-09-19T11:09:45.470554Z,2026-09-19T14:01:06.545048Z,sauce-names-1,sauce-match-1,rule:sauce-structured-1,shopify,1,2_longtail,,False,0,,single_source:shopify,0,,,v1
sauce:sauce-leopard|homegrown-hell-sichuan-tangerine-superhot,sauce-leopard,Sauce Leopard,homegrown-hell-sichuan-tangerine-superhot,Homegrown Hell - Sichuan Tangerine Superhot,,,,,retail_listing,https://sauceleopard.com/products/homegrown-hell,11.99,USD,https://sauceleopard.com/products/homegrown-hell,True,sauceleopard.com,2026-09-19T11:09:45.470554Z,2026-09-19T14:01:06.545048Z,sauce-names-1,sauce-match-1,rule:sauce-structured-1,shopify,1,2_longtail,,False,0,,single_source:shopify,0,,,v1
sauce:sauce-leopard|13th-floor-apricot-toasted-coconut,sauce-leopard,Sauce Leopard,13th-floor-apricot-toasted-coconut,The 13th Floor - Apricot & Toasted Coconut Sauce,,,,,retail_listing,https://sauceleopard.com/products/the-13th-floor-new-apricot-toasted-coconut-sauce,11.99,USD,https://sauceleopard.com/products/the-13th-floor-new-apricot-toasted-coconut-sauce,True,sauceleopard.com,2026-09-19T11:09:45.470554Z,2026-09-19T14:01:06.545048Z,sauce-names-1,sauce-match-1,rule:sauce-structured-1,shopify,1,2_longtail,,False,0,,single_source:shopify,0,,,v1
sauce:sauce-leopard|road-dawg-red-chili-garlic,sauce-leopard,Sauce Leopard,road-dawg-red-chili-garlic,The Road Dawg - Red Chili Garlic Sauce,,,,,retail_listing,https://sauceleopard.com/products/the-road-dawg-new-fresno-garlic-sauce,10.99,USD,https://sauceleopard.com/products/the-road-dawg-new-fresno-garlic-sauce,True,sauceleopard.com,2026-09-19T11:09:45.470554Z,2026-09-19T14:01:06.545048Z,sauce-names-1,sauce-match-1,rule:sauce-structured-1,shopify,1,2_longtail,,False,0,,single_source:shopify,0,,,v1
sauce:savir|crema-macha-savir-foods-c,savir,Savir Foods,crema-macha-savir-foods-c,Crema Macha | Savir Foods -C,,,,,retail_listing,https://heatonist.com/products/crema-macha-savir-foods-c,7.15,USD,https://heatonist.com/products/crema-macha-savir-foods-c,True,heatonist.com,2026-09-19T11:09:45.470554Z,2026-09-19T14:01:06.545048Z,sauce-names-1,sauce-match-1,rule:sauce-structured-1,shopify,1,2_longtail,,False,0,,single_source:shopify,0,,,v1
sauce:savir|crema-macha,savir,Savir Foods,crema-macha,Crema Macha,,,,,retail_listing,https://heatonist.com/products/savir-foods-crema-macha-hot-sauce,6.00,USD,https://heatonist.com/products/savir-foods-crema-macha-hot-sauce,True,heatonist.com,2026-09-19T11:09:45.470554Z,2026-09-19T14:01:06.545048Z,sauce-names-1,sauce-match-1,rule:sauce-structured-1,shopify,1,2_longtail,,False,0,,single_source:shopify,0,,,v1
sauce:savir|elotes-loco-fire-edition,savir,Savir Foods,elotes-loco-fire-edition,Elotes Loco Fire Edition,,,,,retail_listing,https://heatonist.com/products/savir-foods-elotes-loco-fire,12.00,USD,https://heatonist.com/products/savir-foods-elotes-loco-fire,True,heatonist.com,2026-09-19T11:09:45.470554Z,2026-09-19T14:01:06.545048Z,sauce-names-1,sauce-match-1,rule:sauce-structured-1,shopify,1,2_longtail,,False,0,,single_source:shopify,0,,,v1
sauce:savir|elotes-loco-fire-c,savir,Savir Foods,elotes-loco-fire-c,| Elotes Loco Fire-C,,,,,retail_listing,https://heatonist.com/products/savir-foods-elotes-loco-fire-c,8.11,USD,https://heatonist.com/products/savir-foods-elotes-loco-fire-c,True,heatonist.com,2026-09-19T11:09:45.470554Z,2026-09-19T14:01:06.545048Z,sauce-names-1,sauce-match-1,rule:sauce-structured-1,shopify,1,2_longtail,,False,0,,single_source:shopify,0,,,v1
sauce:scarlet-fire|scarlet-fire,scarlet-fire,Scarlet Fire Hot Sauce,scarlet-fire,Scarlet Fire,,,,,unknown,https://heathotsauce.com/products/scarlet-fire,9.99,USD,https://heathotsauce.com/products/scarlet-fire,False,heathotsauce.com,2026-09-19T13:52:25.427841Z,2026-09-19T14:01:06.545048Z,sauce-names-1,sauce-match-1,rule:sauce-structured-1,shopify,1,2_longtail,,False,0,,single_source:shopify,0,,,v1
sauce:seafire-gourmet|classic-habanero,seafire-gourmet,Seafire Gourmet,classic-habanero,Classic Habanero Hot Sauce,,,,,unknown,https://crafthotsauce.com/products/classic-habanero-hot-sauce,9.00,USD,https://crafthotsauce.com/products/classic-habanero-hot-sauce,False,crafthotsauce.com,2026-09-19T13:52:25.427841Z,2026-09-19T14:01:06.545048Z,sauce-names-1,sauce-match-1,rule:sauce-structured-1,shopify,1,2_longtail,,True,1,sauce:yellowbird|classic-habanero,single_source:shopify,0,,,v1
sauce:seafire-gourmet|ghost,seafire-gourmet,Seafire Gourmet,ghost,Ghost,,,,,unknown,https://crafthotsauce.com/products/ghost,11.50,USD,https://crafthotsauce.com/products/ghost,False,crafthotsauce.com,2026-09-19T13:52:25.427841Z,2026-09-19T14:01:06.545048Z,sauce-names-1,sauce-match-1,rule:sauce-structured-1,shopify,1,2_longtail,,True,3,sauce:freaky-ferments-food-beverage|ghost|sauce:hotter-than-el|ghost|sauce:|ghost,single_source:shopify,0,,,v1
sauce:seafire-gourmet|reaper,seafire-gourmet,Seafire Gourmet,reaper,Reaper Hot Sauce,,,,,unknown,https://crafthotsauce.com/products/reaper-hot-sauce,12.00,USD,https://crafthotsauce.com/products/reaper-hot-sauce,False,crafthotsauce.com,2026-09-19T13:52:25.427841Z,2026-09-19T14:01:06.545048Z,sauce-names-1,sauce-match-1,rule:sauce-structured-1,shopify,1,2_longtail,,True,1,sauce:puckerbutt-pepper|reaper,single_source:shopify,0,,,v1
sauce:seafire-gourmet|scorpion,seafire-gourmet,Seafire Gourmet,scorpion,Scorpion,,,,,unknown,https://crafthotsauce.com/products/scorpion,11.50,USD,https://crafthotsauce.com/products/scorpion,False,crafthotsauce.com,2026-09-19T13:52:25.427841Z,2026-09-19T14:01:06.545048Z,sauce-names-1,sauce-match-1,rule:sauce-structured-1,shopify,1,2_longtail,,True,2,sauce:tabasco|extra-hot-scorpion|sauce:|scorpion,single_source:shopify,0,,,v1
sauce:seafire-gourmet|la-diosa-verde,seafire-gourmet,Seafire Gourmet,la-diosa-verde,La Diosa Verde,,,,,unknown,https://crafthotsauce.com/products/seafire-la-diosa-verde,9.00,USD,https://crafthotsauce.com/products/seafire-la-diosa-verde,False,crafthotsauce.com,2026-09-19T13:52:25.427841Z,2026-09-19T14:01:06.545048Z,sauce-names-1,sauce-match-1,rule:sauce-structured-1,shopify,1,2_longtail,,False,0,,single_source:shopify,0,,,v1
sauce:seafire-gourmet|sweet-pumpkin-chili,seafire-gourmet,Seafire Gourmet,sweet-pumpkin-chili,Sweet Pumpkin Chili Sauce,,,,,unknown,https://crafthotsauce.com/products/sweet-pumpkin,8.00,USD,https://crafthotsauce.com/products/sweet-pumpkin,False,crafthotsauce.com,2026-09-19T13:52:25.427841Z,2026-09-19T14:01:06.545048Z,sauce-names-1,sauce-match-1,rule:sauce-structured-1,shopify,1,2_longtail,,False,0,,single_source:shopify,0,,,v1
sauce:secret-aardvark|aardvark-reaper-smoked,secret-aardvark,Secret Aardvark,aardvark-reaper-smoked,Aardvark Reaper Smoked Hot Sauce,,,,,unknown,https://puckerbuttpeppercompany.com/products/secret-aardvark-aardvark-reaper-smoked-hot-sauce,7.00,USD,https://puckerbuttpeppercompany.com/products/secret-aardvark-aardvark-reaper-smoked-hot-sauce,False,puckerbuttpeppercompany.com,2026-09-19T11:09:45.470554Z,2026-09-19T14:01:06.545048Z,sauce-names-1,sauce-match-1,rule:sauce-structured-1,shopify,1,2_longtail,,True,1,sauce:|aardvark-reaper-smoked,single_source:shopify,0,,,v1
sauce:secret-aardvark|red-scorpion-fiery,secret-aardvark,Secret Aardvark,red-scorpion-fiery,Red Scorpion Fiery Hot Sauce,,,,,unknown,https://puckerbuttpeppercompany.com/products/secret-aardvark-red-scorpion-fiery-hot-sauce,7.00,USD,https://puckerbuttpeppercompany.com/products/secret-aardvark-red-scorpion-fiery-hot-sauce,False,puckerbuttpeppercompany.com,2026-09-19T11:09:45.470554Z,2026-09-19T14:01:06.545048Z,sauce-names-1,sauce-match-1,rule:sauce-structured-1,shopify,1,2_longtail,,True,1,sauce:|red-scorpion-fiery,single_source:shopify,0,,,v1
sauce:secret-aardvark|serrabanero-green,secret-aardvark,Secret Aardvark,serrabanero-green,Serrabanero Green Hot Sauce,,,,,unknown,https://puckerbuttpeppercompany.com/products/secret-aardvark-serrabanero-green-hot-sauce,7.00,USD,https://puckerbuttpeppercompany.com/products/secret-aardvark-serrabanero-green-hot-sauce,False,puckerbuttpeppercompany.com,2026-09-19T11:09:45.470554Z,2026-09-19T14:01:06.545048Z,sauce-names-1,sauce-match-1,rule:sauce-structured-1,shopify,1,2_longtail,,True,1,sauce:|serrabanero-green,single_source:shopify,0,,,v1
sauce:secret-handshake|bloody-mary,secret-handshake,Secret Handshake Food Co,bloody-mary,Bloody Mary Hot Sauce,,00850063226424,,,retail_listing,https://heatonist.com/products/bloody-mary-hot-sauce-secret-handshake-food-co,8.00,USD,https://heatonist.com/products/bloody-mary-hot-sauce-secret-handshake-food-co,True,heatonist.com,2026-09-19T11:09:45.470554Z,2026-09-19T14:01:06.545048Z,sauce-names-1,sauce-match-1,rule:sauce-structured-1,off|shopify,2,1_population|2_longtail,,False,0,,multi_source,0,,,v1
sauce:secret-handshake|everything-bagel,secret-handshake,Secret Handshake Food Co,everything-bagel,Everything Bagel Hot Sauce,,,,,retail_listing,https://heatonist.com/products/secret-handshake-food-co-everything-bagel-hot-sauce,5.00,USD,https://heatonist.com/products/secret-handshake-food-co-everything-bagel-hot-sauce,True,heatonist.com,2026-09-19T11:09:45.470554Z,2026-09-19T14:01:06.545048Z,sauce-names-1,sauce-match-1,rule:sauce-structured-1,shopify,1,2_longtail,,True,1,sauce:|everything-bagel,single_source:shopify,0,,,v1
sauce:secret-handshake|everything-bagel-hot-sauce-2-pack,secret-handshake,Secret Handshake Food Co,everything-bagel-hot-sauce-2-pack,Everything Bagel Hot Sauce 2-Pack,,,,,retail_listing,https://heatonist.com/products/secret-handshake-food-co-everything-bagel-hot-sauce-2-pack,10.00,USD,https://heatonist.com/products/secret-handshake-food-co-everything-bagel-hot-sauce-2-pack,True,heatonist.com,2026-09-19T11:09:45.470554Z,2026-09-19T14:01:06.545048Z,sauce-names-1,sauce-match-1,rule:sauce-structured-1,shopify,1,2_longtail,,False,0,,single_source:shopify,0,,,v1
sauce:secret-handshake|everything-bagel-hot-sauce-secret-handshake-food-co-c,secret-handshake,Secret Handshake Food Co,everything-bagel-hot-sauce-secret-handshake-food-co-c,Everything Bagel Hot Sauce | Secret Handshake Food Co-C,,,,,retail_listing,https://heatonist.com/products/secret-handshake-food-co-everything-bagel-hot-sauce-c,12.00,USD,https://heatonist.com/products/secret-handshake-food-co-everything-bagel-hot-sauce-c,True,heatonist.com,2026-09-19T11:09:45.470554Z,2026-09-19T14:01:06.545048Z,sauce-names-1,sauce-match-1,rule:sauce-structured-1,shopify,1,2_longtail,,False,0,,single_source:shopify,0,,,v1
sauce:secret-handshake|secret-handshake-hot-sauce-duo-pack,secret-handshake,Secret Handshake Food Co,secret-handshake-hot-sauce-duo-pack,Secret Handshake Hot Sauce Duo Pack,,,,,retail_listing,https://heatonist.com/products/secret-handshake-hot-sauce-duo-pack,20.00,USD,https://heatonist.com/products/secret-handshake-hot-sauce-duo-pack,True,heatonist.com,2026-09-19T11:09:45.470554Z,2026-09-19T14:01:06.545048Z,sauce-names-1,sauce-match-1,rule:sauce-structured-1,shopify,1,2_longtail,,False,0,,single_source:shopify,0,,,v1
sauce:senor-lechuga|0-006-senor-lechuga,senor-lechuga,Señor Lechuga,0-006-senor-lechuga,0.006 | Senor Lechuga,,,,,retail_listing,https://heatonist.com/products/0-006-senor-lechuga,12.00,USD,https://heatonist.com/products/0-006-senor-lechuga,True,heatonist.com,2026-09-19T11:09:45.470554Z,2026-09-19T14:01:06.545048Z,sauce-names-1,sauce-match-1,rule:sauce-structured-1,shopify,1,2_longtail,,False,0,,single_source:shopify,0,,,v1
sauce:shaquanda-will-feed-you|shaquanda-s-oooohmami,shaquanda-will-feed-you,Shaquanda Will Feed You,shaquanda-s-oooohmami,Shaquanda's Oooohmami Sauce,,,,,retail_listing,https://heathotsauce.com/products/shaquandas-oooohmami-sauce,11.99,USD,https://heathotsauce.com/products/shaquandas-oooohmami-sauce,True,heathotsauce.com,2026-09-19T13:52:25.427841Z,2026-09-19T14:01:06.545048Z,sauce-names-1,sauce-match-1,rule:sauce-structured-1,shopify,1,2_longtail,,False,0,,single_source:shopify,0,,,v1
sauce:shaquanda-s|hot-tropic-shaquanda-s-c,shaquanda-s,Shaquanda's,hot-tropic-shaquanda-s-c,Hot Tropic | Shaquanda's -C,,,,,retail_listing,https://heatonist.com/products/hot-tropic-shaquandas-c,7.15,USD,https://heatonist.com/products/hot-tropic-shaquandas-c,True,heatonist.com,2026-09-19T11:09:45.470554Z,2026-09-19T14:01:06.545048Z,sauce-names-1,sauce-match-1,rule:sauce-structured-1,shopify,1,2_longtail,,False,0,,single_source:shopify,0,,,v1
sauce:shaquanda-s|hot-tropic,shaquanda-s,Shaquanda's,hot-tropic,Hot Tropic Hot Sauce,,,,,retail_listing,https://heatonist.com/products/shaquandas-hot-tropic-hot-sauce,12.00,USD,https://heatonist.com/products/shaquandas-hot-tropic-hot-sauce,True,heatonist.com,2026-09-19T11:09:45.470554Z,2026-09-19T14:01:06.545048Z,sauce-names-1,sauce-match-1,rule:sauce-structured-1,shopify,1,2_longtail,,False,0,,single_source:shopify,0,,,v1
sauce:shaquanda-s|sorrel-shaquanda-s,shaquanda-s,Shaquanda's,sorrel-shaquanda-s,Sorrel | Shaquanda's Hot Sauce,,,,,retail_listing,https://heatonist.com/products/sorrel-shaquandas-hot-sauce,12.00,USD,https://heatonist.com/products/sorrel-shaquandas-hot-sauce,True,heatonist.com,2026-09-19T11:09:45.470554Z,2026-09-19T14:01:06.545048Z,sauce-names-1,sauce-match-1,rule:sauce-structured-1,shopify,1,2_longtail,,False,0,,single_source:shopify,0,,,v1
sauce:shuug|amba,shuug,Shuug,amba,Amba Hot Sauce,,,,,retail_listing,https://heathotsauce.com/products/shuug-amba-hot-sauce,11.99,USD,https://heathotsauce.com/products/shuug-amba-hot-sauce,True,heathotsauce.com,2026-09-19T13:52:25.427841Z,2026-09-19T14:01:06.545048Z,sauce-names-1,sauce-match-1,rule:sauce-structured-1,shopify,1,2_longtail,,False,0,,single_source:shopify,0,,,v1
sauce:shuug|harissa,shuug,Shuug,harissa,Harissa Hot Sauce,,,,,retail_listing,https://heathotsauce.com/products/shuug-original-harissa-hot-sauce,11.99,USD,https://heathotsauce.com/products/shuug-original-harissa-hot-sauce,True,heathotsauce.com,2026-09-19T13:52:25.427841Z,2026-09-19T14:01:06.545048Z,sauce-names-1,sauce-match-1,rule:sauce-structured-1,shopify,1,2_longtail,,True,10,sauce:cava|harissa|sauce:culinary-tours|harissa|sauce:edora|harissa|sauce:mustapha-s-mediterranean|harissa|sauce:pur|harissa,single_source:shopify,0,,,v1
sauce:shuug|zhoug,shuug,Shuug,zhoug,Zhoug Hot Sauce,,,,,retail_listing,https://heathotsauce.com/products/zhoug-hot-sauce,11.99,USD,https://heathotsauce.com/products/zhoug-hot-sauce,True,heathotsauce.com,2026-09-19T13:52:25.427841Z,2026-09-19T14:01:06.545048Z,sauce-names-1,sauce-match-1,rule:sauce-structured-1,shopify,1,2_longtail,,False,0,,single_source:shopify,0,,,v1
sauce:silly-chilly|fresh-mango-sweet-peppers,silly-chilly,Silly Chilly Hot Sauce,fresh-mango-sweet-peppers,Fresh Mango & Sweet Peppers,,,,,unknown,https://crafthotsauce.com/products/fresh-mango-sweet-peppers,8.00,USD,https://crafthotsauce.com/products/fresh-mango-sweet-peppers,False,crafthotsauce.com,2026-09-19T13:52:25.427841Z,2026-09-19T14:01:06.545048Z,sauce-names-1,sauce-match-1,rule:sauce-structured-1,shopify,1,2_longtail,,False,0,,single_source:shopify,0,,,v1
sauce:silly-chilly|habanero,silly-chilly,Silly Chilly Hot Sauce,habanero,Habanero,,,,,unknown,https://crafthotsauce.com/products/habanero,8.00,USD,https://crafthotsauce.com/products/habanero,False,crafthotsauce.com,2026-09-19T13:52:25.427841Z,2026-09-19T14:01:06.545048Z,sauce-names-1,sauce-match-1,rule:sauce-structured-1,shopify,1,2_longtail,,True,22,sauce:barnacle|habanero|sauce:cabana|habanero|sauce:cien-chiles|habanero|sauce:corn-chiles|habanero|sauce:herdez|habanero,single_source:shopify,0,,,v1
sauce:silly-chilly|serrano-chipotle,silly-chilly,Silly Chilly Hot Sauce,serrano-chipotle,Serrano & Chipotle,,,,,unknown,https://crafthotsauce.com/products/serrano-chipotle,8.00,USD,https://crafthotsauce.com/products/serrano-chipotle,False,crafthotsauce.com,2026-09-19T13:52:25.427841Z,2026-09-19T14:01:06.545048Z,sauce-names-1,sauce-match-1,rule:sauce-structured-1,shopify,1,2_longtail,,False,0,,single_source:shopify,0,,,v1
sauce:sinai-gourmet|8-dragon,sinai-gourmet,Sinai Gourmet,8-dragon,8 Dragon,,,,,retail_listing,https://heatonist.com/products/8-dragon-sinai-gourmet,14.00,USD,https://heatonist.com/products/8-dragon-sinai-gourmet,True,heatonist.com,2026-09-19T11:09:45.470554Z,2026-09-19T14:01:06.545048Z,sauce-names-1,sauce-match-1,rule:sauce-structured-1,shopify,1,2_longtail,,False,0,,single_source:shopify,0,,,v1
sauce:small-axe-peppers|habanero-mango,small-axe-peppers,Small Axe Peppers,habanero-mango,Habanero Mango,,,,,unknown,https://crafthotsauce.com/products/habanero-mango-1,8.00,USD,https://crafthotsauce.com/products/habanero-mango-1,False,crafthotsauce.com,2026-09-19T13:52:25.427841Z,2026-09-19T14:01:06.545048Z,sauce-names-1,sauce-match-1,rule:sauce-structured-1,shopify,1,2_longtail,,True,1,sauce:|habanero-mango,single_source:shopify,0,,,v1
sauce:small-axe-peppers|queens-7,small-axe-peppers,Small Axe Peppers,queens-7,Queens 7,,,,,unknown,https://crafthotsauce.com/products/queens-7,8.00,USD,https://crafthotsauce.com/products/queens-7,False,crafthotsauce.com,2026-09-19T13:52:25.427841Z,2026-09-19T14:01:06.545048Z,sauce-names-1,sauce-match-1,rule:sauce-structured-1,shopify,1,2_longtail,,False,0,,single_source:shopify,0,,,v1
sauce:small-axe-peppers|bronx,small-axe-peppers,Small Axe Peppers,bronx,The Bronx Hot Sauce,,,,,unknown,https://crafthotsauce.com/products/the-bronx-hot-sauce,8.00,USD,https://crafthotsauce.com/products/the-bronx-hot-sauce,False,crafthotsauce.com,2026-09-19T13:52:25.427841Z,2026-09-19T14:01:06.545048Z,sauce-names-1,sauce-match-1,rule:sauce-structured-1,shopify,1,2_longtail,,False,0,,single_source:shopify,0,,,v1
sauce:smokin-dragon|smoked-habanero-peach-smokin-dragon-c,smokin-dragon,Smokin Dragon,smoked-habanero-peach-smokin-dragon-c,Smoked Habanero & Peach | Smokin' Dragon -C,,,,,unknown,https://heatonist.com/products/smoked-habanero-peach-smokin-dragon-c,8.00,USD,https://heatonist.com/products/smoked-habanero-peach-smokin-dragon-c,False,heatonist.com,2026-09-19T11:09:45.470554Z,2026-09-19T14:01:06.545048Z,sauce-names-1,sauce-match-1,rule:sauce-structured-1,shopify,1,2_longtail,,False,0,,single_source:shopify,0,,,v1
sauce:smokin-ed-s|moroccan-hot,smokin-ed-s,Smokin' Ed's,moroccan-hot,Moroccan - Hot,,,,,unknown,https://puckerbuttpeppercompany.com/products/copy-of-smokin-eds-moroccan-hot-sauce-hot,6.00,USD,https://puckerbuttpeppercompany.com/products/copy-of-smokin-eds-moroccan-hot-sauce-hot,False,puckerbuttpeppercompany.com,2026-09-19T11:09:45.470554Z,2026-09-19T14:01:06.545048Z,sauce-names-1,sauce-match-1,rule:sauce-structured-1,shopify,1,2_longtail,,False,0,,single_source:shopify,0,,,v1
sauce:smokin-ed-s|tamarind-hot,smokin-ed-s,Smokin' Ed's,tamarind-hot,Tamarind - Hot,,,,,retail_listing,https://puckerbuttpeppercompany.com/products/copy-of-smokin-eds-tamarind-hot-sauce-hot,6.00,USD,https://puckerbuttpeppercompany.com/products/copy-of-smokin-eds-tamarind-hot-sauce-hot,True,puckerbuttpeppercompany.com,2026-09-19T11:09:45.470554Z,2026-09-19T14:01:06.545048Z,sauce-names-1,sauce-match-1,rule:sauce-structured-1,shopify,1,2_longtail,,False,0,,single_source:shopify,0,,,v1
sauce:smokin-ed-s|harissa-hot,smokin-ed-s,Smokin' Ed's,harissa-hot,Harissa - Hot,,,,,retail_listing,https://puckerbuttpeppercompany.com/products/harissa-x,7.50,USD,https://puckerbuttpeppercompany.com/products/harissa-x,True,puckerbuttpeppercompany.com,2026-09-19T11:09:45.470554Z,2026-09-19T14:01:06.545048Z,sauce-names-1,sauce-match-1,rule:sauce-structured-1,shopify,1,2_longtail,,False,0,,single_source:shopify,0,,,v1
sauce:smokin-ed-s|aprichot-sauce-hot,smokin-ed-s,Smokin' Ed's,aprichot-sauce-hot,Aprichot Sauce- Hot,,,,,retail_listing,https://puckerbuttpeppercompany.com/products/smokin-eds-aprichot-sauce-hot,7.50,USD,https://puckerbuttpeppercompany.com/products/smokin-eds-aprichot-sauce-hot,True,puckerbuttpeppercompany.com,2026-09-19T11:09:45.470554Z,2026-09-19T14:01:06.545048Z,sauce-names-1,sauce-match-1,rule:sauce-structured-1,shopify,1,2_longtail,,False,0,,single_source:shopify,0,,,v1
sauce:smokin-ed-s|aprichot-sauce-mild,smokin-ed-s,Smokin' Ed's,aprichot-sauce-mild,Aprichot Sauce- Mild,,,,,retail_listing,https://puckerbuttpeppercompany.com/products/smokin-eds-aprichot-sauce-mild,4.50,USD,https://puckerbuttpeppercompany.com/products/smokin-eds-aprichot-sauce-mild,True,puckerbuttpeppercompany.com,2026-09-19T11:09:45.470554Z,2026-09-19T14:01:06.545048Z,sauce-names-1,sauce-match-1,rule:sauce-structured-1,shopify,1,2_longtail,,False,0,,single_source:shopify,0,,,v1
sauce:smokin-ed-s|smokin-ed-s-aprichot-sauce-pepper-x,smokin-ed-s,Smokin' Ed's,smokin-ed-s-aprichot-sauce-pepper-x,Smokin Ed's ApricHot Sauce - Pepper X,,,,,retail_listing,https://puckerbuttpeppercompany.com/products/smokin-eds-aprichot-sauce-pepper-x,9.00,USD,https://puckerbuttpeppercompany.com/products/smokin-eds-aprichot-sauce-pepper-x,True,puckerbuttpeppercompany.com,2026-09-19T11:09:45.470554Z,2026-09-19T14:01:06.545048Z,sauce-names-1,sauce-match-1,rule:sauce-structured-1,shopify,1,2_longtail,,False,0,,single_source:shopify,0,,,v1
sauce:smokin-ed-s|brazilian-berry-mild,smokin-ed-s,Smokin' Ed's,brazilian-berry-mild,Brazilian Berry - Mild,,,,,retail_listing,https://puckerbuttpeppercompany.com/products/smokin-eds-brazilian-berry-mild,4.50,USD,https://puckerbuttpeppercompany.com/products/smokin-eds-brazilian-berry-mild,True,puckerbuttpeppercompany.com,2026-09-19T11:09:45.470554Z,2026-09-19T14:01:06.545048Z,sauce-names-1,sauce-match-1,rule:sauce-structured-1,shopify,1,2_longtail,,False,0,,single_source:shopify,0,,,v1
sauce:smokin-ed-s|brazilian-berry-hot,smokin-ed-s,Smokin' Ed's,brazilian-berry-hot,Brazilian Berry - Hot,,,,,retail_listing,https://puckerbuttpeppercompany.com/products/smokin-eds-brazilian-berry-pepper-x,6.75,USD,https://puckerbuttpeppercompany.com/products/smokin-eds-brazilian-berry-pepper-x,True,puckerbuttpeppercompany.com,2026-09-19T11:09:45.470554Z,2026-09-19T14:01:06.545048Z,sauce-names-1,sauce-match-1,rule:sauce-structured-1,shopify,1,2_longtail,,False,0,,single_source:shopify,0,,,v1
sauce:smokin-ed-s|british-brown-mild,smokin-ed-s,Smokin' Ed's,british-brown-mild,British Brown - Mild,,,,,retail_listing,https://puckerbuttpeppercompany.com/products/smokin-eds-british-brown-mild,4.50,USD,https://puckerbuttpeppercompany.com/products/smokin-eds-british-brown-mild,True,puckerbuttpeppercompany.com,2026-09-19T11:09:45.470554Z,2026-09-19T14:01:06.545048Z,sauce-names-1,sauce-match-1,rule:sauce-structured-1,shopify,1,2_longtail,,False,0,,single_source:shopify,0,,,v1
sauce:smokin-ed-s|british-brown-medium,smokin-ed-s,Smokin' Ed's,british-brown-medium,British Brown - Medium,,,,,retail_listing,https://puckerbuttpeppercompany.com/products/smokin-eds-british-brown-pepper-x-edition,6.00,USD,https://puckerbuttpeppercompany.com/products/smokin-eds-british-brown-pepper-x-edition,True,puckerbuttpeppercompany.com,2026-09-19T11:09:45.470554Z,2026-09-19T14:01:06.545048Z,sauce-names-1,sauce-match-1,rule:sauce-structured-1,shopify,1,2_longtail,,False,0,,single_source:shopify,0,,,v1
sauce:smokin-ed-s|carne-asada-pepper-x,smokin-ed-s,Smokin' Ed's,carne-asada-pepper-x,Carne Asada - Pepper X,,,,,retail_listing,https://puckerbuttpeppercompany.com/products/smokin-eds-carne-asada-hot-copy,7.20,USD,https://puckerbuttpeppercompany.com/products/smokin-eds-carne-asada-hot-copy,True,puckerbuttpeppercompany.com,2026-09-19T11:09:45.470554Z,2026-09-19T14:01:06.545048Z,sauce-names-1,sauce-match-1,rule:sauce-structured-1,shopify,1,2_longtail,,False,0,,single_source:shopify,0,,,v1
sauce:smokin-ed-s|carne-asada-hot,smokin-ed-s,Smokin' Ed's,carne-asada-hot,Carne Asada - Hot,,,,,retail_listing,https://puckerbuttpeppercompany.com/products/smokin-eds-carne-asada-pepper-x-edition,9.00,USD,https://puckerbuttpeppercompany.com/products/smokin-eds-carne-asada-pepper-x-edition,True,puckerbuttpeppercompany.com,2026-09-19T11:09:45.470554Z,2026-09-19T14:01:06.545048Z,sauce-names-1,sauce-match-1,rule:sauce-structured-1,shopify,1,2_longtail,,False,0,,single_source:shopify,0,,,v1
sauce:smokin-ed-s|currie-churri-pepper-x-edition,smokin-ed-s,Smokin' Ed's,currie-churri-pepper-x-edition,Currie Churri - Pepper X Edition,,,,,retail_listing,https://puckerbuttpeppercompany.com/products/smokin-eds-currie-churri-pepper-x-edition,6.00,USD,https://puckerbuttpeppercompany.com/products/smokin-eds-currie-churri-pepper-x-edition,True,puckerbuttpeppercompany.com,2026-09-19T11:09:45.470554Z,2026-09-19T14:01:06.545048Z,sauce-names-1,sauce-match-1,rule:sauce-structured-1,shopify,1,2_longtail,,False,0,,single_source:shopify,0,,,v1
sauce:smokin-ed-s|harissa-mild,smokin-ed-s,Smokin' Ed's,harissa-mild,Harissa - Mild,,,,,retail_listing,https://puckerbuttpeppercompany.com/products/smokin-eds-harissa-mild,4.50,USD,https://puckerbuttpeppercompany.com/products/smokin-eds-harissa-mild,True,puckerbuttpeppercompany.com,2026-09-19T11:09:45.470554Z,2026-09-19T14:01:06.545048Z,sauce-names-1,sauce-match-1,rule:sauce-structured-1,shopify,1,2_longtail,,False,0,,single_source:shopify,0,,,v1
sauce:smokin-ed-s|hoisin-hot,smokin-ed-s,Smokin' Ed's,hoisin-hot,Hoisin - Hot,,,,,retail_listing,https://puckerbuttpeppercompany.com/products/smokin-eds-hoisin-hot-sauce-hot,6.00,USD,https://puckerbuttpeppercompany.com/products/smokin-eds-hoisin-hot-sauce-hot,True,puckerbuttpeppercompany.com,2026-09-19T11:09:45.470554Z,2026-09-19T14:01:06.545048Z,sauce-names-1,sauce-match-1,rule:sauce-structured-1,shopify,1,2_longtail,,False,0,,single_source:shopify,0,,,v1
sauce:smokin-ed-s|hoisin-mild,smokin-ed-s,Smokin' Ed's,hoisin-mild,Hoisin - Mild,,,,,unknown,https://puckerbuttpeppercompany.com/products/smokin-eds-hoisin-hot-sauce-mild,4.50,USD,https://puckerbuttpeppercompany.com/products/smokin-eds-hoisin-hot-sauce-mild,False,puckerbuttpeppercompany.com,2026-09-19T11:09:45.470554Z,2026-09-19T14:01:06.545048Z,sauce-names-1,sauce-match-1,rule:sauce-structured-1,shopify,1,2_longtail,,False,0,,single_source:shopify,0,,,v1
sauce:smokin-ed-s|irish-medium,smokin-ed-s,Smokin' Ed's,irish-medium,Irish - Medium,,,,,unknown,https://puckerbuttpeppercompany.com/products/smokin-eds-irish-pepper-x-edition,6.00,USD,https://puckerbuttpeppercompany.com/products/smokin-eds-irish-pepper-x-edition,False,puckerbuttpeppercompany.com,2026-09-19T11:09:45.470554Z,2026-09-19T14:01:06.545048Z,sauce-names-1,sauce-match-1,rule:sauce-structured-1,shopify,1,2_longtail,,False,0,,single_source:shopify,0,,,v1
sauce:smokin-ed-s|jerk-pepper-x-edition,smokin-ed-s,Smokin' Ed's,jerk-pepper-x-edition,Jerk - Pepper X Edition,,,,,retail_listing,https://puckerbuttpeppercompany.com/products/smokin-eds-jerk-sauce,7.50,USD,https://puckerbuttpeppercompany.com/products/smokin-eds-jerk-sauce,True,puckerbuttpeppercompany.com,2026-09-19T11:09:45.470554Z,2026-09-19T14:01:06.545048Z,sauce-names-1,sauce-match-1,rule:sauce-structured-1,shopify,1,2_longtail,,False,0,,single_source:shopify,0,,,v1
sauce:smokin-ed-s|tamarind-mild,smokin-ed-s,Smokin' Ed's,tamarind-mild,Tamarind - Mild,,,,,retail_listing,https://puckerbuttpeppercompany.com/products/smokin-eds-mild-tamarind-hot-sauce,4.50,USD,https://puckerbuttpeppercompany.com/products/smokin-eds-mild-tamarind-hot-sauce,True,puckerbuttpeppercompany.com,2026-09-19T11:09:45.470554Z,2026-09-19T14:01:06.545048Z,sauce-names-1,sauce-match-1,rule:sauce-structured-1,shopify,1,2_longtail,,False,0,,single_source:shopify,0,,,v1
sauce:smokin-ed-s|mild-tamarind-mint-mango,smokin-ed-s,Smokin' Ed's,mild-tamarind-mint-mango,Mild Tamarind Mint Mango Hot Sauce,,,,,unknown,https://puckerbuttpeppercompany.com/products/smokin-eds-mild-tamarind-mint-mango-hot-sauce,4.50,USD,https://puckerbuttpeppercompany.com/products/smokin-eds-mild-tamarind-mint-mango-hot-sauce,False,puckerbuttpeppercompany.com,2026-09-19T11:09:45.470554Z,2026-09-19T14:01:06.545048Z,sauce-names-1,sauce-match-1,rule:sauce-structured-1,shopify,1,2_longtail,,False,0,,single_source:shopify,0,,,v1
sauce:smokin-ed-s|moroccan-medium,smokin-ed-s,Smokin' Ed's,moroccan-medium,Moroccan - Medium,,,,,retail_listing,https://puckerbuttpeppercompany.com/products/smokin-eds-moroccan-hot-sauce-medium,6.00,USD,https://puckerbuttpeppercompany.com/products/smokin-eds-moroccan-hot-sauce-medium,True,puckerbuttpeppercompany.com,2026-09-19T11:09:45.470554Z,2026-09-19T14:01:06.545048Z,sauce-names-1,sauce-match-1,rule:sauce-structured-1,shopify,1,2_longtail,,False,0,,single_source:shopify,0,,,v1
sauce:smokin-ed-s|moroccan-mild,smokin-ed-s,Smokin' Ed's,moroccan-mild,Moroccan - Mild,,,,,unknown,https://puckerbuttpeppercompany.com/products/smokin-eds-moroccan-hot-sauce-mild-1,4.50,USD,https://puckerbuttpeppercompany.com/products/smokin-eds-moroccan-hot-sauce-mild-1,False,puckerbuttpeppercompany.com,2026-09-19T11:09:45.470554Z,2026-09-19T14:01:06.545048Z,sauce-names-1,sauce-match-1,rule:sauce-structured-1,shopify,1,2_longtail,,False,0,,single_source:shopify,0,,,v1
sauce:smokin-ed-s|wing-thing-pepper-x-edition,smokin-ed-s,Smokin' Ed's,wing-thing-pepper-x-edition,Wing Thing - Pepper X Edition,,,,,retail_listing,https://puckerbuttpeppercompany.com/products/smokin-eds-pepper-wing-thing,7.50,USD,https://puckerbuttpeppercompany.com/products/smokin-eds-pepper-wing-thing,True,puckerbuttpeppercompany.com,2026-09-19T11:09:45.470554Z,2026-09-19T14:01:06.545048Z,sauce-names-1,sauce-match-1,rule:sauce-structured-1,shopify,1,2_longtail,,False,0,,single_source:shopify,0,,,v1
sauce:smokin-ed-s|plum-mild,smokin-ed-s,Smokin' Ed's,plum-mild,Plum - Mild,,,,,retail_listing,https://puckerbuttpeppercompany.com/products/smokin-eds-plum-hot-sauce-mild-1,4.50,USD,https://puckerbuttpeppercompany.com/products/smokin-eds-plum-hot-sauce-mild-1,True,puckerbuttpeppercompany.com,2026-09-19T11:09:45.470554Z,2026-09-19T14:01:06.545048Z,sauce-names-1,sauce-match-1,rule:sauce-structured-1,shopify,1,2_longtail,,False,0,,single_source:shopify,0,,,v1
sauce:smokin-ed-s|sazon-pepper-x,smokin-ed-s,Smokin' Ed's,sazon-pepper-x,Sazon - Pepper X,,,,,unknown,https://puckerbuttpeppercompany.com/products/smokin-eds-sazon-hot-sauce-pepper-x,6.00,USD,https://puckerbuttpeppercompany.com/products/smokin-eds-sazon-hot-sauce-pepper-x,False,puckerbuttpeppercompany.com,2026-09-19T11:09:45.470554Z,2026-09-19T14:01:06.545048Z,sauce-names-1,sauce-match-1,rule:sauce-structured-1,shopify,1,2_longtail,,False,0,,single_source:shopify,0,,,v1
sauce:smokin-ed-s|shawarma-mild,smokin-ed-s,Smokin' Ed's,shawarma-mild,Shawarma - Mild,,,,,retail_listing,https://puckerbuttpeppercompany.com/products/smokin-eds-shawarma-hot-sauce,4.50,USD,https://puckerbuttpeppercompany.com/products/smokin-eds-shawarma-hot-sauce,True,puckerbuttpeppercompany.com,2026-09-19T11:09:45.470554Z,2026-09-19T14:01:06.545048Z,sauce-names-1,sauce-match-1,rule:sauce-structured-1,shopify,1,2_longtail,,False,0,,single_source:shopify,0,,,v1
sauce:smokin-ed-s|shawarma-hot,smokin-ed-s,Smokin' Ed's,shawarma-hot,Shawarma - Hot,,,,,retail_listing,https://puckerbuttpeppercompany.com/products/smokin-eds-shawarma-hot-sauce-hot,6.00,USD,https://puckerbuttpeppercompany.com/products/smokin-eds-shawarma-hot-sauce-hot,True,puckerbuttpeppercompany.com,2026-09-19T11:09:45.470554Z,2026-09-19T14:01:06.545048Z,sauce-names-1,sauce-match-1,rule:sauce-structured-1,shopify,1,2_longtail,,False,0,,single_source:shopify,0,,,v1
sauce:smokin-ed-s|slavic-plum-mild,smokin-ed-s,Smokin' Ed's,slavic-plum-mild,Slavic Plum - Mild,,,,,retail_listing,https://puckerbuttpeppercompany.com/products/smokin-eds-slavic-plum-hot-sauce-mild,4.50,USD,https://puckerbuttpeppercompany.com/products/smokin-eds-slavic-plum-hot-sauce-mild,True,puckerbuttpeppercompany.com,2026-09-19T11:09:45.470554Z,2026-09-19T14:01:06.545048Z,sauce-names-1,sauce-match-1,rule:sauce-structured-1,shopify,1,2_longtail,,False,0,,single_source:shopify,0,,,v1
sauce:smokin-ed-s|slavic-plum-pepper-x,smokin-ed-s,Smokin' Ed's,slavic-plum-pepper-x,Slavic Plum - Pepper X,,,,,retail_listing,https://puckerbuttpeppercompany.com/products/smokin-eds-slavic-plum-hot-sauce-pepper-x,7.50,USD,https://puckerbuttpeppercompany.com/products/smokin-eds-slavic-plum-hot-sauce-pepper-x,True,puckerbuttpeppercompany.com,2026-09-19T11:09:45.470554Z,2026-09-19T14:01:06.545048Z,sauce-names-1,sauce-match-1,rule:sauce-structured-1,shopify,1,2_longtail,,False,0,,single_source:shopify,0,,,v1
sauce:smokin-ed-s|soysabi-mild,smokin-ed-s,Smokin' Ed's,soysabi-mild,Soysabi - Mild,,,,,retail_listing,https://puckerbuttpeppercompany.com/products/smokin-eds-soysabi-hot-sauce-hot,6.00,USD,https://puckerbuttpeppercompany.com/products/smokin-eds-soysabi-hot-sauce-hot,True,puckerbuttpeppercompany.com,2026-09-19T11:09:45.470554Z,2026-09-19T14:01:06.545048Z,sauce-names-1,sauce-match-1,rule:sauce-structured-1,shopify,1,2_longtail,,False,0,,single_source:shopify,0,,,v1
sauce:smokin-ed-s|special-reserve,smokin-ed-s,Smokin' Ed's,special-reserve,Special Reserve,,,,,retail_listing,https://puckerbuttpeppercompany.com/products/smokin-eds-special-reserve,11.25,USD,https://puckerbuttpeppercompany.com/products/smokin-eds-special-reserve,True,puckerbuttpeppercompany.com,2026-09-19T11:09:45.470554Z,2026-09-19T14:01:06.545048Z,sauce-names-1,sauce-match-1,rule:sauce-structured-1,shopify,1,2_longtail,,False,0,,single_source:shopify,0,,,v1
sauce:smokin-ed-s|spicy-malt-vinegar-mild,smokin-ed-s,Smokin' Ed's,spicy-malt-vinegar-mild,Spicy Malt Vinegar - Mild,,,,,retail_listing,https://puckerbuttpeppercompany.com/products/smokin-eds-spicy-malt-vinegar,4.50,USD,https://puckerbuttpeppercompany.com/products/smokin-eds-spicy-malt-vinegar,True,puckerbuttpeppercompany.com,2026-09-19T11:09:45.470554Z,2026-09-19T14:01:06.545048Z,sauce-names-1,sauce-match-1,rule:sauce-structured-1,shopify,1,2_longtail,,False,0,,single_source:shopify,0,,,v1
sauce:smokin-ed-s|steak-pepper-x,smokin-ed-s,Smokin' Ed's,steak-pepper-x,Steak - Pepper X,,,,,retail_listing,https://puckerbuttpeppercompany.com/products/smokin-eds-steak-sauce-pepper-x,7.50,USD,https://puckerbuttpeppercompany.com/products/smokin-eds-steak-sauce-pepper-x,True,puckerbuttpeppercompany.com,2026-09-19T11:09:45.470554Z,2026-09-19T14:01:06.545048Z,sauce-names-1,sauce-match-1,rule:sauce-structured-1,shopify,1,2_longtail,,False,0,,single_source:shopify,0,,,v1
sauce:smokin-ed-s|table-mild,smokin-ed-s,Smokin' Ed's,table-mild,Table - Mild,,,,,retail_listing,https://puckerbuttpeppercompany.com/products/smokin-eds-table-sauce-mild,4.50,USD,https://puckerbuttpeppercompany.com/products/smokin-eds-table-sauce-mild,True,puckerbuttpeppercompany.com,2026-09-19T11:09:45.470554Z,2026-09-19T14:01:06.545048Z,sauce-names-1,sauce-match-1,rule:sauce-structured-1,shopify,1,2_longtail,,False,0,,single_source:shopify,0,,,v1
sauce:smokin-ed-s|table-pepper-x,smokin-ed-s,Smokin' Ed's,table-pepper-x,Table - Pepper X,,,,,retail_listing,https://puckerbuttpeppercompany.com/products/smokin-eds-table-sauce-pepper-x,7.50,USD,https://puckerbuttpeppercompany.com/products/smokin-eds-table-sauce-pepper-x,True,puckerbuttpeppercompany.com,2026-09-19T11:09:45.470554Z,2026-09-19T14:01:06.545048Z,sauce-names-1,sauce-match-1,rule:sauce-structured-1,shopify,1,2_longtail,,False,0,,single_source:shopify,0,,,v1
sauce:smokin-ed-s|taco-mild,smokin-ed-s,Smokin' Ed's,taco-mild,Taco - Mild,,,,,retail_listing,https://puckerbuttpeppercompany.com/products/smokin-eds-taco-sauce-mild,4.50,USD,https://puckerbuttpeppercompany.com/products/smokin-eds-taco-sauce-mild,True,puckerbuttpeppercompany.com,2026-09-19T11:09:45.470554Z,2026-09-19T14:01:06.545048Z,sauce-names-1,sauce-match-1,rule:sauce-structured-1,shopify,1,2_longtail,,False,0,,single_source:shopify,0,,,v1
sauce:smokin-ed-s|taco-pepper-x,smokin-ed-s,Smokin' Ed's,taco-pepper-x,Taco - Pepper X,,,,,retail_listing,https://puckerbuttpeppercompany.com/products/smokin-eds-taco-sauce-pepper-x,7.50,USD,https://puckerbuttpeppercompany.com/products/smokin-eds-taco-sauce-pepper-x,True,puckerbuttpeppercompany.com,2026-09-19T11:09:45.470554Z,2026-09-19T14:01:06.545048Z,sauce-names-1,sauce-match-1,rule:sauce-structured-1,shopify,1,2_longtail,,False,0,,single_source:shopify,0,,,v1
sauce:smokin-ed-s|tahini-mild,smokin-ed-s,Smokin' Ed's,tahini-mild,Tahini - Mild,,,,,unknown,https://puckerbuttpeppercompany.com/products/smokin-eds-tahini-hot-sauce-medium-heat,4.50,USD,https://puckerbuttpeppercompany.com/products/smokin-eds-tahini-hot-sauce-medium-heat,False,puckerbuttpeppercompany.com,2026-09-19T11:09:45.470554Z,2026-09-19T14:01:06.545048Z,sauce-names-1,sauce-match-1,rule:sauce-structured-1,shopify,1,2_longtail,,False,0,,single_source:shopify,0,,,v1
sauce:smokin-ed-s|tahini-medium,smokin-ed-s,Smokin' Ed's,tahini-medium,Tahini - Medium,,,,,retail_listing,https://puckerbuttpeppercompany.com/products/smokin-eds-tahini-hot-sauce-mild,6.00,USD,https://puckerbuttpeppercompany.com/products/smokin-eds-tahini-hot-sauce-mild,True,puckerbuttpeppercompany.com,2026-09-19T11:09:45.470554Z,2026-09-19T14:01:06.545048Z,sauce-names-1,sauce-match-1,rule:sauce-structured-1,shopify,1,2_longtail,,False,0,,single_source:shopify,0,,,v1
sauce:smokin-ed-s|thai-coconut-hot,smokin-ed-s,Smokin' Ed's,thai-coconut-hot,Thai Coconut - Hot,,,,,retail_listing,https://puckerbuttpeppercompany.com/products/smokin-eds-thai-coconut-hot-sauce-hot,6.00,USD,https://puckerbuttpeppercompany.com/products/smokin-eds-thai-coconut-hot-sauce-hot,True,puckerbuttpeppercompany.com,2026-09-19T11:09:45.470554Z,2026-09-19T14:01:06.545048Z,sauce-names-1,sauce-match-1,rule:sauce-structured-1,shopify,1,2_longtail,,False,0,,single_source:shopify,0,,,v1
sauce:smokin-ed-s|thai-coconut-mild,smokin-ed-s,Smokin' Ed's,thai-coconut-mild,Thai Coconut - Mild,,,,,retail_listing,https://puckerbuttpeppercompany.com/products/smokin-eds-thai-coconut-hot-sauce-mild,4.50,USD,https://puckerbuttpeppercompany.com/products/smokin-eds-thai-coconut-hot-sauce-mild,True,puckerbuttpeppercompany.com,2026-09-19T11:09:45.470554Z,2026-09-19T14:01:06.545048Z,sauce-names-1,sauce-match-1,rule:sauce-structured-1,shopify,1,2_longtail,,False,0,,single_source:shopify,0,,,v1
sauce:smokin-ed-s|unique-garlique-pepper-x-edition,smokin-ed-s,Smokin' Ed's,unique-garlique-pepper-x-edition,Unique Garlique Pepper X Edition,,,,,retail_listing,https://puckerbuttpeppercompany.com/products/smokin-eds-unique-garlique-copy,9.00,USD,https://puckerbuttpeppercompany.com/products/smokin-eds-unique-garlique-copy,True,puckerbuttpeppercompany.com,2026-09-19T11:09:45.470554Z,2026-09-19T14:01:06.545048Z,sauce-names-1,sauce-match-1,rule:sauce-structured-1,shopify,1,2_longtail,,False,0,,single_source:shopify,0,,,v1
sauce:smokin-ed-s|verde-mild,smokin-ed-s,Smokin' Ed's,verde-mild,Verde - Mild,,,,,retail_listing,https://puckerbuttpeppercompany.com/products/smokin-eds-verde-hot-sauce-medium,4.50,USD,https://puckerbuttpeppercompany.com/products/smokin-eds-verde-hot-sauce-medium,True,puckerbuttpeppercompany.com,2026-09-19T11:09:45.470554Z,2026-09-19T14:01:06.545048Z,sauce-names-1,sauce-match-1,rule:sauce-structured-1,shopify,1,2_longtail,,False,0,,single_source:shopify,0,,,v1
sauce:smokin-ed-s|verde-medium,smokin-ed-s,Smokin' Ed's,verde-medium,Verde - Medium,,,,,retail_listing,https://puckerbuttpeppercompany.com/products/smokin-eds-verde-hot-sauce-mild,6.00,USD,https://puckerbuttpeppercompany.com/products/smokin-eds-verde-hot-sauce-mild,True,puckerbuttpeppercompany.com,2026-09-19T11:09:45.470554Z,2026-09-19T14:01:06.545048Z,sauce-names-1,sauce-match-1,rule:sauce-structured-1,shopify,1,2_longtail,,False,0,,single_source:shopify,0,,,v1
sauce:smokin-ed-s|wing-thing-mild,smokin-ed-s,Smokin' Ed's,wing-thing-mild,Wing Thing - Mild,,,,,retail_listing,https://puckerbuttpeppercompany.com/products/smokin-eds-wing-thing-sauce-mild,4.50,USD,https://puckerbuttpeppercompany.com/products/smokin-eds-wing-thing-sauce-mild,True,puckerbuttpeppercompany.com,2026-09-19T11:09:45.470554Z,2026-09-19T14:01:06.545048Z,sauce-names-1,sauce-match-1,rule:sauce-structured-1,shopify,1,2_longtail,,False,0,,single_source:shopify,0,,,v1
sauce:smokin-ed-s|unique-garlique,smokin-ed-s,Smokin' Ed's,unique-garlique,Unique Garlique,,,,,retail_listing,https://puckerbuttpeppercompany.com/products/unique-garlique,9.00,USD,https://puckerbuttpeppercompany.com/products/unique-garlique,True,puckerbuttpeppercompany.com,2026-09-19T11:09:45.470554Z,2026-09-19T14:01:06.545048Z,sauce-names-1,sauce-match-1,rule:sauce-structured-1,shopify,1,2_longtail,,False,0,,single_source:shopify,0,,,v1
sauce:springs-fireplace|aji-mango,springs-fireplace,Springs Fireplace,aji-mango,Aji Mango,,,,,retail_listing,https://springsfireplace.com/products/aji-mango,14.00,USD,https://springsfireplace.com/products/aji-mango,True,springsfireplace.com,2026-09-19T11:09:45.470554Z,2026-09-19T14:01:06.545048Z,sauce-names-1,sauce-match-1,rule:sauce-structured-1,shopify,1,2_longtail,,False,0,,single_source:shopify,0,,,v1
sauce:springs-fireplace|aji-peach,springs-fireplace,Springs Fireplace,aji-peach,Aji Peach,,,,,retail_listing,https://springsfireplace.com/products/aji-peach,14.00,USD,https://springsfireplace.com/products/aji-peach,True,springsfireplace.com,2026-09-19T11:09:45.470554Z,2026-09-19T14:01:06.545048Z,sauce-names-1,sauce-match-1,rule:sauce-structured-1,shopify,1,2_longtail,,False,0,,single_source:shopify,0,,,v1
sauce:springs-fireplace|duo,springs-fireplace,Springs Fireplace,duo,The Duo,,,,,retail_listing,https://springsfireplace.com/products/the-duo,26.00,USD,https://springsfireplace.com/products/the-duo,True,springsfireplace.com,2026-09-19T11:09:45.470554Z,2026-09-19T14:01:06.545048Z,sauce-names-1,sauce-match-1,rule:sauce-structured-1,shopify,1,2_longtail,,False,0,,single_source:shopify,0,,,v1
sauce:springs-fireplace|tesuque,springs-fireplace,Springs fireplace,tesuque,Tesuque hot sauce,,00196852519231,,,retail_listing,http://world-en.openfoodfacts.org/product/0196852519231/tesuque-hot-sauce-springs-fireplace,14.00,USD,https://springsfireplace.com/products/tesuque,True,springsfireplace.com,2026-09-19T11:09:45.470554Z,2026-09-19T14:01:06.545048Z,sauce-names-1,sauce-match-1,rule:sauce-structured-1,off|shopify,2,1_population|2_longtail,,False,0,,multi_source,0,,,v1
sauce:stanky|garlic-datil,stanky,Stanky Sauce,garlic-datil,Garlic Datil Hot Sauce,,,,,retail_listing,https://heathotsauce.com/products/garlic-datil-hot-sauce,11.99,USD,https://heathotsauce.com/products/garlic-datil-hot-sauce,True,heathotsauce.com,2026-09-19T13:52:25.427841Z,2026-09-19T14:01:06.545048Z,sauce-names-1,sauce-match-1,rule:sauce-structured-1,shopify,1,2_longtail,,False,0,,single_source:shopify,0,,,v1
sauce:stanky|sweet-jalapeno-reaper,stanky,Stanky Sauce,sweet-jalapeno-reaper,Sweet Jalapeño Reaper Hot Sauce,,,,,retail_listing,https://heathotsauce.com/products/stanky-sauce-sweet-jalapeno-reaper,10.99,USD,https://heathotsauce.com/products/stanky-sauce-sweet-jalapeno-reaper,True,heathotsauce.com,2026-09-19T13:52:25.427841Z,2026-09-19T14:01:06.545048Z,sauce-names-1,sauce-match-1,rule:sauce-structured-1,shopify,1,2_longtail,,False,0,,single_source:shopify,0,,,v1
sauce:stanky|clasico,stanky,Stanky Sauce,clasico,The Clasico Hot Sauce,,,,,retail_listing,https://heathotsauce.com/products/stanky-sauce-the-clasico,9.99,USD,https://heathotsauce.com/products/stanky-sauce-the-clasico,True,heathotsauce.com,2026-09-19T13:52:25.427841Z,2026-09-19T14:01:06.545048Z,sauce-names-1,sauce-match-1,rule:sauce-structured-1,shopify,1,2_longtail,,False,0,,single_source:shopify,0,,,v1
sauce:stanky|agave-jalapeno,stanky,Stanky Sauce,agave-jalapeno,Agave Jalapeno Hot Sauce,,,,,unknown,https://puckerbuttpeppercompany.com/products/stanky-sauce-agave-jalapeno-hot-sauce,10.00,USD,https://puckerbuttpeppercompany.com/products/stanky-sauce-agave-jalapeno-hot-sauce,False,puckerbuttpeppercompany.com,2026-09-19T11:09:45.470554Z,2026-09-19T14:01:06.545048Z,sauce-names-1,sauce-match-1,rule:sauce-structured-1,shopify,1,2_longtail,,False,0,,single_source:shopify,0,,,v1
sauce:stanky|honey-habanero,stanky,Stanky Sauce,honey-habanero,Honey Habanero Hot Sauce,,,,,unknown,https://puckerbuttpeppercompany.com/products/stanky-sauce-honey-habanero-hot-sauce,10.00,USD,https://puckerbuttpeppercompany.com/products/stanky-sauce-honey-habanero-hot-sauce,False,puckerbuttpeppercompany.com,2026-09-19T11:09:45.470554Z,2026-09-19T14:01:06.545048Z,sauce-names-1,sauce-match-1,rule:sauce-structured-1,shopify,1,2_longtail,,False,0,,single_source:shopify,0,,,v1
sauce:still-there-shine|watermelon-scorpion,still-there-shine,Still There Shine Sauce,watermelon-scorpion,Watermelon Scorpion Hot Sauce,,,,,retail_listing,https://stillthereshinesauce.com/products/watermelon-scorpion-hot-sauce,10.00,USD,https://stillthereshinesauce.com/products/watermelon-scorpion-hot-sauce,True,stillthereshinesauce.com,2026-09-19T11:09:45.470554Z,2026-09-19T14:01:06.545048Z,sauce-names-1,sauce-match-1,rule:sauce-structured-1,shopify,1,2_longtail,,False,0,,single_source:shopify,0,,,v1
sauce:sweet-diamond|hey-now-habanero-mango,sweet-diamond,Sweet Diamond Foods,hey-now-habanero-mango,Hey Now! Habanero Mango Hot Sauce,,,,,retail_listing,https://sweetdiamondfoods.com/products/hey-now-habanero-mango-hot-sauce,8.95,USD,https://sweetdiamondfoods.com/products/hey-now-habanero-mango-hot-sauce,True,sweetdiamondfoods.com,2026-09-19T11:09:45.470554Z,2026-09-19T14:01:06.545048Z,sauce-names-1,sauce-match-1,rule:sauce-structured-1,shopify,1,2_longtail,,False,0,,single_source:shopify,0,,,v1
sauce:sweet-diamond|sweet-diamond-s-not-so,sweet-diamond,Sweet Diamond Foods,sweet-diamond-s-not-so,Sweet Diamond's Not-So Hot Sauce,,,,,retail_listing,https://sweetdiamondfoods.com/products/sweet-diamonds-not-so-hot-sauce,8.95,USD,https://sweetdiamondfoods.com/products/sweet-diamonds-not-so-hot-sauce,True,sweetdiamondfoods.com,2026-09-19T11:09:45.470554Z,2026-09-19T14:01:06.545048Z,sauce-names-1,sauce-match-1,rule:sauce-structured-1,shopify,1,2_longtail,,False,0,,single_source:shopify,0,,,v1
sauce:sweet-diamond|sweet-diamond-s-sriracha,sweet-diamond,Sweet Diamond Foods,sweet-diamond-s-sriracha,Sweet Diamond's Sriracha,,,,,retail_listing,https://sweetdiamondfoods.com/products/sweet-diamonds-sriracha,8.95,USD,https://sweetdiamondfoods.com/products/sweet-diamonds-sriracha,True,sweetdiamondfoods.com,2026-09-19T11:09:45.470554Z,2026-09-19T14:01:06.545048Z,sauce-names-1,sauce-match-1,rule:sauce-structured-1,shopify,1,2_longtail,,False,0,,single_source:shopify,0,,,v1
sauce:truff|buffalo,truff,TRUFF,buffalo,Buffalo Sauce,,00850047920447,,,retail_listing,http://world-en.openfoodfacts.org/product/0850047920447/buffalo-sauce-truff,17.98,USD,https://truff.com/products/truff-buffalo-sauce,False,truff.com,2026-09-19T11:09:45.470554Z,2026-09-19T14:01:06.545048Z,sauce-names-1,sauce-match-1,rule:sauce-structured-1,off|shopify,2,1_population|2_longtail,,True,23,sauce:amazon|buffalo|sauce:bdubs|buffalo|sauce:bitchin|buffalo|sauce:bob-evans|buffalo|sauce:chick-fil-a|buffalo,multi_source,0,,,v1
sauce:tahiti-joe-s-hot-sauces|alaskan-gassline-xxx,tahiti-joe-s-hot-sauces,Tahiti Joe's Hot Sauces,alaskan-gassline-xxx,Alaskan Gassline (XXX),,,,,retail_listing,https://tahitijoeshotsauces.com/products/alaskan-gassline-hot-xxx,10.00,USD,https://tahitijoeshotsauces.com/products/alaskan-gassline-hot-xxx,True,tahitijoeshotsauces.com,2026-09-19T11:09:45.470554Z,2026-09-19T14:01:06.545048Z,sauce-names-1,sauce-match-1,rule:sauce-structured-1,shopify,1,2_longtail,,False,0,,single_source:shopify,0,,,v1
sauce:tahiti-joe-s-hot-sauces|analize-this-xxx,tahiti-joe-s-hot-sauces,Tahiti Joe's Hot Sauces,analize-this-xxx,ANALize This (XXX),,,,,retail_listing,https://tahitijoeshotsauces.com/products/analize-this-hot-xxx,10.00,USD,https://tahitijoeshotsauces.com/products/analize-this-hot-xxx,True,tahitijoeshotsauces.com,2026-09-19T11:09:45.470554Z,2026-09-19T14:01:06.545048Z,sauce-names-1,sauce-match-1,rule:sauce-structured-1,shopify,1,2_longtail,,False,0,,single_source:shopify,0,,,v1
sauce:tahiti-joe-s-hot-sauces|anti-democratic-socialist-x,tahiti-joe-s-hot-sauces,Tahiti Joe's Hot Sauces,anti-democratic-socialist-x,Anti Democratic Socialist (X),,,,,retail_listing,https://tahitijoeshotsauces.com/products/anti-democratic-socialist,10.00,USD,https://tahitijoeshotsauces.com/products/anti-democratic-socialist,True,tahitijoeshotsauces.com,2026-09-19T11:09:45.470554Z,2026-09-19T14:01:06.545048Z,sauce-names-1,sauce-match-1,rule:sauce-structured-1,shopify,1,2_longtail,,False,0,,single_source:shopify,0,,,v1
sauce:tahiti-joe-s-hot-sauces|buck-u-michigan-x,tahiti-joe-s-hot-sauces,Tahiti Joe's Hot Sauces,buck-u-michigan-x,Buck U Michigan (X),,,,,retail_listing,https://tahitijoeshotsauces.com/products/buck-u-michigan,10.00,USD,https://tahitijoeshotsauces.com/products/buck-u-michigan,True,tahitijoeshotsauces.com,2026-09-19T11:09:45.470554Z,2026-09-19T14:01:06.545048Z,sauce-names-1,sauce-match-1,rule:sauce-structured-1,shopify,1,2_longtail,,False,0,,single_source:shopify,0,,,v1
sauce:tahiti-joe-s-hot-sauces|butt-plug-relief-x,tahiti-joe-s-hot-sauces,Tahiti Joe's Hot Sauces,butt-plug-relief-x,Butt Plug Relief (X),,,,,retail_listing,https://tahitijoeshotsauces.com/products/butt-plug-relief-hot-x,10.00,USD,https://tahitijoeshotsauces.com/products/butt-plug-relief-hot-x,True,tahitijoeshotsauces.com,2026-09-19T11:09:45.470554Z,2026-09-19T14:01:06.545048Z,sauce-names-1,sauce-match-1,rule:sauce-structured-1,shopify,1,2_longtail,,False,0,,single_source:shopify,0,,,v1
sauce:tahiti-joe-s-hot-sauces|camel-toe-x,tahiti-joe-s-hot-sauces,Tahiti Joe's Hot Sauces,camel-toe-x,Camel Toe (X),,,,,retail_listing,https://tahitijoeshotsauces.com/products/camel-toe,10.00,USD,https://tahitijoeshotsauces.com/products/camel-toe,True,tahitijoeshotsauces.com,2026-09-19T11:09:45.470554Z,2026-09-19T14:01:06.545048Z,sauce-names-1,sauce-match-1,rule:sauce-structured-1,shopify,1,2_longtail,,False,0,,single_source:shopify,0,,,v1
sauce:tahiti-joe-s-hot-sauces|chipolte-rasberry-x,tahiti-joe-s-hot-sauces,Tahiti Joe's Hot Sauces,chipolte-rasberry-x,Chipolte Rasberry (X),,,,,retail_listing,https://tahitijoeshotsauces.com/products/chipotle-raspberry-hot,10.00,USD,https://tahitijoeshotsauces.com/products/chipotle-raspberry-hot,True,tahitijoeshotsauces.com,2026-09-19T11:09:45.470554Z,2026-09-19T14:01:06.545048Z,sauce-names-1,sauce-match-1,rule:sauce-structured-1,shopify,1,2_longtail,,False,0,,single_source:shopify,0,,,v1
sauce:tahiti-joe-s-hot-sauces|in-the-heat-of-texas-xxx,tahiti-joe-s-hot-sauces,Tahiti Joe's Hot Sauces,in-the-heat-of-texas-xxx,In The Heat of Texas (XXX),,,,,retail_listing,https://tahitijoeshotsauces.com/products/in-the-heat-of-texas-hot-xxx,10.00,USD,https://tahitijoeshotsauces.com/products/in-the-heat-of-texas-hot-xxx,True,tahitijoeshotsauces.com,2026-09-19T11:09:45.470554Z,2026-09-19T14:01:06.545048Z,sauce-names-1,sauce-match-1,rule:sauce-structured-1,shopify,1,2_longtail,,False,0,,single_source:shopify,0,,,v1
sauce:tahiti-joe-s-hot-sauces|jensen-beach-x,tahiti-joe-s-hot-sauces,Tahiti Joe's Hot Sauces,jensen-beach-x,Jensen Beach (X),,,,,retail_listing,https://tahitijoeshotsauces.com/products/jensen-beach,10.00,USD,https://tahitijoeshotsauces.com/products/jensen-beach,True,tahitijoeshotsauces.com,2026-09-19T11:09:45.470554Z,2026-09-19T14:01:06.545048Z,sauce-names-1,sauce-match-1,rule:sauce-structured-1,shopify,1,2_longtail,,False,0,,single_source:shopify,0,,,v1
sauce:tahiti-joe-s-hot-sauces|jupiter-s-lighthouse-x,tahiti-joe-s-hot-sauces,Tahiti Joe's Hot Sauces,jupiter-s-lighthouse-x,Jupiter’s Lighthouse (X),,,,,retail_listing,https://tahitijoeshotsauces.com/products/jupiters-lighthouse,10.00,USD,https://tahitijoeshotsauces.com/products/jupiters-lighthouse,True,tahitijoeshotsauces.com,2026-09-19T11:09:45.470554Z,2026-09-19T14:01:06.545048Z,sauce-names-1,sauce-match-1,rule:sauce-structured-1,shopify,1,2_longtail,,False,0,,single_source:shopify,0,,,v1
sauce:tahiti-joe-s-hot-sauces|killer-garlic-xxx,tahiti-joe-s-hot-sauces,Tahiti Joe's Hot Sauces,killer-garlic-xxx,Killer Garlic (XXX),,,,,retail_listing,https://tahitijoeshotsauces.com/products/killer-garlic-hot-xxx,10.00,USD,https://tahitijoeshotsauces.com/products/killer-garlic-hot-xxx,True,tahitijoeshotsauces.com,2026-09-19T11:09:45.470554Z,2026-09-19T14:01:06.545048Z,sauce-names-1,sauce-match-1,rule:sauce-structured-1,shopify,1,2_longtail,,False,0,,single_source:shopify,0,,,v1
sauce:tahiti-joe-s-hot-sauces|lake-worth-beach-x,tahiti-joe-s-hot-sauces,Tahiti Joe's Hot Sauces,lake-worth-beach-x,Lake Worth Beach (X),,,,,retail_listing,https://tahitijoeshotsauces.com/products/lake-worth-beach,10.00,USD,https://tahitijoeshotsauces.com/products/lake-worth-beach,True,tahitijoeshotsauces.com,2026-09-19T11:09:45.470554Z,2026-09-19T14:01:06.545048Z,sauce-names-1,sauce-match-1,rule:sauce-structured-1,shopify,1,2_longtail,,False,0,,single_source:shopify,0,,,v1
sauce:tahiti-joe-s-hot-sauces|palm-beach-x,tahiti-joe-s-hot-sauces,Tahiti Joe's Hot Sauces,palm-beach-x,Palm Beach (X),,,,,retail_listing,https://tahitijoeshotsauces.com/products/palm-beach-hot,10.00,USD,https://tahitijoeshotsauces.com/products/palm-beach-hot,True,tahitijoeshotsauces.com,2026-09-19T11:09:45.470554Z,2026-09-19T14:01:06.545048Z,sauce-names-1,sauce-match-1,rule:sauce-structured-1,shopify,1,2_longtail,,False,0,,single_source:shopify,0,,,v1
sauce:tahiti-joe-s-hot-sauces|delray-s-beachin-x,tahiti-joe-s-hot-sauces,Tahiti Joe's Hot Sauces,delray-s-beachin-x,Delray’s Beachin’ (X),,,,,retail_listing,https://tahitijoeshotsauces.com/products/product-delrays-beachin,10.00,USD,https://tahitijoeshotsauces.com/products/product-delrays-beachin,True,tahitijoeshotsauces.com,2026-09-19T11:09:45.470554Z,2026-09-19T14:01:06.545048Z,sauce-names-1,sauce-match-1,rule:sauce-structured-1,shopify,1,2_longtail,,False,0,,single_source:shopify,0,,,v1
sauce:tahiti-joe-s-hot-sauces|strawberry-meltdown-with-mangoes-x,tahiti-joe-s-hot-sauces,Tahiti Joe's Hot Sauces,strawberry-meltdown-with-mangoes-x,Strawberry Meltdown with Mangoes (X),,,,,retail_listing,https://tahitijoeshotsauces.com/products/strawberry-meltdown-with-mangoes,10.00,USD,https://tahitijoeshotsauces.com/products/strawberry-meltdown-with-mangoes,True,tahitijoeshotsauces.com,2026-09-19T11:09:45.470554Z,2026-09-19T14:01:06.545048Z,sauce-names-1,sauce-match-1,rule:sauce-structured-1,shopify,1,2_longtail,,False,0,,single_source:shopify,0,,,v1
sauce:tahiti-joe-s-hot-sauces|tropi-garlic-x,tahiti-joe-s-hot-sauces,Tahiti Joe's Hot Sauces,tropi-garlic-x,Tropi Garlic (X),,,,,retail_listing,https://tahitijoeshotsauces.com/products/tropi-garlic-hot,10.00,USD,https://tahitijoeshotsauces.com/products/tropi-garlic-hot,True,tahitijoeshotsauces.com,2026-09-19T11:09:45.470554Z,2026-09-19T14:01:06.545048Z,sauce-names-1,sauce-match-1,rule:sauce-structured-1,shopify,1,2_longtail,,False,0,,single_source:shopify,0,,,v1
sauce:tahiti-joe-s-hot-sauces|trumped-up-for-america,tahiti-joe-s-hot-sauces,Tahiti Joe's Hot Sauces,trumped-up-for-america,Trumped up for America,,,,,retail_listing,https://tahitijoeshotsauces.com/products/trumped-up-for-america,10.00,USD,https://tahitijoeshotsauces.com/products/trumped-up-for-america,True,tahitijoeshotsauces.com,2026-09-19T11:09:45.470554Z,2026-09-19T14:01:06.545048Z,sauce-names-1,sauce-match-1,rule:sauce-structured-1,shopify,1,2_longtail,,False,0,,single_source:shopify,0,,,v1
sauce:tahiti-joe-s-hot-sauces|volcano-ahi-x,tahiti-joe-s-hot-sauces,Tahiti Joe's Hot Sauces,volcano-ahi-x,Volcano Ahi (X),,,,,retail_listing,https://tahitijoeshotsauces.com/products/volcano-ahi-hot-x,10.00,USD,https://tahitijoeshotsauces.com/products/volcano-ahi-hot-x,True,tahitijoeshotsauces.com,2026-09-19T11:09:45.470554Z,2026-09-19T14:01:06.545048Z,sauce-names-1,sauce-match-1,rule:sauce-structured-1,shopify,1,2_longtail,,False,0,,single_source:shopify,0,,,v1
sauce:taos-hum-make-it-stop|bourbon-barrel-aged-chimayo-style-red,taos-hum-make-it-stop,Taos Hum Make it Stop,bourbon-barrel-aged-chimayo-style-red,Bourbon Barrel Aged Chimayo Style Red Hot Sauce,,,,,retail_listing,https://taoshumhotsauce.com/products/bourbon-barrel-aged-chimayo-style-red-hot-sauce,9.99,USD,https://taoshumhotsauce.com/products/bourbon-barrel-aged-chimayo-style-red-hot-sauce,True,taoshumhotsauce.com,2026-09-19T11:09:45.470554Z,2026-09-19T14:01:06.545048Z,sauce-names-1,sauce-match-1,rule:sauce-structured-1,shopify,1,2_longtail,,False,0,,single_source:shopify,0,,,v1
sauce:taos-hum-make-it-stop|bourbon-barrel-aged-red-chile-hot-sauce-big-bottle,taos-hum-make-it-stop,Taos Hum Make it Stop,bourbon-barrel-aged-red-chile-hot-sauce-big-bottle,Bourbon Barrel Aged Red Chile Hot Sauce - Big Bottle!,,,,,retail_listing,https://taoshumhotsauce.com/products/bourbon-barrel-aged-red-chile-hot-sauce-big-bottle,12.34,USD,https://taoshumhotsauce.com/products/bourbon-barrel-aged-red-chile-hot-sauce-big-bottle,True,taoshumhotsauce.com,2026-09-19T11:09:45.470554Z,2026-09-19T14:01:06.545048Z,sauce-names-1,sauce-match-1,rule:sauce-structured-1,shopify,1,2_longtail,,False,0,,single_source:shopify,0,,,v1
sauce:taos-hum-make-it-stop|smokey-sriracha,taos-hum-make-it-stop,Taos Hum Make it Stop,smokey-sriracha,Smokey Sriracha!,,,,,retail_listing,https://taoshumhotsauce.com/products/smokey-sriracha,10.99,USD,https://taoshumhotsauce.com/products/smokey-sriracha,True,taoshumhotsauce.com,2026-09-19T11:09:45.470554Z,2026-09-19T14:01:06.545048Z,sauce-names-1,sauce-match-1,rule:sauce-structured-1,shopify,1,2_longtail,,False,0,,single_source:shopify,0,,,v1
sauce:taos-hum|caramelized-cayenne,taos-hum,Taos Hum,caramelized-cayenne,Caramelized Cayenne,,,,,retail_listing,https://taoshumhotsauce.com/products/caramelized-cayenne,11.99,USD,https://taoshumhotsauce.com/products/caramelized-cayenne,True,taoshumhotsauce.com,2026-09-19T11:09:45.470554Z,2026-09-19T14:01:06.545048Z,sauce-names-1,sauce-match-1,rule:sauce-structured-1,shopify,1,2_longtail,,False,0,,single_source:shopify,0,,,v1
sauce:taos-hum|fatalli-crop-looks-great-back-in-stock-soon,taos-hum,Taos Hum,fatalli-crop-looks-great-back-in-stock-soon,"Fatalli - Crop looks great, back in stock soon!",,,,,unknown,https://taoshumhotsauce.com/products/fatalli,11.99,USD,https://taoshumhotsauce.com/products/fatalli,False,taoshumhotsauce.com,2026-09-19T11:09:45.470554Z,2026-09-19T14:01:06.545048Z,sauce-names-1,sauce-match-1,rule:sauce-structured-1,shopify,1,2_longtail,,False,0,,single_source:shopify,0,,,v1
sauce:taos-hum|hot-oil,taos-hum,Taos Hum,hot-oil,Hot Oil,,,,,retail_listing,https://taoshumhotsauce.com/products/hot-oil,10.49,USD,https://taoshumhotsauce.com/products/hot-oil,True,taoshumhotsauce.com,2026-09-19T11:09:45.470554Z,2026-09-19T14:01:06.545048Z,sauce-names-1,sauce-match-1,rule:sauce-structured-1,shopify,1,2_longtail,,False,0,,single_source:shopify,0,,,v1
sauce:taos-hum|peach-habanero-new-peaches,taos-hum,Taos Hum,peach-habanero-new-peaches,Peach Habanero New Peaches!,,,,,retail_listing,https://taoshumhotsauce.com/products/peach-habanero,9.99,USD,https://taoshumhotsauce.com/products/peach-habanero,True,taoshumhotsauce.com,2026-09-19T11:09:45.470554Z,2026-09-19T14:01:06.545048Z,sauce-names-1,sauce-match-1,rule:sauce-structured-1,shopify,1,2_longtail,,False,0,,single_source:shopify,0,,,v1
sauce:taos-hum|peruvian-yellow-out-of-stock-until-summer-2026,taos-hum,Taos Hum,peruvian-yellow-out-of-stock-until-summer-2026,Peruvian Yellow out of stock until summer 2026,,,,,unknown,https://taoshumhotsauce.com/products/peruvian-ghost,9.99,USD,https://taoshumhotsauce.com/products/peruvian-ghost,False,taoshumhotsauce.com,2026-09-19T11:09:45.470554Z,2026-09-19T14:01:06.545048Z,sauce-names-1,sauce-match-1,rule:sauce-structured-1,shopify,1,2_longtail,,False,0,,single_source:shopify,0,,,v1
sauce:taos-hum|prickly-ghost,taos-hum,Taos Hum,prickly-ghost,Prickly Ghost,,,,,retail_listing,https://taoshumhotsauce.com/products/prickly-ghost,10.25,USD,https://taoshumhotsauce.com/products/prickly-ghost,True,taoshumhotsauce.com,2026-09-19T11:09:45.470554Z,2026-09-19T14:01:06.545048Z,sauce-names-1,sauce-match-1,rule:sauce-structured-1,shopify,1,2_longtail,,False,0,,single_source:shopify,0,,,v1
sauce:taos-hum|raw-green,taos-hum,Taos Hum,raw-green,Raw Green,,,,,retail_listing,https://taoshumhotsauce.com/products/raw-green,11.99,USD,https://taoshumhotsauce.com/products/raw-green,True,taoshumhotsauce.com,2026-09-19T11:09:45.470554Z,2026-09-19T14:01:06.545048Z,sauce-names-1,sauce-match-1,rule:sauce-structured-1,shopify,1,2_longtail,,False,0,,single_source:shopify,0,,,v1
sauce:taos-hum|red-ghost-back-in-stock,taos-hum,Taos Hum,red-ghost-back-in-stock,Red Ghost Back in stock!,,,,,retail_listing,https://taoshumhotsauce.com/products/red-ghost,10.99,USD,https://taoshumhotsauce.com/products/red-ghost,True,taoshumhotsauce.com,2026-09-19T11:09:45.470554Z,2026-09-19T14:01:06.545048Z,sauce-names-1,sauce-match-1,rule:sauce-structured-1,shopify,1,2_longtail,,False,0,,single_source:shopify,0,,,v1
sauce:taos-hum|mild-roasted-ghost,taos-hum,Taos Hum,mild-roasted-ghost,Mild Roasted Ghost,,,,,retail_listing,https://taoshumhotsauce.com/products/roasted-ghost,9.99,USD,https://taoshumhotsauce.com/products/roasted-ghost,True,taoshumhotsauce.com,2026-09-19T11:09:45.470554Z,2026-09-19T14:01:06.545048Z,sauce-names-1,sauce-match-1,rule:sauce-structured-1,shopify,1,2_longtail,,False,0,,single_source:shopify,0,,,v1
sauce:terra-nativo|chile-de-arbol,terra-nativo,Terra Nativo,chile-de-arbol,Chile de Arbol,,,,,retail_listing,https://heathotsauce.com/products/terra-nativo-chile-de-arbol,9.99,USD,https://heathotsauce.com/products/terra-nativo-chile-de-arbol,True,heathotsauce.com,2026-09-19T13:52:25.427841Z,2026-09-19T14:01:06.545048Z,sauce-names-1,sauce-match-1,rule:sauce-structured-1,shopify,1,2_longtail,,False,0,,single_source:shopify,0,,,v1
sauce:terra-nativo|chile-habanero,terra-nativo,Terra Nativo,chile-habanero,Chile Habanero,,,,,retail_listing,https://heathotsauce.com/products/terra-nativo-chile-habanero,9.99,USD,https://heathotsauce.com/products/terra-nativo-chile-habanero,True,heathotsauce.com,2026-09-19T13:52:25.427841Z,2026-09-19T14:01:06.545048Z,sauce-names-1,sauce-match-1,rule:sauce-structured-1,shopify,1,2_longtail,,True,1,sauce:coastal-caliente-provisions|chile-habanero,single_source:shopify,0,,,v1
sauce:texan-heartland|black-garlic-arbol,texan-heartland,Texan Heartland,black-garlic-arbol,Black Garlic Árbol Hot Sauce,,,,,retail_listing,https://texanheartland.com/products/black-garlic-arbol-hot-sauce,9.49,USD,https://texanheartland.com/products/black-garlic-arbol-hot-sauce,True,texanheartland.com,2026-09-19T11:09:45.470554Z,2026-09-19T14:01:06.545048Z,sauce-names-1,sauce-match-1,rule:sauce-structured-1,shopify,1,2_longtail,,False,0,,single_source:shopify,0,,,v1
sauce:texan-heartland|caribbean-pineapple,texan-heartland,Texan Heartland,caribbean-pineapple,Caribbean Pineapple Hot Sauce,,,,,retail_listing,https://texanheartland.com/products/caribbean-pineapple-hot-sauce,8.95,USD,https://texanheartland.com/products/caribbean-pineapple-hot-sauce,True,texanheartland.com,2026-09-19T11:09:45.470554Z,2026-09-19T14:01:06.545048Z,sauce-names-1,sauce-match-1,rule:sauce-structured-1,shopify,1,2_longtail,,False,0,,single_source:shopify,0,,,v1
sauce:texan-heartland|hill-country-verde,texan-heartland,Texan Heartland,hill-country-verde,Hill Country Verde Hot Sauce,,,,,retail_listing,https://texanheartland.com/products/hill-country-verde-hot-sauce,8.95,USD,https://texanheartland.com/products/hill-country-verde-hot-sauce,True,texanheartland.com,2026-09-19T11:09:45.470554Z,2026-09-19T14:01:06.545048Z,sauce-names-1,sauce-match-1,rule:sauce-structured-1,shopify,1,2_longtail,,False,0,,single_source:shopify,0,,,v1
sauce:texan-heartland|honey-ginger-mango-habanero,texan-heartland,Texan Heartland,honey-ginger-mango-habanero,Honey Ginger Mango Habanero Hot Sauce,,,,,retail_listing,https://texanheartland.com/products/honey-ginger-mango-habanero-hot-sauce,8.95,USD,https://texanheartland.com/products/honey-ginger-mango-habanero-hot-sauce,True,texanheartland.com,2026-09-19T11:09:45.470554Z,2026-09-19T14:01:06.545048Z,sauce-names-1,sauce-match-1,rule:sauce-structured-1,shopify,1,2_longtail,,False,0,,single_source:shopify,0,,,v1
sauce:texan-heartland|lone-star-reserve,texan-heartland,Texan Heartland,lone-star-reserve,Lone Star Reserve Hot Sauce,,,,,retail_listing,https://texanheartland.com/products/lone-star-reserve-hot-sauce,8.95,USD,https://texanheartland.com/products/lone-star-reserve-hot-sauce,True,texanheartland.com,2026-09-19T11:09:45.470554Z,2026-09-19T14:01:06.545048Z,sauce-names-1,sauce-match-1,rule:sauce-structured-1,shopify,1,2_longtail,,False,0,,single_source:shopify,0,,,v1
sauce:texan-heartland|roasted-onion-garlic-reaper,texan-heartland,Texan Heartland,roasted-onion-garlic-reaper,Roasted Onion & Garlic Reaper Hot Sauce,,,,,retail_listing,https://texanheartland.com/products/roasted-onion-garlic-reaper-hot-sauce,10.95,USD,https://texanheartland.com/products/roasted-onion-garlic-reaper-hot-sauce,True,texanheartland.com,2026-09-19T11:09:45.470554Z,2026-09-19T14:01:06.545048Z,sauce-names-1,sauce-match-1,rule:sauce-structured-1,shopify,1,2_longtail,,False,0,,single_source:shopify,0,,,v1
sauce:texan-heartland|serrano-sunfire,texan-heartland,Texan Heartland,serrano-sunfire,Serrano Sunfire Hot Sauce,,,,,retail_listing,https://texanheartland.com/products/serrano-sunfire-hot-sauce,9.95,USD,https://texanheartland.com/products/serrano-sunfire-hot-sauce,True,texanheartland.com,2026-09-19T11:09:45.470554Z,2026-09-19T14:01:06.545048Z,sauce-names-1,sauce-match-1,rule:sauce-structured-1,shopify,1,2_longtail,,False,0,,single_source:shopify,0,,,v1
sauce:texas-creek|pure-evil-1-5-million-shu,texas-creek,Texas Creek,pure-evil-1-5-million-shu,Pure Evil 1.5 million SHU,,,,,retail_listing,https://heathotsauce.com/products/pure-evil-1-5-million-shu,29.99,USD,https://heathotsauce.com/products/pure-evil-1-5-million-shu,True,heathotsauce.com,2026-09-19T13:52:25.427841Z,2026-09-19T14:01:06.545048Z,sauce-names-1,sauce-match-1,rule:sauce-structured-1,shopify,1,2_longtail,,True,2,sauce:texas-creek|pure-evil-13-million-shu|sauce:texas-creek|pure-evil-9-6-million-shu,single_source:shopify,0,,,v1
sauce:texas-creek|pure-evil-13-million-shu,texas-creek,Texas Creek,pure-evil-13-million-shu,Pure Evil 13 Million SHU,,,,,retail_listing,https://heathotsauce.com/products/pure-evil-13-million-shu,89.99,USD,https://heathotsauce.com/products/pure-evil-13-million-shu,True,heathotsauce.com,2026-09-19T13:52:25.427841Z,2026-09-19T14:01:06.545048Z,sauce-names-1,sauce-match-1,rule:sauce-structured-1,shopify,1,2_longtail,,True,1,sauce:texas-creek|pure-evil-1-5-million-shu,single_source:shopify,0,,,v1
sauce:texas-creek|pure-evil-9-6-million-shu,texas-creek,Texas Creek,pure-evil-9-6-million-shu,Pure Evil 9.6 million SHU,,,,,retail_listing,https://heathotsauce.com/products/pure-evil-9-6-million-shu,79.99,USD,https://heathotsauce.com/products/pure-evil-9-6-million-shu,True,heathotsauce.com,2026-09-19T13:52:25.427841Z,2026-09-19T14:01:06.545048Z,sauce-names-1,sauce-match-1,rule:sauce-structured-1,shopify,1,2_longtail,,True,1,sauce:texas-creek|pure-evil-1-5-million-shu,single_source:shopify,0,,,v1
sauce:crabby-shack|lavender-lava,crabby-shack,The Crabby Shack,lavender-lava,Lavender Lava,,,,,retail_listing,https://heatonist.com/products/the-crabby-shack-lavender-lava,12.00,USD,https://heatonist.com/products/the-crabby-shack-lavender-lava,True,heatonist.com,2026-09-19T11:09:45.470554Z,2026-09-19T14:01:06.545048Z,sauce-names-1,sauce-match-1,rule:sauce-structured-1,shopify,1,2_longtail,,False,0,,single_source:shopify,0,,,v1
sauce:crabby-shack|original-hottie,crabby-shack,The Crabby Shack,original-hottie,The Original Hottie Hot Sauce,,,,,retail_listing,https://heatonist.com/products/the-original-hottie-hot-sauce-the-crabby-shack,10.00,USD,https://heatonist.com/products/the-original-hottie-hot-sauce-the-crabby-shack,True,heatonist.com,2026-09-19T11:09:45.470554Z,2026-09-19T14:01:06.545048Z,sauce-names-1,sauce-match-1,rule:sauce-structured-1,shopify,1,2_longtail,,True,1,sauce:|original-hottie,single_source:shopify,0,,,v1
sauce:pepper-ninja|angry-mango-scorpion,pepper-ninja,The Pepper Ninja Hot Sauce,angry-mango-scorpion,Angry Mango Scorpion Hot Sauce,,,,,retail_listing,https://thepepperninja.com/products/angry-mango-scorpion-hot-sauce,9.99,USD,https://thepepperninja.com/products/angry-mango-scorpion-hot-sauce,True,thepepperninja.com,2026-09-19T11:09:45.470554Z,2026-09-19T14:01:06.545048Z,sauce-names-1,sauce-match-1,rule:sauce-structured-1,shopify,1,2_longtail,,False,0,,single_source:shopify,0,,,v1
sauce:pepper-ninja|feelin-fuzzy-peach-habanero,pepper-ninja,The Pepper Ninja Hot Sauce,feelin-fuzzy-peach-habanero,Feelin Fuzzy Peach Habanero Hot Sauce,,,,,retail_listing,https://thepepperninja.com/products/feelin-fuzzy-peach-habanero-hot-sauce,5.00,USD,https://thepepperninja.com/products/feelin-fuzzy-peach-habanero-hot-sauce,True,thepepperninja.com,2026-09-19T11:09:45.470554Z,2026-09-19T14:01:06.545048Z,sauce-names-1,sauce-match-1,rule:sauce-structured-1,shopify,1,2_longtail,,False,0,,single_source:shopify,0,,,v1
sauce:pepper-ninja|garlic-ghost-pepper,pepper-ninja,The Pepper Ninja Hot Sauce,garlic-ghost-pepper,Garlic Ghost Pepper Hot Sauce,,,,,retail_listing,https://thepepperninja.com/products/garlic-ghost-pepper-hot-sauce,11.00,USD,https://thepepperninja.com/products/garlic-ghost-pepper-hot-sauce,True,thepepperninja.com,2026-09-19T11:09:45.470554Z,2026-09-19T14:01:06.545048Z,sauce-names-1,sauce-match-1,rule:sauce-structured-1,shopify,1,2_longtail,,False,0,,single_source:shopify,0,,,v1
sauce:pepper-ninja|impeached,pepper-ninja,The Pepper Ninja Hot Sauce,impeached,imPEACHed Hot Sauce,,,,,retail_listing,https://thepepperninja.com/products/impeached-hot-sauce,10.50,USD,https://thepepperninja.com/products/impeached-hot-sauce,True,thepepperninja.com,2026-09-19T11:09:45.470554Z,2026-09-19T14:01:06.545048Z,sauce-names-1,sauce-match-1,rule:sauce-structured-1,shopify,1,2_longtail,,False,0,,single_source:shopify,0,,,v1
sauce:pepper-ninja|jalapeno-garlic,pepper-ninja,The Pepper Ninja Hot Sauce,jalapeno-garlic,Jalapeño Garlic Hot Sauce,,,,,retail_listing,https://thepepperninja.com/products/jalapeno-garlic-hot-sauce,10.50,USD,https://thepepperninja.com/products/jalapeno-garlic-hot-sauce,True,thepepperninja.com,2026-09-19T11:09:45.470554Z,2026-09-19T14:01:06.545048Z,sauce-names-1,sauce-match-1,rule:sauce-structured-1,shopify,1,2_longtail,,True,1,sauce:|jalapeno-garlic,single_source:shopify,0,,,v1
sauce:pepper-ninja|mango-pineapple-habanero,pepper-ninja,The Pepper Ninja Hot Sauce,mango-pineapple-habanero,Mango Pineapple Habanero Hot Sauce,,,,,retail_listing,https://thepepperninja.com/products/mango-pineapple-habanero-hot-sauce,9.99,USD,https://thepepperninja.com/products/mango-pineapple-habanero-hot-sauce,True,thepepperninja.com,2026-09-19T11:09:45.470554Z,2026-09-19T14:01:06.545048Z,sauce-names-1,sauce-match-1,rule:sauce-structured-1,shopify,1,2_longtail,,True,1,sauce:freaky-ferments-food-beverage|mango-pineapple-habanero,single_source:shopify,0,,,v1
sauce:pepper-ninja|ninja-napalm-hot-sauce-featured-on-hot-ones-season-25,pepper-ninja,The Pepper Ninja Hot Sauce,ninja-napalm-hot-sauce-featured-on-hot-ones-season-25,Ninja Napalm Hot Sauce | Featured on Hot Ones Season 25,,,,,retail_listing,https://thepepperninja.com/products/ninja-napalm-hot-sauce-featured-on-hot-ones-season-25,11.99,USD,https://thepepperninja.com/products/ninja-napalm-hot-sauce-featured-on-hot-ones-season-25,True,thepepperninja.com,2026-09-19T11:09:45.470554Z,2026-09-19T14:01:06.545048Z,sauce-names-1,sauce-match-1,rule:sauce-structured-1,shopify,1,2_longtail,,False,0,,single_source:shopify,0,,,v1
sauce:pepper-ninja|ninja-napalm,pepper-ninja,The Pepper Ninja,ninja-napalm,Ninja Napalm,,,,,retail_listing,https://heatonist.com/products/ninja-napalm-the-pepper-ninja,8.00,USD,https://heatonist.com/products/ninja-napalm-the-pepper-ninja,True,heatonist.com,2026-09-19T11:09:45.470554Z,2026-09-19T14:01:06.545048Z,sauce-names-1,sauce-match-1,rule:sauce-structured-1,shopify,1,2_longtail,,False,0,,single_source:shopify,0,,,v1
sauce:pepper-ninja|garlic-habanero,pepper-ninja,The Pepper Ninja,garlic-habanero,Garlic Habanero,,,,,retail_listing,https://heatonist.com/products/garlic-habanero-the-pepper-ninja,10.50,USD,https://thepepperninja.com/products/garlic-habanero-hot-sauce,True,thepepperninja.com,2026-09-19T11:09:45.470554Z,2026-09-19T14:01:06.545048Z,sauce-names-1,sauce-match-1,rule:sauce-structured-1,shopify,1,2_longtail,,True,5,sauce:freaky-ferments-food-beverage|garlic-habanero|sauce:papa-tony-s|garlic-habanero|sauce:pics|garlic-habanero|sauce:red-beards|garlic-habanero|sauce:torchbearer-sauces|garlic-habanero,single_source:shopify,0,,,v1
sauce:spicy-shark|megalodon-carolina-reaper,spicy-shark,The Spicy Shark,megalodon-carolina-reaper,Megalodon Carolina Reaper,,,,,unknown,https://crafthotsauce.com/products/megalodon-carolina-reaper,9.00,USD,https://crafthotsauce.com/products/megalodon-carolina-reaper,False,crafthotsauce.com,2026-09-19T13:52:25.427841Z,2026-09-19T14:01:06.545048Z,sauce-names-1,sauce-match-1,rule:sauce-structured-1,shopify,1,2_longtail,,False,0,,single_source:shopify,0,,,v1
sauce:spicy-shark|nurse-shark-jalapeno,spicy-shark,The Spicy Shark,nurse-shark-jalapeno,Nurse Shark Jalapeño,,,,,unknown,https://crafthotsauce.com/products/spicy-shark-nurse-shark,10.00,USD,https://crafthotsauce.com/products/spicy-shark-nurse-shark,False,crafthotsauce.com,2026-09-19T13:52:25.427841Z,2026-09-19T14:01:06.545048Z,sauce-names-1,sauce-match-1,rule:sauce-structured-1,shopify,1,2_longtail,,False,0,,single_source:shopify,0,,,v1
sauce:spicy-shark|original,spicy-shark,The Spicy Shark,original,Original Hot Sauce,,,,,unknown,https://crafthotsauce.com/products/the-spicy-shark-original,10.00,USD,https://crafthotsauce.com/products/the-spicy-shark-original,False,crafthotsauce.com,2026-09-19T13:52:25.427841Z,2026-09-19T14:01:06.545048Z,sauce-names-1,sauce-match-1,rule:sauce-structured-1,shopify,1,2_longtail,,True,23,sauce:82-s|original|sauce:bombanana|original|sauce:bruce|original|sauce:buldak|original|sauce:char-man|original,single_source:shopify,0,,,v1
sauce:spicy-shark|blacktip-widow,spicy-shark,The Spicy Shark,blacktip-widow,Blacktip Widow Hot Sauce,,,,,retail_listing,https://heathotsauce.com/products/blacktip-widow-hot-sauce,12.99,USD,https://heathotsauce.com/products/blacktip-widow-hot-sauce,True,heathotsauce.com,2026-09-19T13:52:25.427841Z,2026-09-19T14:01:06.545048Z,sauce-names-1,sauce-match-1,rule:sauce-structured-1,shopify,1,2_longtail,,False,0,,single_source:shopify,0,,,v1
sauce:spicy-shark|6-fin-series-blacktip-widow,spicy-shark,The Spicy Shark,6-fin-series-blacktip-widow,6 Fin Series Blacktip Widow,,,,,unknown,https://puckerbuttpeppercompany.com/products/6-fin-series-blacktip-widow,12.00,USD,https://puckerbuttpeppercompany.com/products/6-fin-series-blacktip-widow,False,puckerbuttpeppercompany.com,2026-09-19T11:09:45.470554Z,2026-09-19T14:01:06.545048Z,sauce-names-1,sauce-match-1,rule:sauce-structured-1,shopify,1,2_longtail,,False,0,,single_source:shopify,0,,,v1
sauce:spicy-shark|6-fin-series-mako-snake,spicy-shark,The Spicy Shark,6-fin-series-mako-snake,6 Fin Series Mako Snake,,,,,unknown,https://puckerbuttpeppercompany.com/products/6-fin-series-mako-snake,12.00,USD,https://puckerbuttpeppercompany.com/products/6-fin-series-mako-snake,False,puckerbuttpeppercompany.com,2026-09-19T11:09:45.470554Z,2026-09-19T14:01:06.545048Z,sauce-names-1,sauce-match-1,rule:sauce-structured-1,shopify,1,2_longtail,,False,0,,single_source:shopify,0,,,v1
sauce:spicy-shark|spicy-shark-hot-honey,spicy-shark,The Spicy Shark,spicy-shark-hot-honey,Spicy Shark Hot Honey,,,,,unknown,https://puckerbuttpeppercompany.com/products/spicy-shark-hot-honey,13.00,USD,https://puckerbuttpeppercompany.com/products/spicy-shark-hot-honey,False,puckerbuttpeppercompany.com,2026-09-19T11:09:45.470554Z,2026-09-19T14:01:06.545048Z,sauce-names-1,sauce-match-1,rule:sauce-structured-1,shopify,1,2_longtail,,False,0,,single_source:shopify,0,,,v1
sauce:spicy-shark|spicy-shark-wing,spicy-shark,The Spicy Shark,spicy-shark-wing,Spicy Shark Wing Sauce,,,,,unknown,https://puckerbuttpeppercompany.com/products/spicy-shark-wing-sauce,12.00,USD,https://puckerbuttpeppercompany.com/products/spicy-shark-wing-sauce,False,puckerbuttpeppercompany.com,2026-09-19T11:09:45.470554Z,2026-09-19T14:01:06.545048Z,sauce-names-1,sauce-match-1,rule:sauce-structured-1,shopify,1,2_longtail,,False,0,,single_source:shopify,0,,,v1
sauce:spicy-shark|6-fin-series-hammah-gatah,spicy-shark,The Spicy Shark,6-fin-series-hammah-gatah,6 Fin Series Hammah Gatah,,,,,unknown,https://puckerbuttpeppercompany.com/products/the-spicy-shark-6-fin-series-hammah-gatah,12.00,USD,https://puckerbuttpeppercompany.com/products/the-spicy-shark-6-fin-series-hammah-gatah,False,puckerbuttpeppercompany.com,2026-09-19T11:09:45.470554Z,2026-09-19T14:01:06.545048Z,sauce-names-1,sauce-match-1,rule:sauce-structured-1,shopify,1,2_longtail,,False,0,,single_source:shopify,0,,,v1
sauce:spicy-shark|caribbean-reef-shark-scotch-bonnet,spicy-shark,The Spicy Shark,caribbean-reef-shark-scotch-bonnet,Caribbean Reef Shark Scotch Bonnet,,,,,unknown,https://puckerbuttpeppercompany.com/products/the-spicy-shark-caribbean-reef-shark-scotch-bonnet,9.00,USD,https://puckerbuttpeppercompany.com/products/the-spicy-shark-caribbean-reef-shark-scotch-bonnet,False,puckerbuttpeppercompany.com,2026-09-19T11:09:45.470554Z,2026-09-19T14:01:06.545048Z,sauce-names-1,sauce-match-1,rule:sauce-structured-1,shopify,1,2_longtail,,False,0,,single_source:shopify,0,,,v1
sauce:spicy-shark|spicy-shark-megalodon-carolina-reaper,spicy-shark,The Spicy Shark,spicy-shark-megalodon-carolina-reaper,Spicy Shark Megalodon Carolina Reaper,,,,,unknown,https://puckerbuttpeppercompany.com/products/the-spicy-shark-megalodon-carolina-reaper,9.00,USD,https://puckerbuttpeppercompany.com/products/the-spicy-shark-megalodon-carolina-reaper,False,puckerbuttpeppercompany.com,2026-09-19T11:09:45.470554Z,2026-09-19T14:01:06.545048Z,sauce-names-1,sauce-match-1,rule:sauce-structured-1,shopify,1,2_longtail,,False,0,,single_source:shopify,0,,,v1
sauce:spicy-shark|nurse-shark,spicy-shark,The Spicy Shark,nurse-shark,Nurse Shark,,,,,unknown,https://puckerbuttpeppercompany.com/products/the-spicy-shark-nurse-shark,9.00,USD,https://puckerbuttpeppercompany.com/products/the-spicy-shark-nurse-shark,False,puckerbuttpeppercompany.com,2026-09-19T11:09:45.470554Z,2026-09-19T14:01:06.545048Z,sauce-names-1,sauce-match-1,rule:sauce-structured-1,shopify,1,2_longtail,,False,0,,single_source:shopify,0,,,v1
sauce:spicy-shark|original-habanero,spicy-shark,The Spicy Shark,original-habanero,Original Habanero,,,,,unknown,https://puckerbuttpeppercompany.com/products/the-spicy-shark-original-habanero,9.00,USD,https://puckerbuttpeppercompany.com/products/the-spicy-shark-original-habanero,False,puckerbuttpeppercompany.com,2026-09-19T11:09:45.470554Z,2026-09-19T14:01:06.545048Z,sauce-names-1,sauce-match-1,rule:sauce-structured-1,shopify,1,2_longtail,,True,2,sauce:steve-s-ed-s|original-habanero|sauce:zocalo|original-habanero,single_source:shopify,0,,,v1
sauce:spicy-shark|thresher-shark-chipotle,spicy-shark,The Spicy Shark,thresher-shark-chipotle,Thresher Shark Chipotle,,,,,unknown,https://puckerbuttpeppercompany.com/products/the-spicy-shark-thresher-shark-chipotle,9.00,USD,https://puckerbuttpeppercompany.com/products/the-spicy-shark-thresher-shark-chipotle,False,puckerbuttpeppercompany.com,2026-09-19T11:09:45.470554Z,2026-09-19T14:01:06.545048Z,sauce-names-1,sauce-match-1,rule:sauce-structured-1,shopify,1,2_longtail,,False,0,,single_source:shopify,0,,,v1
sauce:spicy-shark|tiger-shark-ghost-pepper,spicy-shark,The Spicy Shark,tiger-shark-ghost-pepper,Tiger Shark Ghost Pepper,,,,,unknown,https://puckerbuttpeppercompany.com/products/the-spicy-shark-tiger-shark-ghost-pepper,9.00,USD,https://puckerbuttpeppercompany.com/products/the-spicy-shark-tiger-shark-ghost-pepper,False,puckerbuttpeppercompany.com,2026-09-19T11:09:45.470554Z,2026-09-19T14:01:06.545048Z,sauce-names-1,sauce-match-1,rule:sauce-structured-1,shopify,1,2_longtail,,False,0,,single_source:shopify,0,,,v1
sauce:tony-s|tony-s-carolina-reaper,tony-s,Tony's Hot Sauce,tony-s-carolina-reaper,Tony's Carolina Reaper Hot Sauce,,,,,retail_listing,https://heathotsauce.com/products/tonys-hot-sauce,9.99,USD,https://heathotsauce.com/products/tonys-hot-sauce,True,heathotsauce.com,2026-09-19T13:52:25.427841Z,2026-09-19T14:01:06.545048Z,sauce-names-1,sauce-match-1,rule:sauce-structured-1,shopify,1,2_longtail,,False,0,,single_source:shopify,0,,,v1
sauce:torchbearer-sauces|danny-wood-s-ripped-rojo,torchbearer-sauces,TorchBearer Sauces,danny-wood-s-ripped-rojo,Danny Wood's Ripped Rojo,,,,,retail_listing,https://torchbearersauces.com/products/danny-woods-ripped-rojo,7.49,USD,https://torchbearersauces.com/products/danny-woods-ripped-rojo,True,torchbearersauces.com,2026-09-19T11:09:45.470554Z,2026-09-19T14:01:06.545048Z,sauce-names-1,sauce-match-1,rule:sauce-structured-1,shopify,1,2_longtail,,False,0,,single_source:shopify,0,,,v1
sauce:torchbearer-sauces|plum-reaper-sweet-plum,torchbearer-sauces,TorchBearer Sauces,plum-reaper-sweet-plum,Plum Reaper™ - Sweet Plum Hot Sauce,,,,,retail_listing,https://torchbearersauces.com/products/plum-reaper-hot-sauce,14.49,USD,https://torchbearersauces.com/products/plum-reaper-hot-sauce,True,torchbearersauces.com,2026-09-19T11:09:45.470554Z,2026-09-19T14:01:06.545048Z,sauce-names-1,sauce-match-1,rule:sauce-structured-1,shopify,1,2_longtail,,False,0,,single_source:shopify,0,,,v1
sauce:torchbearer-sauces|shinedown-s-attention-attention-this-is-hot-mango-habanero,torchbearer-sauces,TorchBearer Sauces,shinedown-s-attention-attention-this-is-hot-mango-habanero,"Shinedown’s Attention, Attention This is Hot!!! Mango Habanero Hot Sauce",,,,,retail_listing,https://torchbearersauces.com/products/shinedowns-attention-attention-this-is-hot-bottle-5oz,9.49,USD,https://torchbearersauces.com/products/shinedowns-attention-attention-this-is-hot-bottle-5oz,True,torchbearersauces.com,2026-09-19T11:09:45.470554Z,2026-09-19T14:01:06.545048Z,sauce-names-1,sauce-match-1,rule:sauce-structured-1,shopify,1,2_longtail,,False,0,,single_source:shopify,0,,,v1
sauce:torchbearer-sauces|sucker-punch-hot-and-sour,torchbearer-sauces,TorchBearer Sauces,sucker-punch-hot-and-sour,Sucker Punch - Hot and Sour Hot Sauce,,,,,retail_listing,https://torchbearersauces.com/products/sucker-punch,14.49,USD,https://torchbearersauces.com/products/sucker-punch,True,torchbearersauces.com,2026-09-19T11:09:45.470554Z,2026-09-19T14:01:06.545048Z,sauce-names-1,sauce-match-1,rule:sauce-structured-1,shopify,1,2_longtail,,False,0,,single_source:shopify,0,,,v1
sauce:torchbearer-sauces|1-everyday,torchbearer-sauces,Torchbearer Sauces,1-everyday,#1 Everyday Sauce,,,,,retail_listing,https://heathotsauce.com/products/1-everyday-sauce,7.99,USD,https://heathotsauce.com/products/1-everyday-sauce,True,heathotsauce.com,2026-09-19T13:52:25.427841Z,2026-09-19T14:01:06.545048Z,sauce-names-1,sauce-match-1,rule:sauce-structured-1,shopify,1,2_longtail,,False,0,,single_source:shopify,0,,,v1
sauce:torchbearer-sauces|goblin-blood,torchbearer-sauces,Torchbearer Sauces,goblin-blood,Goblin Blood,,,,,retail_listing,https://heathotsauce.com/products/goblin-blood,14.99,USD,https://heathotsauce.com/products/goblin-blood,True,heathotsauce.com,2026-09-19T13:52:25.427841Z,2026-09-19T14:01:06.545048Z,sauce-names-1,sauce-match-1,rule:sauce-structured-1,shopify,1,2_longtail,,False,0,,single_source:shopify,0,,,v1
sauce:torchbearer-sauces|slaughter,torchbearer-sauces,Torchbearer Sauces,slaughter,Slaughter Sauce,,,,,retail_listing,https://heathotsauce.com/products/slaughter-sauce,8.99,USD,https://heathotsauce.com/products/slaughter-sauce,True,heathotsauce.com,2026-09-19T13:52:25.427841Z,2026-09-19T14:01:06.545048Z,sauce-names-1,sauce-match-1,rule:sauce-structured-1,shopify,1,2_longtail,,False,0,,single_source:shopify,0,,,v1
sauce:torchbearer-sauces|torchbearer-pickled-goblin,torchbearer-sauces,Torchbearer Sauces,torchbearer-pickled-goblin,Torchbearer Pickled Goblin,,,,,retail_listing,https://heathotsauce.com/products/torchbearer-pickled-goblin,8.99,USD,https://heathotsauce.com/products/torchbearer-pickled-goblin,True,heathotsauce.com,2026-09-19T13:52:25.427841Z,2026-09-19T14:01:06.545048Z,sauce-names-1,sauce-match-1,rule:sauce-structured-1,shopify,1,2_longtail,,False,0,,single_source:shopify,0,,,v1
sauce:torchbearer-sauces|torchbearer-plum-reaper,torchbearer-sauces,Torchbearer Sauces,torchbearer-plum-reaper,Torchbearer Plum Reaper,,,,,retail_listing,https://heathotsauce.com/products/torchbearer-plum-reaper-hot-sauce,14.99,USD,https://heathotsauce.com/products/torchbearer-plum-reaper-hot-sauce,True,heathotsauce.com,2026-09-19T13:52:25.427841Z,2026-09-19T14:01:06.545048Z,sauce-names-1,sauce-match-1,rule:sauce-structured-1,shopify,1,2_longtail,,False,0,,single_source:shopify,0,,,v1
sauce:torchbearer-sauces|shinedown-symptom,torchbearer-sauces,Torchbearer Sauces,shinedown-symptom,Shinedown Symptom,,,,,retail_listing,https://heathotsauce.com/products/torchbearer-shinedown-symptom,9.99,USD,https://heathotsauce.com/products/torchbearer-shinedown-symptom,True,heathotsauce.com,2026-09-19T13:52:25.427841Z,2026-09-19T14:01:06.545048Z,sauce-names-1,sauce-match-1,rule:sauce-structured-1,shopify,1,2_longtail,,False,0,,single_source:shopify,0,,,v1
sauce:torchbearer-sauces|torchbearer-sucker-punch,torchbearer-sauces,Torchbearer Sauces,torchbearer-sucker-punch,Torchbearer Sucker Punch Hot Sauce,,,,,retail_listing,https://heathotsauce.com/products/torchbearer-sucker-punch,11.99,USD,https://heathotsauce.com/products/torchbearer-sucker-punch,True,heathotsauce.com,2026-09-19T13:52:25.427841Z,2026-09-19T14:01:06.545048Z,sauce-names-1,sauce-match-1,rule:sauce-structured-1,shopify,1,2_longtail,,False,0,,single_source:shopify,0,,,v1
sauce:torchbearer-sauces|suckerpunch-torchbearer-c,torchbearer-sauces,Torchbearer Sauces,suckerpunch-torchbearer-c,Suckerpunch | Torchbearer -C,,,,,retail_listing,https://heatonist.com/products/suckerpunch-torchbearer,9.11,USD,https://heatonist.com/products/suckerpunch-torchbearer,True,heatonist.com,2026-09-19T11:09:45.470554Z,2026-09-19T14:01:06.545048Z,sauce-names-1,sauce-match-1,rule:sauce-structured-1,shopify,1,2_longtail,,False,0,,single_source:shopify,0,,,v1
sauce:torchbearer-sauces|suckerpunch-hot-sauce-torchbearer,torchbearer-sauces,Torchbearer Sauces,suckerpunch-hot-sauce-torchbearer,Suckerpunch Hot Sauce | Torchbearer,,,,,retail_listing,https://heatonist.com/products/torchbearer-suckerpunch-hot-sauce,14.00,USD,https://heatonist.com/products/torchbearer-suckerpunch-hot-sauce,True,heatonist.com,2026-09-19T11:09:45.470554Z,2026-09-19T14:01:06.545048Z,sauce-names-1,sauce-match-1,rule:sauce-structured-1,shopify,1,2_longtail,,True,1,sauce:hot-ones|suckerpunch-hot-sauce-torchbearer,single_source:shopify,0,,,v1
sauce:torchbearer-sauces|bobblehead-trio-torchbearer-collectible-set,torchbearer-sauces,Torchbearer Sauces,bobblehead-trio-torchbearer-collectible-set,Bobblehead Trio - TorchBearer Collectible Set,,,,,retail_listing,https://torchbearersauces.com/products/bobblehead-triple-threat,49.99,USD,https://torchbearersauces.com/products/bobblehead-triple-threat,True,torchbearersauces.com,2026-09-19T11:09:45.470554Z,2026-09-19T14:01:06.545048Z,sauce-names-1,sauce-match-1,rule:sauce-structured-1,shopify,1,2_longtail,,False,0,,single_source:shopify,0,,,v1
sauce:torchbearer-sauces|buffalo-wing-sauce-savory-buffalo-flavor,torchbearer-sauces,Torchbearer Sauces,buffalo-wing-sauce-savory-buffalo-flavor,Buffalo Wing Sauce - Savory Buffalo Flavor,,,,,retail_listing,https://torchbearersauces.com/products/buffalo-wing-sauce-bottle-12oz,7.49,USD,https://torchbearersauces.com/products/buffalo-wing-sauce-bottle-12oz,True,torchbearersauces.com,2026-09-19T11:09:45.470554Z,2026-09-19T14:01:06.545048Z,sauce-names-1,sauce-match-1,rule:sauce-structured-1,shopify,1,2_longtail,,False,0,,single_source:shopify,0,,,v1
sauce:torchbearer-sauces|chipotle-wing-sauce-smokey-and-spicy,torchbearer-sauces,Torchbearer Sauces,chipotle-wing-sauce-smokey-and-spicy,Chipotle Wing Sauce - Smokey and Spicy,,,,,retail_listing,https://torchbearersauces.com/products/chipotle-wing-sauce-bottle-12oz,7.49,USD,https://torchbearersauces.com/products/chipotle-wing-sauce-bottle-12oz,True,torchbearersauces.com,2026-09-19T11:09:45.470554Z,2026-09-19T14:01:06.545048Z,sauce-names-1,sauce-match-1,rule:sauce-structured-1,shopify,1,2_longtail,,False,0,,single_source:shopify,0,,,v1
sauce:torchbearer-sauces|danny-wood-s-jalapeno-cilantro,torchbearer-sauces,Torchbearer Sauces,danny-wood-s-jalapeno-cilantro,Danny Wood’s Jalapeño Cilantro Sauce,,,,,retail_listing,https://torchbearersauces.com/products/danny-woods-jalapeno-cilantro-sauce-bottle-5-oz,7.49,USD,https://torchbearersauces.com/products/danny-woods-jalapeno-cilantro-sauce-bottle-5-oz,True,torchbearersauces.com,2026-09-19T11:09:45.470554Z,2026-09-19T14:01:06.545048Z,sauce-names-1,sauce-match-1,rule:sauce-structured-1,shopify,1,2_longtail,,False,0,,single_source:shopify,0,,,v1
sauce:torchbearer-sauces|everyday-sauce-mild,torchbearer-sauces,Torchbearer Sauces,everyday-sauce-mild,Everyday Sauce - Mild Hot Sauce,,,,,retail_listing,https://torchbearersauces.com/products/everyday-sauce-bottle-5oz,7.49,USD,https://torchbearersauces.com/products/everyday-sauce-bottle-5oz,True,torchbearersauces.com,2026-09-19T11:09:45.470554Z,2026-09-19T14:01:06.545048Z,sauce-names-1,sauce-match-1,rule:sauce-structured-1,shopify,1,2_longtail,,False,0,,single_source:shopify,0,,,v1
sauce:torchbearer-sauces|garlic-habanero,torchbearer-sauces,Torchbearer Sauces,garlic-habanero,Garlic Habanero Hot Sauce,,,,,retail_listing,https://torchbearersauces.com/products/garlic-habanero-hot-sauce-5oz-bottle,6.49,USD,https://torchbearersauces.com/products/garlic-habanero-hot-sauce-5oz-bottle,True,torchbearersauces.com,2026-09-19T11:09:45.470554Z,2026-09-19T14:01:06.545048Z,sauce-names-1,sauce-match-1,rule:sauce-structured-1,shopify,1,2_longtail,,True,5,sauce:freaky-ferments-food-beverage|garlic-habanero|sauce:papa-tony-s|garlic-habanero|sauce:pepper-ninja|garlic-habanero|sauce:pics|garlic-habanero|sauce:red-beards|garlic-habanero,single_source:shopify,0,,,v1
sauce:torchbearer-sauces|garlic-reaper-sauce-garlic,torchbearer-sauces,Torchbearer Sauces,garlic-reaper-sauce-garlic,Garlic Reaper™ Sauce - Garlic Hot Sauce,,,,,retail_listing,https://torchbearersauces.com/products/garlic-reaper-hot-sauce-5oz-bottle,14.49,USD,https://torchbearersauces.com/products/garlic-reaper-hot-sauce-5oz-bottle,True,torchbearersauces.com,2026-09-19T11:09:45.470554Z,2026-09-19T14:01:06.545048Z,sauce-names-1,sauce-match-1,rule:sauce-structured-1,shopify,1,2_longtail,,False,0,,single_source:shopify,0,,,v1
sauce:torchbearer-sauces|nekrogoblikon-s-goblin-blood,torchbearer-sauces,Torchbearer Sauces,nekrogoblikon-s-goblin-blood,Nekrogoblikon's Goblin Blood - Hot Sauce,,,,,retail_listing,https://torchbearersauces.com/products/goblin-blood-bottle-5oz,14.49,USD,https://torchbearersauces.com/products/goblin-blood-bottle-5oz,True,torchbearersauces.com,2026-09-19T11:09:45.470554Z,2026-09-19T14:01:06.545048Z,sauce-names-1,sauce-match-1,rule:sauce-structured-1,shopify,1,2_longtail,,False,0,,single_source:shopify,0,,,v1
sauce:torchbearer-sauces|habanero-evil-medium,torchbearer-sauces,Torchbearer Sauces,habanero-evil-medium,Habanero Evil - Medium Hot Sauce,,,,,retail_listing,https://torchbearersauces.com/products/habanero-evil-hot-sauce-5oz-bottle,7.49,USD,https://torchbearersauces.com/products/habanero-evil-hot-sauce-5oz-bottle,True,torchbearersauces.com,2026-09-19T11:09:45.470554Z,2026-09-19T14:01:06.545048Z,sauce-names-1,sauce-match-1,rule:sauce-structured-1,shopify,1,2_longtail,,False,0,,single_source:shopify,0,,,v1
sauce:torchbearer-sauces|slaughter-sauce-habanero,torchbearer-sauces,Torchbearer Sauces,slaughter-sauce-habanero,Slaughter Sauce - Habanero Hot Sauce,,,,,retail_listing,https://torchbearersauces.com/products/habanero-slaughter-bottle-5oz,7.49,USD,https://torchbearersauces.com/products/habanero-slaughter-bottle-5oz,True,torchbearersauces.com,2026-09-19T11:09:45.470554Z,2026-09-19T14:01:06.545048Z,sauce-names-1,sauce-match-1,rule:sauce-structured-1,shopify,1,2_longtail,,False,0,,single_source:shopify,0,,,v1
sauce:torchbearer-sauces|tarnation-sauce-habanero,torchbearer-sauces,Torchbearer Sauces,tarnation-sauce-habanero,Tarnation Sauce - Habanero Hot Sauce,,,,,retail_listing,https://torchbearersauces.com/products/habanero-tarnation-bottle-5oz,7.49,USD,https://torchbearersauces.com/products/habanero-tarnation-bottle-5oz,True,torchbearersauces.com,2026-09-19T11:09:45.470554Z,2026-09-19T14:01:06.545048Z,sauce-names-1,sauce-match-1,rule:sauce-structured-1,shopify,1,2_longtail,,False,0,,single_source:shopify,0,,,v1
sauce:torchbearer-sauces|headless-horseradish,torchbearer-sauces,Torchbearer Sauces,headless-horseradish,Headless Horseradish Hot Sauce,,,,,retail_listing,https://torchbearersauces.com/products/headless-horseradish-hot-sauce-5oz,14.49,USD,https://torchbearersauces.com/products/headless-horseradish-hot-sauce-5oz,True,torchbearersauces.com,2026-09-19T11:09:45.470554Z,2026-09-19T14:01:06.545048Z,sauce-names-1,sauce-match-1,rule:sauce-structured-1,shopify,1,2_longtail,,False,0,,single_source:shopify,0,,,v1
sauce:torchbearer-sauces|as-seen-on-hot-ones-collection-by,torchbearer-sauces,Torchbearer Sauces,as-seen-on-hot-ones-collection-by,As Seen on Hot Ones Collection by,,,,,retail_listing,https://torchbearersauces.com/products/hot-ones-collection-by-torchbearer-sauces,75.00,USD,https://torchbearersauces.com/products/hot-ones-collection-by-torchbearer-sauces,True,torchbearersauces.com,2026-09-19T11:09:45.470554Z,2026-09-19T14:01:06.545048Z,sauce-names-1,sauce-match-1,rule:sauce-structured-1,shopify,1,2_longtail,,False,0,,single_source:shopify,0,,,v1
sauce:torchbearer-sauces|mushroom-mayhem-mushroom,torchbearer-sauces,Torchbearer Sauces,mushroom-mayhem-mushroom,Mushroom Mayhem – Mushroom Hot Sauce,,,,,retail_listing,https://torchbearersauces.com/products/mushroom-mayhem-hot-sauce-5oz-bottle,14.49,USD,https://torchbearersauces.com/products/mushroom-mayhem-hot-sauce-5oz-bottle,True,torchbearersauces.com,2026-09-19T11:09:45.470554Z,2026-09-19T14:01:06.545048Z,sauce-names-1,sauce-match-1,rule:sauce-structured-1,shopify,1,2_longtail,,False,0,,single_source:shopify,0,,,v1
sauce:torchbearer-sauces|nekrogoblikon-s-goblin-sauce-citrus,torchbearer-sauces,Torchbearer Sauces,nekrogoblikon-s-goblin-sauce-citrus,Nekrogoblikon’s Goblin Sauce - Citrus Hot Sauce,,,,,retail_listing,https://torchbearersauces.com/products/nekrogoblikons-goblin-sauce-5oz-bottle,7.49,USD,https://torchbearersauces.com/products/nekrogoblikons-goblin-sauce-5oz-bottle,True,torchbearersauces.com,2026-09-19T11:09:45.470554Z,2026-09-19T14:01:06.545048Z,sauce-names-1,sauce-match-1,rule:sauce-structured-1,shopify,1,2_longtail,,False,0,,single_source:shopify,0,,,v1
sauce:torchbearer-sauces|oh-my-garlic-garlic-bobblehead,torchbearer-sauces,Torchbearer Sauces,oh-my-garlic-garlic-bobblehead,Oh My Garlic - Garlic Bobblehead,,,,,retail_listing,https://torchbearersauces.com/products/oh-my-garlic-vampire-bobblehead,19.99,USD,https://torchbearersauces.com/products/oh-my-garlic-vampire-bobblehead,True,torchbearersauces.com,2026-09-19T11:09:45.470554Z,2026-09-19T14:01:06.545048Z,sauce-names-1,sauce-match-1,rule:sauce-structured-1,shopify,1,2_longtail,,False,0,,single_source:shopify,0,,,v1
sauce:torchbearer-sauces|oww-my-garlic-garlic-habanero,torchbearer-sauces,Torchbearer Sauces,oww-my-garlic-garlic-habanero,Oww My Garlic - Garlic Habanero Sauce,,,,,retail_listing,https://torchbearersauces.com/products/oww-my-garlic-bottle-12oz__trashed,7.49,USD,https://torchbearersauces.com/products/oww-my-garlic-bottle-12oz__trashed,True,torchbearersauces.com,2026-09-19T11:09:45.470554Z,2026-09-19T14:01:06.545048Z,sauce-names-1,sauce-match-1,rule:sauce-structured-1,shopify,1,2_longtail,,False,0,,single_source:shopify,0,,,v1
sauce:torchbearer-sauces|raspberry-chipotle-hot-sauce-test-sauce,torchbearer-sauces,Torchbearer Sauces,raspberry-chipotle-hot-sauce-test-sauce,Raspberry Chipotle Hot Sauce *Test Sauce*,,,,,retail_listing,https://torchbearersauces.com/products/raspberry-chipotle-bottle,7.49,USD,https://torchbearersauces.com/products/raspberry-chipotle-bottle,True,torchbearersauces.com,2026-09-19T11:09:45.470554Z,2026-09-19T14:01:06.545048Z,sauce-names-1,sauce-match-1,rule:sauce-structured-1,shopify,1,2_longtail,,False,0,,single_source:shopify,0,,,v1
sauce:torchbearer-sauces|reaper-evil-carolina-reaper,torchbearer-sauces,Torchbearer Sauces,reaper-evil-carolina-reaper,Reaper Evil™ - Carolina Reaper Hot Sauce,,,,,retail_listing,https://torchbearersauces.com/products/reaper-evil-bottle-5oz,14.49,USD,https://torchbearersauces.com/products/reaper-evil-bottle-5oz,True,torchbearersauces.com,2026-09-19T11:09:45.470554Z,2026-09-19T14:01:06.545048Z,sauce-names-1,sauce-match-1,rule:sauce-structured-1,shopify,1,2_longtail,,False,0,,single_source:shopify,0,,,v1
sauce:torchbearer-sauces|shinedown-s-devour-pineapple-jerk,torchbearer-sauces,Torchbearer Sauces,shinedown-s-devour-pineapple-jerk,Shinedown's Devour Pineapple Jerk Sauce,,,,,retail_listing,https://torchbearersauces.com/products/shinedowns-devour-pineapple-jerk-sauce-bottle-5oz,9.49,USD,https://torchbearersauces.com/products/shinedowns-devour-pineapple-jerk-sauce-bottle-5oz,True,torchbearersauces.com,2026-09-19T11:09:45.470554Z,2026-09-19T14:01:06.545048Z,sauce-names-1,sauce-match-1,rule:sauce-structured-1,shopify,1,2_longtail,,False,0,,single_source:shopify,0,,,v1
sauce:torchbearer-sauces|shinedown-s-symptom-chipotle-garlic,torchbearer-sauces,Torchbearer Sauces,shinedown-s-symptom-chipotle-garlic,Shinedown's Symptom - Chipotle Garlic Sauce,,,,,retail_listing,https://torchbearersauces.com/products/shinedowns-symptom-chipotle-garlic-bottle-5oz,9.49,USD,https://torchbearersauces.com/products/shinedowns-symptom-chipotle-garlic-bottle-5oz,True,torchbearersauces.com,2026-09-19T11:09:45.470554Z,2026-09-19T14:01:06.545048Z,sauce-names-1,sauce-match-1,rule:sauce-structured-1,shopify,1,2_longtail,,False,0,,single_source:shopify,0,,,v1
sauce:torchbearer-sauces|smokey-horseradish-jockey-bobblehead,torchbearer-sauces,Torchbearer Sauces,smokey-horseradish-jockey-bobblehead,Smokey Horseradish Jockey Bobblehead,,,,,retail_listing,https://torchbearersauces.com/products/smokey-horseradish-bobblehead,19.99,USD,https://torchbearersauces.com/products/smokey-horseradish-bobblehead,True,torchbearersauces.com,2026-09-19T11:09:45.470554Z,2026-09-19T14:01:06.545048Z,sauce-names-1,sauce-match-1,rule:sauce-structured-1,shopify,1,2_longtail,,False,0,,single_source:shopify,0,,,v1
sauce:torchbearer-sauces|smokey-horseradish-sauce-garlic-and-smokey-chipotle,torchbearer-sauces,Torchbearer Sauces,smokey-horseradish-sauce-garlic-and-smokey-chipotle,Smokey Horseradish Sauce - Garlic and Smokey Chipotle,,,,,retail_listing,https://torchbearersauces.com/products/smokey-horseradish-bottle-12oz,7.49,USD,https://torchbearersauces.com/products/smokey-horseradish-bottle-12oz,True,torchbearersauces.com,2026-09-19T11:09:45.470554Z,2026-09-19T14:01:06.545048Z,sauce-names-1,sauce-match-1,rule:sauce-structured-1,shopify,1,2_longtail,,False,0,,single_source:shopify,0,,,v1
sauce:torchbearer-sauces|son-of-zombie-sweet-and-smokey,torchbearer-sauces,Torchbearer Sauces,son-of-zombie-sweet-and-smokey,Son of Zombie - Sweet and Smokey Hot Sauce,,,,,retail_listing,https://torchbearersauces.com/products/son-of-zombie-smoky-hot-sauce-5oz-bottle,7.49,USD,https://torchbearersauces.com/products/son-of-zombie-smoky-hot-sauce-5oz-bottle,True,torchbearersauces.com,2026-09-19T11:09:45.470554Z,2026-09-19T14:01:06.545048Z,sauce-names-1,sauce-match-1,rule:sauce-structured-1,shopify,1,2_longtail,,False,0,,single_source:shopify,0,,,v1
sauce:torchbearer-sauces|sultry-sauce-sweet-and-spicy,torchbearer-sauces,Torchbearer Sauces,sultry-sauce-sweet-and-spicy,Sultry Sauce - Sweet and Spicy Hot Sauce,,,,,retail_listing,https://torchbearersauces.com/products/sultry-sauce-bottle-5oz,7.49,USD,https://torchbearersauces.com/products/sultry-sauce-bottle-5oz,True,torchbearersauces.com,2026-09-19T11:09:45.470554Z,2026-09-19T14:01:06.545048Z,sauce-names-1,sauce-match-1,rule:sauce-structured-1,shopify,1,2_longtail,,False,0,,single_source:shopify,0,,,v1
sauce:torchbearer-sauces|sweet-onion-habanero,torchbearer-sauces,Torchbearer Sauces,sweet-onion-habanero,Sweet Onion Habanero Hot Sauce,,,,,retail_listing,https://torchbearersauces.com/products/sweet-onion-habanero-hot-sauce-5-oz,7.49,USD,https://torchbearersauces.com/products/sweet-onion-habanero-hot-sauce-5-oz,True,torchbearersauces.com,2026-09-19T11:09:45.470554Z,2026-09-19T14:01:06.545048Z,sauce-names-1,sauce-match-1,rule:sauce-structured-1,shopify,1,2_longtail,,False,0,,single_source:shopify,0,,,v1
sauce:torchbearer-sauces|tingly-sauce-mild-carrot,torchbearer-sauces,Torchbearer Sauces,tingly-sauce-mild-carrot,Tingly Sauce - Mild Carrot Hot Sauce,,,,,retail_listing,https://torchbearersauces.com/products/tingly-hot-sauce-bottle-5oz,7.49,USD,https://torchbearersauces.com/products/tingly-hot-sauce-bottle-5oz,True,torchbearersauces.com,2026-09-19T11:09:45.470554Z,2026-09-19T14:01:06.545048Z,sauce-names-1,sauce-match-1,rule:sauce-structured-1,shopify,1,2_longtail,,False,0,,single_source:shopify,0,,,v1
sauce:torchbearer-sauces|jute-gift-bag,torchbearer-sauces,Torchbearer Sauces,jute-gift-bag,Jute Gift Bag,,,,,retail_listing,https://torchbearersauces.com/products/torchbearer-jute-gift-bag,3.99,USD,https://torchbearersauces.com/products/torchbearer-jute-gift-bag,True,torchbearersauces.com,2026-09-19T11:09:45.470554Z,2026-09-19T14:01:06.545048Z,sauce-names-1,sauce-match-1,rule:sauce-structured-1,shopify,1,2_longtail,,False,0,,single_source:shopify,0,,,v1
sauce:torchbearer-sauces|reusable-tote-bag,torchbearer-sauces,Torchbearer Sauces,reusable-tote-bag,Reusable Tote Bag,,,,,retail_listing,https://torchbearersauces.com/products/torchbearer-tote-bag,9.99,USD,https://torchbearersauces.com/products/torchbearer-tote-bag,True,torchbearersauces.com,2026-09-19T11:09:45.470554Z,2026-09-19T14:01:06.545048Z,sauce-names-1,sauce-match-1,rule:sauce-structured-1,shopify,1,2_longtail,,False,0,,single_source:shopify,0,,,v1
sauce:torchbearer-sauces|torchedstone-thai-thai-curry,torchbearer-sauces,Torchbearer Sauces,torchedstone-thai-thai-curry,TorchedStone Thai - Thai Curry Hot Sauce,,,,,retail_listing,https://torchbearersauces.com/products/torched-stone-thai-hot-sauce-5oz-bottle,7.49,USD,https://torchbearersauces.com/products/torched-stone-thai-hot-sauce-5oz-bottle,True,torchbearersauces.com,2026-09-19T11:09:45.470554Z,2026-09-19T14:01:06.545048Z,sauce-names-1,sauce-match-1,rule:sauce-structured-1,shopify,1,2_longtail,,False,0,,single_source:shopify,0,,,v1
sauce:torchbearer-sauces|rapture-trinidad-scorpion,torchbearer-sauces,Torchbearer Sauces,rapture-trinidad-scorpion,The Rapture - Trinidad Scorpion Hot Sauce,,,,,retail_listing,https://torchbearersauces.com/products/trinidad-scorpion-pepper-bottle-5oz,14.49,USD,https://torchbearersauces.com/products/trinidad-scorpion-pepper-bottle-5oz,True,torchbearersauces.com,2026-09-19T11:09:45.470554Z,2026-09-19T14:01:06.545048Z,sauce-names-1,sauce-match-1,rule:sauce-structured-1,shopify,1,2_longtail,,False,0,,single_source:shopify,0,,,v1
sauce:torchbearer-sauces|ultimate-annihilation,torchbearer-sauces,Torchbearer Sauces,ultimate-annihilation,Ultimate Annihilation Hot Sauce,,,,,retail_listing,https://torchbearersauces.com/products/ultimate-annihilation-bottle-5oz,14.49,USD,https://torchbearersauces.com/products/ultimate-annihilation-bottle-5oz,True,torchbearersauces.com,2026-09-19T11:09:45.470554Z,2026-09-19T14:01:06.545048Z,sauce-names-1,sauce-match-1,rule:sauce-structured-1,shopify,1,2_longtail,,False,0,,single_source:shopify,0,,,v1
sauce:torchbearer-sauces|zombie-apocalypse-ghost-pepper,torchbearer-sauces,Torchbearer Sauces,zombie-apocalypse-ghost-pepper,Zombie Apocalypse™ - Ghost Pepper Hot Sauce,,,,,retail_listing,https://torchbearersauces.com/products/zombie-apocalypse-bottle-5oz,13.49,USD,https://torchbearersauces.com/products/zombie-apocalypse-bottle-5oz,True,torchbearersauces.com,2026-09-19T11:09:45.470554Z,2026-09-19T14:01:06.545048Z,sauce-names-1,sauce-match-1,rule:sauce-structured-1,shopify,1,2_longtail,,False,0,,single_source:shopify,0,,,v1
sauce:truff|habanero,truff,Truff,habanero,Habanero Hot Sauce,,,,,unknown,https://truff.com/products/hotter-truff-hot-sauce,17.98,USD,https://truff.com/products/hotter-truff-hot-sauce,False,truff.com,2026-09-19T11:09:45.470554Z,2026-09-19T14:01:06.545048Z,sauce-names-1,sauce-match-1,rule:sauce-structured-1,shopify,1,2_longtail,,True,22,sauce:barnacle|habanero|sauce:cabana|habanero|sauce:cien-chiles|habanero|sauce:corn-chiles|habanero|sauce:herdez|habanero,single_source:shopify,0,,,v1
sauce:truff|jalapeno-lime-hot-sauce-combo-pack,truff,Truff,jalapeno-lime-hot-sauce-combo-pack,Jalapeño Lime Hot Sauce Combo Pack,,,,,unknown,https://truff.com/products/jalapeno-lime-hot-sauce-combo-pack,29.99,USD,https://truff.com/products/jalapeno-lime-hot-sauce-combo-pack,False,truff.com,2026-09-19T11:09:45.470554Z,2026-09-19T14:01:06.545048Z,sauce-names-1,sauce-match-1,rule:sauce-structured-1,shopify,1,2_longtail,,False,0,,single_source:shopify,0,,,v1
sauce:truff|original,truff,Truff,original,Original Hot Sauce,,,,,unknown,https://truff.com/products/truff,17.98,USD,https://truff.com/products/truff,False,truff.com,2026-09-19T11:09:45.470554Z,2026-09-19T14:01:06.545048Z,sauce-names-1,sauce-match-1,rule:sauce-structured-1,shopify,1,2_longtail,,True,23,sauce:82-s|original|sauce:bombanana|original|sauce:bruce|original|sauce:buldak|original|sauce:char-man|original,single_source:shopify,0,,,v1
sauce:truff|jalapeno-lime,truff,Truff,jalapeno-lime,Jalapeño Lime Hot Sauce,,,,,unknown,https://truff.com/products/truff-jalapeno-lime-hot-sauce,17.98,USD,https://truff.com/products/truff-jalapeno-lime-hot-sauce,False,truff.com,2026-09-19T11:09:45.470554Z,2026-09-19T14:01:06.545048Z,sauce-names-1,sauce-match-1,rule:sauce-structured-1,shopify,1,2_longtail,,True,2,sauce:pallotta-hot|jalapeno-lime|sauce:truff|jalapeno-line,single_source:shopify,0,,,v1
sauce:truff|mild-hot-sauce,truff,Truff,mild-hot-sauce,Mild Hot Sauce ( ),2 Pack,,,,unknown,https://truff.com/products/truff-mild-hot-sauce-2-pack,19.99,USD,https://truff.com/products/truff-mild-hot-sauce-2-pack,False,truff.com,2026-09-19T11:09:45.470554Z,2026-09-19T14:01:06.545048Z,sauce-names-1,sauce-match-1,rule:sauce-structured-1,shopify,1,2_longtail,,False,0,,single_source:shopify,0,,,v1
sauce:truff|smoky-pineapple-hot-sauce,truff,Truff,smoky-pineapple-hot-sauce,Smoky Pineapple Hot Sauce ( ),2 Pack,,,,unknown,https://truff.com/products/truff-smoky-pineapple-hot-sauce-2-pack,19.99,USD,https://truff.com/products/truff-smoky-pineapple-hot-sauce-2-pack,False,truff.com,2026-09-19T11:09:45.470554Z,2026-09-19T14:01:06.545048Z,sauce-names-1,sauce-match-1,rule:sauce-structured-1,shopify,1,2_longtail,,False,0,,single_source:shopify,0,,,v1
sauce:truff|white,truff,Truff,white,White Hot Sauce,,,,,unknown,https://truff.com/products/white-truffle-hot-sauce,34.99,USD,https://truff.com/products/white-truffle-hot-sauce,False,truff.com,2026-09-19T11:09:45.470554Z,2026-09-19T14:01:06.545048Z,sauce-names-1,sauce-match-1,rule:sauce-structured-1,shopify,1,2_longtail,,True,1,sauce:benito-s-vermont-crafted|white,single_source:shopify,0,,,v1
sauce:unhallowed|malediction,unhallowed,Unhallowed Hot Sauce,malediction,Malediction,,,,,unknown,https://heathotsauce.com/products/malediction,7.99,USD,https://heathotsauce.com/products/malediction,False,heathotsauce.com,2026-09-19T13:52:25.427841Z,2026-09-19T14:01:06.545048Z,sauce-names-1,sauce-match-1,rule:sauce-structured-1,shopify,1,2_longtail,,False,0,,single_source:shopify,0,,,v1
sauce:volcanic-peppers|lava-smoked-habanero,volcanic-peppers,Volcanic Peppers,lava-smoked-habanero,LAVA Smoked Habanero Hot Sauce,,,,,unknown,https://crafthotsauce.com/products/lava-smoked-habanero-hot-sauce,7.00,USD,https://crafthotsauce.com/products/lava-smoked-habanero-hot-sauce,False,crafthotsauce.com,2026-09-19T13:52:25.427841Z,2026-09-19T14:01:06.545048Z,sauce-names-1,sauce-match-1,rule:sauce-structured-1,shopify,1,2_longtail,,False,0,,single_source:shopify,0,,,v1
sauce:volcanic-peppers|peach-ghost-pucker,volcanic-peppers,Volcanic Peppers,peach-ghost-pucker,Peach Ghost Pucker,,,,,retail_listing,https://heathotsauce.com/products/peach-ghost-pucker,9.99,USD,https://heathotsauce.com/products/peach-ghost-pucker,True,heathotsauce.com,2026-09-19T13:52:25.427841Z,2026-09-19T14:01:06.545048Z,sauce-names-1,sauce-match-1,rule:sauce-structured-1,shopify,1,2_longtail,,False,0,,single_source:shopify,0,,,v1
sauce:volcanic-peppers|suk-mango-serrano,volcanic-peppers,Volcanic Peppers,suk-mango-serrano,SUK Mango Serrano Hot Sauce,,,,,retail_listing,https://heathotsauce.com/products/suk-mango-serrano-hot-sauce,6.99,USD,https://heathotsauce.com/products/suk-mango-serrano-hot-sauce,True,heathotsauce.com,2026-09-19T13:52:25.427841Z,2026-09-19T14:01:06.545048Z,sauce-names-1,sauce-match-1,rule:sauce-structured-1,shopify,1,2_longtail,,False,0,,single_source:shopify,0,,,v1
sauce:volcanic-peppers|hot-scarlett,volcanic-peppers,Volcanic Peppers,hot-scarlett,Hot Scarlett,,,,,retail_listing,https://heathotsauce.com/products/volcanic-peppers-hot-scarlett,6.99,USD,https://heathotsauce.com/products/volcanic-peppers-hot-scarlett,True,heathotsauce.com,2026-09-19T13:52:25.427841Z,2026-09-19T14:01:06.545048Z,sauce-names-1,sauce-match-1,rule:sauce-structured-1,shopify,1,2_longtail,,False,0,,single_source:shopify,0,,,v1
sauce:volcanic-peppers|scarlett-pepper,volcanic-peppers,Volcanic Peppers,scarlett-pepper,Scarlett Pepper Sauce,,,,,retail_listing,https://heathotsauce.com/products/volcanic-peppers-scarlett,6.99,USD,https://heathotsauce.com/products/volcanic-peppers-scarlett,True,heathotsauce.com,2026-09-19T13:52:25.427841Z,2026-09-19T14:01:06.545048Z,sauce-names-1,sauce-match-1,rule:sauce-structured-1,shopify,1,2_longtail,,False,0,,single_source:shopify,0,,,v1
sauce:volcanic-peppers|smokin-hot-scarlett,volcanic-peppers,Volcanic Peppers,smokin-hot-scarlett,Smokin' Hot Scarlett,,,,,retail_listing,https://heathotsauce.com/products/volcanic-peppers-smokin-hot-scarlett,6.99,USD,https://heathotsauce.com/products/volcanic-peppers-smokin-hot-scarlett,True,heathotsauce.com,2026-09-19T13:52:25.427841Z,2026-09-19T14:01:06.545048Z,sauce-names-1,sauce-match-1,rule:sauce-structured-1,shopify,1,2_longtail,,False,0,,single_source:shopify,0,,,v1
sauce:west3d|caramel-apple,west3d,West3D,caramel-apple,Caramel Apple Hot Sauce,,,,,unknown,https://pexpeppers.com/products/west3d-caramel-apple-hot-sauce,10.99,USD,https://pexpeppers.com/products/west3d-caramel-apple-hot-sauce,False,pexpeppers.com,2026-09-19T11:09:45.470554Z,2026-09-19T14:01:06.545048Z,sauce-names-1,sauce-match-1,rule:sauce-structured-1,shopify,1,2_longtail,,False,0,,single_source:shopify,0,,,v1
sauce:wicked-provisions|el-pepe,wicked-provisions,Wicked Provisions,el-pepe,El Pepe Hot Sauce,,,,,unknown,https://puckerbuttpeppercompany.com/products/wicked-provisions-el-pepe-hot-sauce,9.00,USD,https://puckerbuttpeppercompany.com/products/wicked-provisions-el-pepe-hot-sauce,False,puckerbuttpeppercompany.com,2026-09-19T11:09:45.470554Z,2026-09-19T14:01:06.545048Z,sauce-names-1,sauce-match-1,rule:sauce-structured-1,shopify,1,2_longtail,,False,0,,single_source:shopify,0,,,v1
sauce:wicked-provisions|magic-mushroom-stout,wicked-provisions,Wicked Provisions,magic-mushroom-stout,Magic Mushroom Stout Hot Sauce,,,,,unknown,https://puckerbuttpeppercompany.com/products/wicked-provisions-el-pepe-hot-sauce-copy,11.00,USD,https://puckerbuttpeppercompany.com/products/wicked-provisions-el-pepe-hot-sauce-copy,False,puckerbuttpeppercompany.com,2026-09-19T11:09:45.470554Z,2026-09-19T14:01:06.545048Z,sauce-names-1,sauce-match-1,rule:sauce-structured-1,shopify,1,2_longtail,,False,0,,single_source:shopify,0,,,v1
sauce:wicked-provisions|flaming-cock,wicked-provisions,Wicked Provisions,flaming-cock,Flaming Cock Hot Sauce,,,,,unknown,https://puckerbuttpeppercompany.com/products/wicked-provisions-flaming-cock-hot-sauce,9.00,USD,https://puckerbuttpeppercompany.com/products/wicked-provisions-flaming-cock-hot-sauce,False,puckerbuttpeppercompany.com,2026-09-19T11:09:45.470554Z,2026-09-19T14:01:06.545048Z,sauce-names-1,sauce-match-1,rule:sauce-structured-1,shopify,1,2_longtail,,False,0,,single_source:shopify,0,,,v1
sauce:wicked-provisions|java-lava,wicked-provisions,Wicked Provisions,java-lava,Java Lava Hot Sauce,,,,,unknown,https://puckerbuttpeppercompany.com/products/wicked-provisions-java-lava-hot-sauce,9.00,USD,https://puckerbuttpeppercompany.com/products/wicked-provisions-java-lava-hot-sauce,False,puckerbuttpeppercompany.com,2026-09-19T11:09:45.470554Z,2026-09-19T14:01:06.545048Z,sauce-names-1,sauce-match-1,rule:sauce-structured-1,shopify,1,2_longtail,,False,0,,single_source:shopify,0,,,v1
sauce:wicked-provisions|smoked-onion-chipotle,wicked-provisions,Wicked Provisions,smoked-onion-chipotle,Smoked Onion Chipotle Hot Sauce,,,,,unknown,https://puckerbuttpeppercompany.com/products/wicked-provisions-magic-mushroom-stout-hot-sauce-copy,9.00,USD,https://puckerbuttpeppercompany.com/products/wicked-provisions-magic-mushroom-stout-hot-sauce-copy,False,puckerbuttpeppercompany.com,2026-09-19T11:09:45.470554Z,2026-09-19T14:01:06.545048Z,sauce-names-1,sauce-match-1,rule:sauce-structured-1,shopify,1,2_longtail,,False,0,,single_source:shopify,0,,,v1
sauce:wicked-provisions|wicked-original,wicked-provisions,Wicked Provisions,wicked-original,Wicked Original Hot Sauce,,,,,unknown,https://puckerbuttpeppercompany.com/products/wicked-provisions-wicked-original-hot-sauce,9.00,USD,https://puckerbuttpeppercompany.com/products/wicked-provisions-wicked-original-hot-sauce,False,puckerbuttpeppercompany.com,2026-09-19T11:09:45.470554Z,2026-09-19T14:01:06.545048Z,sauce-names-1,sauce-match-1,rule:sauce-structured-1,shopify,1,2_longtail,,False,0,,single_source:shopify,0,,,v1
sauce:wicked-provisions|yellow-jacket,wicked-provisions,Wicked Provisions,yellow-jacket,Yellow Jacket Hot Sauce,,,,,unknown,https://puckerbuttpeppercompany.com/products/wicked-provisions-yellow-jacket-hot-sauce,9.00,USD,https://puckerbuttpeppercompany.com/products/wicked-provisions-yellow-jacket-hot-sauce,False,puckerbuttpeppercompany.com,2026-09-19T11:09:45.470554Z,2026-09-19T14:01:06.545048Z,sauce-names-1,sauce-match-1,rule:sauce-structured-1,shopify,1,2_longtail,,False,0,,single_source:shopify,0,,,v1
sauce:realstuff|yellowbird-sauce-serrano,yellowbird,YELLOWBIRD SAUCE,serrano,SERRANO SAUCE,,00856262005051,,,retail_listing,file:///C:/Users/luke_/Desktop/AI/Scout/state/snapshot-20260919T082412Z/fdc/candidates.csv,10.00,USD,https://yellowbirdsauce.com/products/serrano-bundle,True,yellowbirdsauce.com,2026-09-19T11:09:45.470554Z,2026-09-19T14:01:06.545048Z,sauce-names-1,sauce-match-1,rule:sauce-structured-1,fdc|off|shopify,3,1_population|2_longtail,,True,2,sauce:yellow-bird|serrano|sauce:|serrano,multi_source,0,,,v1
sauce:yellowbird|plum-reaper,yellowbird,Yellowbird Foods,plum-reaper,Plum Reaper Hot Sauce,,00750013566672,,,retail_listing,http://world-en.openfoodfacts.org/product/0750013566672/plum-reaper-hot-sauce-yellowbird-foods,14.00,USD,https://yellowbirdsauce.com/products/plum-reaper-bundle,True,yellowbirdsauce.com,2026-09-19T11:09:45.470554Z,2026-09-19T14:01:06.545048Z,sauce-names-1,sauce-match-1,rule:sauce-structured-1,off|shopify,2,1_population|2_longtail,,True,2,sauce:yellow-bird|plum-reaper|sauce:|plum-reaper,multi_source,0,,,v1
sauce:yellowbird|sriracha,yellowbird,Yellowbird,sriracha,Sriracha Hot Sauce,,00856262005686,,,retail_listing,http://world-en.openfoodfacts.org/product/0856262005686/sriracha-hot-sauce-yellowbird,10.00,USD,https://yellowbirdsauce.com/products/build-your-own-yb-test,True,yellowbirdsauce.com,2026-09-19T11:09:45.470554Z,2026-09-19T14:01:06.545048Z,sauce-names-1,sauce-match-1,rule:sauce-structured-1,off|shopify,2,1_population|2_longtail,,True,49,sauce:24vegan|sriracha|sauce:505-southwestern|sriracha|sauce:a-taste-of-thai|sriracha|sauce:a1|sriracha|sauce:ahold-usa|sriracha,multi_source,0,,,v1
sauce:yellowbird|habanero,yellowbird,Yellowbird,habanero,Habanero Hot Sauce,,00850016568236,,,retail_listing,http://world-en.openfoodfacts.org/product/0850016568236/habanero-hot-sauce-yellowbird,10.00,USD,https://yellowbirdsauce.com/products/habanero-bundle,True,yellowbirdsauce.com,2026-09-19T11:09:45.470554Z,2026-09-19T14:01:06.545048Z,sauce-names-1,sauce-match-1,rule:sauce-structured-1,off|shopify,2,1_population|2_longtail,,True,22,sauce:barnacle|habanero|sauce:cabana|habanero|sauce:cien-chiles|habanero|sauce:corn-chiles|habanero|sauce:herdez|habanero,multi_source,0,,,v1
sauce:yellowbird|build-your-own,yellowbird,Yellowbird®,build-your-own,Build Your Own,,,,,retail_listing,https://yellowbirdsauce.com/products/build-your-own-hot-sauce-bundle,30.00,USD,https://yellowbirdsauce.com/products/build-your-own-hot-sauce-bundle,True,yellowbirdsauce.com,2026-09-19T11:09:45.470554Z,2026-09-19T14:01:06.545048Z,sauce-names-1,sauce-match-1,rule:sauce-structured-1,shopify,1,2_longtail,,False,0,,single_source:shopify,0,,,v1
sauce:yellowbird|classic-blue-agave-sriracha,yellowbird,Yellowbird®,classic-blue-agave-sriracha,Classic Blue Agave Sriracha,,,,,retail_listing,https://yellowbirdsauce.com/products/classic-blue-agave-sriracha,30.00,USD,https://yellowbirdsauce.com/products/classic-blue-agave-sriracha,True,yellowbirdsauce.com,2026-09-19T11:09:45.470554Z,2026-09-19T14:01:06.545048Z,sauce-names-1,sauce-match-1,rule:sauce-structured-1,shopify,1,2_longtail,,False,0,,single_source:shopify,0,,,v1
sauce:yellowbird|classic-ghost-pepper,yellowbird,Yellowbird®,classic-ghost-pepper,Classic Ghost Pepper Hot Sauce,,,,,retail_listing,https://yellowbirdsauce.com/products/classic-ghost-pepper-hot-sauce,30.00,USD,https://yellowbirdsauce.com/products/classic-ghost-pepper-hot-sauce,True,yellowbirdsauce.com,2026-09-19T11:09:45.470554Z,2026-09-19T14:01:06.545048Z,sauce-names-1,sauce-match-1,rule:sauce-structured-1,shopify,1,2_longtail,,False,0,,single_source:shopify,0,,,v1
sauce:yellowbird|classic-habanero,yellowbird,Yellowbird®,classic-habanero,Classic Habanero Hot Sauce,,,,,retail_listing,https://yellowbirdsauce.com/products/classic-habanero-hot-sauce,30.00,USD,https://yellowbirdsauce.com/products/classic-habanero-hot-sauce,True,yellowbirdsauce.com,2026-09-19T11:09:45.470554Z,2026-09-19T14:01:06.545048Z,sauce-names-1,sauce-match-1,rule:sauce-structured-1,shopify,1,2_longtail,,True,1,sauce:seafire-gourmet|classic-habanero,single_source:shopify,0,,,v1
sauce:yellowbird|classic-hot-sauce-variety-set,yellowbird,Yellowbird®,classic-hot-sauce-variety-set,Classic Hot Sauce Variety Set,,,,,retail_listing,https://yellowbirdsauce.com/products/classic-hot-sauce-variety-set,25.00,USD,https://yellowbirdsauce.com/products/classic-hot-sauce-variety-set,True,yellowbirdsauce.com,2026-09-19T11:09:45.470554Z,2026-09-19T14:01:06.545048Z,sauce-names-1,sauce-match-1,rule:sauce-structured-1,shopify,1,2_longtail,,False,0,,single_source:shopify,0,,,v1
sauce:yellowbird|classic-jalapeno,yellowbird,Yellowbird®,classic-jalapeno,Classic Jalapeño Hot Sauce,,,,,retail_listing,https://yellowbirdsauce.com/products/classic-jalapeno-hot-sauce,30.00,USD,https://yellowbirdsauce.com/products/classic-jalapeno-hot-sauce,True,yellowbirdsauce.com,2026-09-19T11:09:45.470554Z,2026-09-19T14:01:06.545048Z,sauce-names-1,sauce-match-1,rule:sauce-structured-1,shopify,1,2_longtail,,False,0,,single_source:shopify,0,,,v1
sauce:yellowbird|classic-serrano,yellowbird,Yellowbird®,classic-serrano,Classic Serrano Hot Sauce,,,,,retail_listing,https://yellowbirdsauce.com/products/classic-serrano-hot-sauce,30.00,USD,https://yellowbirdsauce.com/products/classic-serrano-hot-sauce,True,yellowbirdsauce.com,2026-09-19T11:09:45.470554Z,2026-09-19T14:01:06.545048Z,sauce-names-1,sauce-match-1,rule:sauce-structured-1,shopify,1,2_longtail,,False,0,,single_source:shopify,0,,,v1
sauce:yellowbird|garlic-shiitake,yellowbird,Yellowbird®,garlic-shiitake,Garlic Shiitake Hot Sauce,,,,,retail_listing,https://yellowbirdsauce.com/products/garlic-shiitake-hot-sauce,14.00,USD,https://yellowbirdsauce.com/products/garlic-shiitake-byo-test,True,yellowbirdsauce.com,2026-09-19T11:09:45.470554Z,2026-09-19T14:01:06.545048Z,sauce-names-1,sauce-match-1,rule:sauce-structured-1,shopify,1,2_longtail,,True,1,sauce:yellow-bird|garlic-shiitake,single_source:shopify,0,,,v1
sauce:yellowbird|ghost-pepper,yellowbird,Yellowbird®,ghost-pepper,Ghost Pepper,,,,,retail_listing,https://yellowbirdsauce.com/products/ghost-pepper-bundle,10.00,USD,https://yellowbirdsauce.com/products/ghost-pepper-bundle,True,yellowbirdsauce.com,2026-09-19T11:09:45.470554Z,2026-09-19T14:01:06.545048Z,sauce-names-1,sauce-match-1,rule:sauce-structured-1,shopify,1,2_longtail,,True,7,sauce:dave-s-gourmet|ghost-pepper|sauce:elijah-s-xtreme|ghost-pepper|sauce:formosa|ghost-pepper|sauce:horseshoe|ghost-pepper|sauce:melinda-s|ghost-pepper,single_source:shopify,0,,,v1
sauce:yellowbird|hatch-tahini,yellowbird,Yellowbird®,hatch-tahini,Hatch Tahini Hot Sauce,,,,,retail_listing,https://yellowbirdsauce.com/products/hatch-tahini-hot-sauce,14.00,USD,https://yellowbirdsauce.com/products/hatch-chile,True,yellowbirdsauce.com,2026-09-19T11:09:45.470554Z,2026-09-19T14:01:06.545048Z,sauce-names-1,sauce-match-1,rule:sauce-structured-1,shopify,1,2_longtail,,False,0,,single_source:shopify,0,,,v1
sauce:yellowbird|jalapeno,yellowbird,Yellowbird®,jalapeno,Jalapeño,,,,,retail_listing,https://yellowbirdsauce.com/products/jalapeno-bundle,10.00,USD,https://yellowbirdsauce.com/products/jalapeno-bundle,True,yellowbirdsauce.com,2026-09-19T11:09:45.470554Z,2026-09-19T14:01:06.545048Z,sauce-names-1,sauce-match-1,rule:sauce-structured-1,shopify,1,2_longtail,,True,16,sauce:ahold|jalapeno|sauce:cien-chiles|jalapeno|sauce:el-pollo-loco|jalapeno|sauce:finest|jalapeno|sauce:freaky-ferments-food-beverage|jalapeno,single_source:shopify,0,,,v1
sauce:yellowbird|made-with-organic-ghost-pepper,yellowbird,Yellowbird®,made-with-organic-ghost-pepper,Made with Organic Ghost Pepper Hot Sauce,,,,,retail_listing,https://yellowbirdsauce.com/products/made-with-organic-ghost-pepper-hot-sauce,36.00,USD,https://yellowbirdsauce.com/products/made-with-organic-ghost-pepper-hot-sauce,True,yellowbirdsauce.com,2026-09-19T11:09:45.470554Z,2026-09-19T14:01:06.545048Z,sauce-names-1,sauce-match-1,rule:sauce-structured-1,shopify,1,2_longtail,,False,0,,single_source:shopify,0,,,v1
sauce:yellowbird|organic-habanero,yellowbird,Yellowbird®,organic-habanero,Organic Habanero Hot Sauce,,,,,retail_listing,https://yellowbirdsauce.com/products/organic-habanero-hot-sauce,36.00,USD,https://yellowbirdsauce.com/products/organic-habanero-hot-sauce,True,yellowbirdsauce.com,2026-09-19T11:09:45.470554Z,2026-09-19T14:01:06.545048Z,sauce-names-1,sauce-match-1,rule:sauce-structured-1,shopify,1,2_longtail,,False,0,,single_source:shopify,0,,,v1
sauce:yellowbird|made-with-organic-hot-sauce-variety-set,yellowbird,Yellowbird®,made-with-organic-hot-sauce-variety-set,Made with Organic Hot Sauce Variety Set,,,,,retail_listing,https://yellowbirdsauce.com/products/organic-hot-sauce-variety-set,28.00,USD,https://yellowbirdsauce.com/products/organic-hot-sauce-variety-set,True,yellowbirdsauce.com,2026-09-19T11:09:45.470554Z,2026-09-19T14:01:06.545048Z,sauce-names-1,sauce-match-1,rule:sauce-structured-1,shopify,1,2_longtail,,False,0,,single_source:shopify,0,,,v1
sauce:yellowbird|organic-serrano,yellowbird,Yellowbird®,organic-serrano,Organic Serrano Hot Sauce,,00856262005365,,,retail_listing,https://yellowbirdsauce.com/products/organic-serrano-hot-sauce,36.00,USD,https://yellowbirdsauce.com/products/organic-serrano-hot-sauce,True,yellowbirdsauce.com,2026-09-19T11:09:45.470554Z,2026-09-19T14:01:06.545048Z,sauce-names-1,sauce-match-1,rule:sauce-structured-1,off|shopify,2,1_population|2_longtail,,False,0,,multi_source,0,,,v1
sauce:yellowbird|organic-sriracha,yellowbird,Yellowbird®,organic-sriracha,Organic Sriracha Hot Sauce,,,,,retail_listing,https://yellowbirdsauce.com/products/organic-sriracha-hot-sauce,36.00,USD,https://yellowbirdsauce.com/products/organic-sriracha-hot-sauce,True,yellowbirdsauce.com,2026-09-19T11:09:45.470554Z,2026-09-19T14:01:06.545048Z,sauce-names-1,sauce-match-1,rule:sauce-structured-1,shopify,1,2_longtail,,True,1,sauce:sprouts|organic-sriracha,single_source:shopify,0,,,v1
sauce:yellowbird|serrano-coconut,yellowbird,Yellowbird®,serrano-coconut,Serrano Coconut,,,,,retail_listing,https://yellowbirdsauce.com/products/serrano-coconut-byob,14.00,USD,https://yellowbirdsauce.com/products/serrano-coconut-byob,True,yellowbirdsauce.com,2026-09-19T11:09:45.470554Z,2026-09-19T14:01:06.545048Z,sauce-names-1,sauce-match-1,rule:sauce-structured-1,shopify,1,2_longtail,,False,0,,single_source:shopify,0,,,v1
sauce:yellowbird|small-batch-variety-4-pack,yellowbird,Yellowbird®,small-batch-variety-4-pack,Small Batch Variety 4-Pack,,,,,retail_listing,https://yellowbirdsauce.com/products/small-batch-hot-sauce-variety-4-pack,56.00,USD,https://yellowbirdsauce.com/products/small-batch-hot-sauce-variety-4-pack,True,yellowbirdsauce.com,2026-09-19T11:09:45.470554Z,2026-09-19T14:01:06.545048Z,sauce-names-1,sauce-match-1,rule:sauce-structured-1,shopify,1,2_longtail,,False,0,,single_source:shopify,0,,,v1
sauce:zia-cantina|camazotz,zia-cantina,Zia Cantina,camazotz,Camazotz Hot Sauce,,,,,retail_listing,https://ziachile.com/products/camazotz,10.00,USD,https://ziachile.com/products/camazotz,True,ziachile.com,2026-09-19T11:09:45.470554Z,2026-09-19T14:01:06.545048Z,sauce-names-1,sauce-match-1,rule:sauce-structured-1,shopify,1,2_longtail,,False,0,,single_source:shopify,0,,,v1
sauce:zia-cantina|la-llorona,zia-cantina,Zia Cantina,la-llorona,La Llorona Hot Sauce,,,,,retail_listing,https://ziachile.com/products/la-llorona-hot-sauce,10.00,USD,https://ziachile.com/products/la-llorona-hot-sauce,True,ziachile.com,2026-09-19T11:09:45.470554Z,2026-09-19T14:01:06.545048Z,sauce-names-1,sauce-match-1,rule:sauce-structured-1,shopify,1,2_longtail,,False,0,,single_source:shopify,0,,,v1
sauce:zia-cantina|orizaba,zia-cantina,Zia Cantina,orizaba,Orizaba Hot Sauce,,,,,retail_listing,https://ziachile.com/products/orizaba-hot-sauce,10.00,USD,https://ziachile.com/products/orizaba-hot-sauce,True,ziachile.com,2026-09-19T11:09:45.470554Z,2026-09-19T14:01:06.545048Z,sauce-names-1,sauce-match-1,rule:sauce-structured-1,shopify,1,2_longtail,,False,0,,single_source:shopify,0,,,v1
sauce:zia-cantina|strike,zia-cantina,Zia Cantina,strike,Strike! Hot Sauce,,,,,retail_listing,https://ziachile.com/products/strike,10.00,USD,https://ziachile.com/products/strike,True,ziachile.com,2026-09-19T11:09:45.470554Z,2026-09-19T14:01:06.545048Z,sauce-names-1,sauce-match-1,rule:sauce-structured-1,shopify,1,2_longtail,,False,0,,single_source:shopify,0,,,v1
sauce:zia-cantina|hot,zia-cantina,Zia Cantina,hot,Hot Sauce,,,,,retail_listing,https://ziachile.com/products/zia-cantina,10.00,USD,https://ziachile.com/products/zia-cantina,True,ziachile.com,2026-09-19T11:09:45.470554Z,2026-09-19T14:01:06.545048Z,sauce-names-1,sauce-match-1,rule:sauce-structured-1,shopify,1,2_longtail,,True,124,sauce:a-m-braswell-jr|hot|sauce:ala-orden|hot|sauce:always-save|hot|sauce:antonio-sanchez-salazar|hot|sauce:best-choice|hot,single_source:shopify,0,,,v1
sauce:zia-cantina|zia-chile-traders-red-chile,zia-cantina,Zia Cantina,zia-chile-traders-red-chile,Zia Chile Traders Red Chile Hot Sauce,,,,,retail_listing,https://ziachile.com/products/zia-chil-traders-red-chile-hot-sauce,10.00,USD,https://ziachile.com/products/zia-chil-traders-red-chile-hot-sauce,True,ziachile.com,2026-09-19T11:09:45.470554Z,2026-09-19T14:01:06.545048Z,sauce-names-1,sauce-match-1,rule:sauce-structured-1,shopify,1,2_longtail,,False,0,,single_source:shopify,0,,,v1
sauce:zia-cantina|zia-chile-traders-green-chile,zia-cantina,Zia Cantina,zia-chile-traders-green-chile,Zia Chile Traders Green Chile Hot Sauce,,,,,retail_listing,https://ziachile.com/products/zia-chile-traders-green-chile-hot-sauce,10.00,USD,https://ziachile.com/products/zia-chile-traders-green-chile-hot-sauce,True,ziachile.com,2026-09-19T11:09:45.470554Z,2026-09-19T14:01:06.545048Z,sauce-names-1,sauce-match-1,rule:sauce-structured-1,shopify,1,2_longtail,,False,0,,single_source:shopify,0,,,v1
sauce:calijalapenos|zucchini-jalapeno-relish,calijalapenos,calijalapenos,zucchini-jalapeno-relish,Zucchini Jalapeno Relish,,,,,retail_listing,https://calijalapenos.com/products/zucchini-jalapeno-relish,10.90,USD,https://calijalapenos.com/products/zucchini-jalapeno-relish,True,calijalapenos.com,2026-09-19T11:09:45.470554Z,2026-09-19T14:01:06.545048Z,sauce-names-1,sauce-match-1,rule:sauce-structured-1,shopify,1,2_longtail,,False,0,,single_source:shopify,0,,,v1
sauce:dosmokehouse|prairie-lightning-cherry-chipotle-bbq-dipping-sauce-dutch-oven-smokehouse,dosmokehouse,dosmokehouse,prairie-lightning-cherry-chipotle-bbq-dipping-sauce-dutch-oven-smokehouse,“Prairie Lightning” Cherry Chipotle BBQ & Dipping Sauce – Dutch Oven Smokehouse,,,,,retail_listing,https://dosmokehouse.com/products/prairie-lightning-cherry-chipotle-bbq-dipping-sauce-dutch-oven-smokehouse-copy,12.99,USD,https://dosmokehouse.com/products/prairie-lightning-cherry-chipotle-bbq-dipping-sauce-dutch-oven-smokehouse-copy,True,dosmokehouse.com,2026-09-19T11:09:45.470554Z,2026-09-19T14:01:06.545048Z,sauce-names-1,sauce-match-1,rule:sauce-structured-1,shopify,1,2_longtail,,False,0,,single_source:shopify,0,,,v1
sauce:dosmokehouse|sunset-rider-orange-vinegar-bbq-wing-sauce-dutch-oven-smokehouse,dosmokehouse,dosmokehouse,sunset-rider-orange-vinegar-bbq-wing-sauce-dutch-oven-smokehouse,Sunset Rider Orange Vinegar BBQ & Wing Sauce - Dutch Oven Smokehouse,,,,,retail_listing,https://dosmokehouse.com/products/sunset-rider-orange-vinegar-bbq-wing-sauce,9.99,USD,https://dosmokehouse.com/products/sunset-rider-orange-vinegar-bbq-wing-sauce-dutch-oven-smokehouse,True,dosmokehouse.com,2026-09-19T11:09:45.470554Z,2026-09-19T14:01:06.545048Z,sauce-names-1,sauce-match-1,rule:sauce-structured-1,shopify,1,2_longtail,,False,0,,single_source:shopify,0,,,v1
sauce:mama-julies|carolina-reaper-chunky-salsa,mama-julies,mama julies,carolina-reaper-chunky-salsa,Carolina Reaper Chunky Salsa,,,,,unknown,https://puckerbuttpeppercompany.com/products/mama-julies-carolina-reaper-chunky-salsa,9.00,USD,https://puckerbuttpeppercompany.com/products/mama-julies-carolina-reaper-chunky-salsa,False,puckerbuttpeppercompany.com,2026-09-19T11:09:45.470554Z,2026-09-19T14:01:06.545048Z,sauce-names-1,sauce-match-1,rule:sauce-structured-1,shopify,1,2_longtail,,False,0,,single_source:shopify,0,,,v1
sauce:mama-julies|ghost-pepper-fine-chopped-salsa,mama-julies,mama julies,ghost-pepper-fine-chopped-salsa,Ghost Pepper Fine Chopped Salsa,,,,,unknown,https://puckerbuttpeppercompany.com/products/mama-julies-ghost-pepper-fine-chopped-salsa,9.00,USD,https://puckerbuttpeppercompany.com/products/mama-julies-ghost-pepper-fine-chopped-salsa,False,puckerbuttpeppercompany.com,2026-09-19T11:09:45.470554Z,2026-09-19T14:01:06.545048Z,sauce-names-1,sauce-match-1,rule:sauce-structured-1,shopify,1,2_longtail,,False,0,,single_source:shopify,0,,,v1
sauce:mama-julies|habanero-peach-salsa,mama-julies,mama julies,habanero-peach-salsa,Habanero Peach Salsa,,,,,unknown,https://puckerbuttpeppercompany.com/products/mama-julies-habanero-peach-salsa,9.00,USD,https://puckerbuttpeppercompany.com/products/mama-julies-habanero-peach-salsa,False,puckerbuttpeppercompany.com,2026-09-19T11:09:45.470554Z,2026-09-19T14:01:06.545048Z,sauce-names-1,sauce-match-1,rule:sauce-structured-1,shopify,1,2_longtail,,True,1,sauce:ousley-ouch|habanero-peach-salsa,single_source:shopify,0,,,v1
sauce:sauceleopard|colfax-killer-tropical-habanero,sauceleopard,sauceleopard,colfax-killer-tropical-habanero,The Colfax Killer - Tropical Habanero Sauce,,,,,retail_listing,https://sauceleopard.com/products/the-colfax-killer-tropical-habanero-sauce,10.99,USD,https://sauceleopard.com/products/the-colfax-killer-tropical-habanero-sauce,True,sauceleopard.com,2026-09-19T11:09:45.470554Z,2026-09-19T14:01:06.545048Z,sauce-names-1,sauce-match-1,rule:sauce-structured-1,shopify,1,2_longtail,,False,0,,single_source:shopify,0,,,v1
sauce:sauceleopard|crimson-drip-taco-style,sauceleopard,sauceleopard,crimson-drip-taco-style,The Crimson Drip - Taco-Style Sauce,,,,,retail_listing,https://sauceleopard.com/products/the-crimson-drip-fresno-pepper-sauce,9.99,USD,https://sauceleopard.com/products/the-crimson-drip-fresno-pepper-sauce,True,sauceleopard.com,2026-09-19T11:09:45.470554Z,2026-09-19T14:01:06.545048Z,sauce-names-1,sauce-match-1,rule:sauce-structured-1,shopify,1,2_longtail,,False,0,,single_source:shopify,0,,,v1
sauce:sauceleopard|emerald-slime-serrano-jalapeno,sauceleopard,sauceleopard,emerald-slime-serrano-jalapeno,The Emerald Slime - Serrano Jalapeño Sauce,,,,,retail_listing,https://sauceleopard.com/products/the-emerald-slime-jalapeno-serrano-sauce,9.99,USD,https://sauceleopard.com/products/the-emerald-slime-jalapeno-serrano-sauce,True,sauceleopard.com,2026-09-19T11:09:45.470554Z,2026-09-19T14:01:06.545048Z,sauce-names-1,sauce-match-1,rule:sauce-structured-1,shopify,1,2_longtail,,False,0,,single_source:shopify,0,,,v1
sauce:sauceleopard|seventh-reaper-red-chimichurri,sauceleopard,sauceleopard,seventh-reaper-red-chimichurri,The Seventh Reaper - Red Chimichurri Sauce,,,,,retail_listing,https://sauceleopard.com/products/the-seventh-reaper-red-chimichurri-carolina-reaper-sauce,10.99,USD,https://sauceleopard.com/products/the-seventh-reaper-red-chimichurri-carolina-reaper-sauce,True,sauceleopard.com,2026-09-19T11:09:45.470554Z,2026-09-19T14:01:06.545048Z,sauce-names-1,sauce-match-1,rule:sauce-structured-1,shopify,1,2_longtail,,False,0,,single_source:shopify,0,,,v1
